requestTime,requestId
1567789506859,1DK3PVIQ2
1567789506993,1DK3UFE5G
1567789507080,1DK3P0EUE
1567789507162,1DK3U3FQ2
1567789507254,1DK40LBKB
1567789507353,1DK3V7K65
1567789507453,1DK3UQD75
1567789507553,1DK3URQQ2
1567789507653,1DK3PU21O
1567789507753,1DK3SCU7R
1567789507853,1DK3PC33O
1567789507953,1DK3R65J0
1567789508053,1DK3R9L95
1567789508153,1DK3S9H6J
1567789508253,1DK3T205R
1567789508353,1DK3VHOJM
1567789508453,1DK3TF31S
1567789508553,1DK3U3PRN
1567789508653,1DK3RO9UT
1567789508753,1DK3VMTMF
1567789508853,1DK3RNMPE
1567789508953,1DK3Q3KBE
1567789509053,1DK3RR75O
1567789509153,1DK40VDL8
1567789509254,1DK3UARGD
1567789509353,1DK3SV3PA
1567789509453,1DK3QQREA
1567789509553,1DK3PIC5T
1567789509653,1DK3U6JML
1567789509753,1DK40H9T7
1567789509853,1DK3PJ4VH
1567789509953,1DK3TMGSO
1567789510053,1DK3TJC0I
1567789510153,1DK3T0UA3
1567789510253,1DK3U4TST
1567789510353,1DK3UJTFR
1567789510453,1DK3QFOB2
1567789510553,1DK3QHC4S
1567789510653,1DK3UNBTP
1567789510753,1DK3TS2TC
1567789510853,1DK3VA580
1567789510953,1DK40DD6U
1567789511053,1DK3UAL5S
1567789511153,1DK3SMK3O
1567789511253,1DK3RVHUA
1567789511353,1DK3VOL8N
1567789511453,1DK3RV7A5
1567789511553,1DK3Q72GJ
1567789511653,1DK3QNSNK
1567789511753,1DK40RRFC
1567789511853,1DK40FGBU
1567789511953,1DK404O2M
1567789512053,1DK3VCKPJ
1567789512153,1DK3TUNRM
1567789512253,1DK40H6KF
1567789512354,1DK3RM5RV
1567789512453,1DK3S35C9
1567789512553,1DK3QCTT8
1567789512653,1DK3Q0666
1567789512753,1DK3T9DDA
1567789512853,1DK3TEO4I
1567789512953,1DK3TL75T
1567789513053,1DK3UC8AI
1567789513153,1DK3QS3KU
1567789513253,1DK3SSI56
1567789513353,1DK3S43Q2
1567789513453,1DK41BGBO
1567789513553,1DK3V508M
1567789513653,1DK41UI9E
1567789513753,1DK3U2E5M
1567789513853,1DK40T6CN
1567789513953,1DK3SP08G
1567789514053,1DK3OOTFU
1567789514153,1DK3Q989M
1567789514253,1DK3T23DH
1567789514353,1DK3PPBAQ
1567789514453,1DK3UKEH3
1567789514553,1DK3T1CCQ
1567789514654,1DK3RTM8I
1567789514753,1DK3UDB35
1567789514853,1DK3U0019
1567789514953,1DK3SGQE7
1567789515053,1DK3R9RLC
1567789515153,1DK3OOLQ2
1567789515253,1DK3V91OH
1567789515353,1DK3R34US
1567789515453,1DK3RK3A0
1567789515553,1DK3V4E98
1567789515653,1DK3Q3BEQ
1567789515753,1DK4128EB
1567789515853,1DK3R4G1G
1567789515953,1DK3PAR2J
1567789516053,1DK3OQAMB
1567789516153,1DK3T7R61
1567789516253,1DK3SVJU5
1567789516353,1DK3UINMR
1567789516453,1DK3VUH8L
1567789516553,1DK3S99FS
1567789516653,1DK3QUH0Q
1567789516753,1DK41OJGL
1567789516853,1DK3SL50S
1567789516953,1DK3TODPN
1567789517053,1DK3SIH5L
1567789517153,1DK3TV4J5
1567789517253,1DK3VVD23
1567789517353,1DK3V36RQ
1567789517453,1DK3VUID9
1567789517553,1DK41NPLT
1567789517653,1DK419RCV
1567789517755,1DK3UCU13
1567789517853,1DK3OTFQI
1567789517953,1DK3SK412
1567789518053,1DK410RTB
1567789518153,1DK3PJCSA
1567789518253,1DK3UOMOG
1567789518353,1DK3QI006
1567789518453,1DK3Q56A1
1567789518553,1DK3TJRQT
1567789518653,1DK3UUNEK
1567789518753,1DK3TIHNO
1567789518853,1DK3TMT6V
1567789518954,1DK3S3J1I
1567789519053,1DK410R97
1567789519153,1DK3Q905G
1567789519253,1DK3V279K
1567789519353,1DK3URJ3R
1567789519453,1DK3VKHRE
1567789519553,1DK3S13SD
1567789519653,1DK3T5P45
1567789519753,1DK41MM5T
1567789519853,1DK3SL0HC
1567789519953,1DK3TSHI9
1567789520053,1DK41ILET
1567789520153,1DK40M246
1567789520253,1DK3S4N40
1567789520353,1DK3QFJ0H
1567789520456,1DK40TCOV
1567789520553,1DK3VGJG7
1567789520653,1DK3RRT1G
1567789520753,1DK3T9718
1567789520853,1DK3SI79S
1567789520953,1DK41RNB5
1567789521053,1DK41IGA0
1567789521153,1DK3QO0JJ
1567789521253,1DK3T612S
1567789521353,1DK410BTK
1567789521453,1DK3S34Q8
1567789521553,1DK3P0U4V
1567789521653,1DK3V2TTF
1567789521768,1DK40AOIU
1567789521853,1DK3V4KFI
1567789521953,1DK41BFHS
1567789522053,1DK3P3KDC
1567789522153,1DK3Q0220
1567789522253,1DK3REO8M
1567789522353,1DK3RJVT6
1567789522453,1DK3S9VNC
1567789522553,1DK3UC40E
1567789522653,1DK3VIC5J
1567789522753,1DK41KAB8
1567789522853,1DK3QT12G
1567789522955,1DK3P5IFI
1567789523053,1DK415295
1567789523153,1DK423JTL
1567789523253,1DK3PAHQO
1567789523353,1DK3Q5NNH
1567789523453,1DK41CGBM
1567789523553,1DK3UTA1M
1567789523653,1DK3RH1HG
1567789523753,1DK3VH6Q0
1567789523853,1DK3PGR2G
1567789523953,1DK3RODO2
1567789524054,1DK3S0IB4
1567789524153,1DK3R2STN
1567789524253,1DK408U29
1567789524353,1DK3V3IT0
1567789524453,1DK3RRRD6
1567789524553,1DK3RRPA6
1567789524653,1DK3TDCQG
1567789524753,1DK3SGFJG
1567789524853,1DK3SKN3O
1567789524953,1DK422KJO
1567789525053,1DK3ROPDK
1567789525153,1DK4134PS
1567789525253,1DK3T5PKO
1567789525353,1DK3STKQU
1567789525453,1DK3R180H
1567789525553,1DK3QUGR2
1567789525653,1DK41UOHC
1567789525753,1DK3S7VQH
1567789525853,1DK3TQIV0
1567789525953,1DK3S3BKF
1567789526053,1DK3RTSBO
1567789526153,1DK4086SL
1567789526253,1DK411LCP
1567789526353,1DK3UBPEQ
1567789526453,1DK3SNKO0
1567789526553,1DK3QPT8N
1567789526653,1DK3V8E6D
1567789526753,1DK3RE7DR
1567789526853,1DK3S3MU2
1567789526953,1DK3USRE7
1567789527053,1DK3R1L9B
1567789527153,1DK422I5H
1567789527253,1DK3URKS6
1567789527353,1DK3RE1PR
1567789527453,1DK3RE7NF
1567789527553,1DK3Q5IV8
1567789527653,1DK41V61U
1567789527753,1DK40720U
1567789527853,1DK3TDF8F
1567789527953,1DK41GNQJ
1567789528053,1DK41AJQC
1567789528153,1DK3P97VH
1567789528253,1DK41IF1E
1567789528353,1DK3QG0KQ
1567789528453,1DK3PG3BA
1567789528553,1DK417T91
1567789528653,1DK3UP70T
1567789528753,1DK4064A0
1567789528853,1DK40TU7H
1567789528953,1DK3S3T56
1567789529053,1DK3SU8JS
1567789529153,1DK3R78L0
1567789529253,1DK3VGR72
1567789529353,1DK3SGN97
1567789529453,1DK3VVJLN
1567789529553,1DK40Q25S
1567789529653,1DK3VD4JH
1567789529753,1DK3VBNBJ
1567789529853,1DK3VJHKK
1567789529953,1DK3VQTER
1567789530053,1DK415ALS
1567789530153,1DK3SP84Q
1567789530253,1DK3VQ7I4
1567789530353,1DK3QQBD8
1567789530453,1DK3VLSLR
1567789530553,1DK3RMNSV
1567789530653,1DK3V4ACA
1567789530753,1DK3OT4N1
1567789530853,1DK3PNJ9U
1567789530954,1DK3R0AUS
1567789531053,1DK3VBRH3
1567789531153,1DK3VDTIS
1567789531253,1DK3S56PM
1567789531353,1DK3VD9FQ
1567789531453,1DK420FD3
1567789531553,1DK3UFGPI
1567789531653,1DK3RG1IB
1567789531753,1DK3PUTUK
1567789531853,1DK3QI54O
1567789531953,1DK3QPB3G
1567789532053,1DK3QC99P
1567789532153,1DK3P1QQL
1567789532255,1DK3TAPL0
1567789532353,1DK40T2CB
1567789532453,1DK41DLG4
1567789532553,1DK3UCD21
1567789532653,1DK3QUFRH
1567789532753,1DK3TKCIB
1567789532853,1DK3UAPAC
1567789532955,1DK3SR08A
1567789533053,1DK3R93L9
1567789533153,1DK3THNHI
1567789533253,1DK3SNMG4
1567789533353,1DK3T0P06
1567789533453,1DK3V2N0S
1567789533553,1DK3VIQC5
1567789533653,1DK41M39I
1567789533753,1DK3PJ90V
1567789533853,1DK413B4A
1567789533953,1DK3PO2UP
1567789534053,1DK3U6F35
1567789534153,1DK41KCQH
1567789534253,1DK3QPAAV
1567789534353,1DK3TVSLB
1567789534453,1DK3S8SG3
1567789534553,1DK40APF4
1567789534653,1DK408V2F
1567789534753,1DK3QBOJ2
1567789534853,1DK3S8PU3
1567789534953,1DK3VQ507
1567789535054,1DK422TFC
1567789535153,1DK41NT5E
1567789535253,1DK3U8Q97
1567789535353,1DK3UAPM7
1567789535453,1DK3OUK2C
1567789535553,1DK3RASVU
1567789535653,1DK3UMM4M
1567789535753,1DK3R3FQO
1567789535853,1DK41RPGO
1567789535953,1DK3PTR9L
1567789536053,1DK3VCM07
1567789536153,1DK3Q2OJC
1567789536253,1DK3TTFIR
1567789536353,1DK408DQ8
1567789536453,1DK40LDFS
1567789536553,1DK3VNNDO
1567789536653,1DK3QNL1Q
1567789536753,1DK3SGQU7
1567789536853,1DK3Q0Q04
1567789536953,1DK3UA0MT
1567789537053,1DK3UNATT
1567789537153,1DK3TOK8P
1567789537253,1DK402BE8
1567789537353,1DK3PLLN4
1567789537453,1DK3UJG5H
1567789537553,1DK3THJH0
1567789537654,1DK3TSQHU
1567789537753,1DK3RBNLR
1567789537853,1DK3Q924M
1567789537953,1DK3R2JEK
1567789538053,1DK41HBH1
1567789538153,1DK3P5DE6
1567789538253,1DK3U13TF
1567789538353,1DK3SD8DA
1567789538453,1DK3OTE15
1567789538553,1DK3PKD9R
1567789538653,1DK3S8PKV
1567789538753,1DK3POQI7
1567789538853,1DK41JRGE
1567789538953,1DK3TT4II
1567789539053,1DK3TGKTI
1567789539153,1DK3P1PQ3
1567789539253,1DK40A7F0
1567789539353,1DK3VMOC3
1567789539453,1DK40TQ36
1567789539553,1DK3OSL99
1567789539653,1DK40AQ5F
1567789539754,1DK40J9CK
1567789539853,1DK3TQCMP
1567789539953,1DK3P476J
1567789540053,1DK3OR8QH
1567789540153,1DK3V7KR8
1567789540253,1DK3PUFUT
1567789540353,1DK3V4HEK
1567789540453,1DK3U5PNR
1567789540553,1DK41NOL4
1567789540653,1DK3RQHSV
1567789540755,1DK420S1H
1567789540853,1DK3ONDIG
1567789540953,1DK3VH0JD
1567789541053,1DK3QV77C
1567789541153,1DK3R5K3F
1567789541253,1DK3VNG0L
1567789541353,1DK40VRL6
1567789541453,1DK3SRJ3B
1567789541553,1DK3SBBKU
1567789541653,1DK3Q6VH6
1567789541755,1DK3TF3K8
1567789541853,1DK408UVG
1567789541953,1DK3R55CL
1567789542053,1DK3THFMI
1567789542153,1DK3U6M5U
1567789542253,1DK3TKS0J
1567789542353,1DK3P05L4
1567789542453,1DK41NTU4
1567789542553,1DK3Q3F37
1567789542653,1DK3R6GTR
1567789542753,1DK3VKQGS
1567789542853,1DK3TE571
1567789542953,1DK3QDEO9
1567789543053,1DK3PSPJ2
1567789543153,1DK3SNH0H
1567789543253,1DK3PO7PD
1567789543353,1DK4243IA
1567789543453,1DK3V30Q3
1567789543553,1DK3RQ8PD
1567789543653,1DK40ALQE
1567789543753,1DK3RGJON
1567789543853,1DK3T87PG
1567789543953,1DK3S1J9G
1567789544053,1DK41B2HM
1567789544153,1DK3S9L05
1567789544253,1DK3SR7L1
1567789544353,1DK3T94I7
1567789544453,1DK3VCRH2
1567789544553,1DK41C7RA
1567789544653,1DK3SJQF4
1567789544753,1DK3TIK75
1567789544853,1DK408RS2
1567789544953,1DK3OSN4A
1567789545053,1DK41VOAM
1567789545153,1DK4216I9
1567789545253,1DK410DAG
1567789545353,1DK3Q5LA7
1567789545453,1DK4053D5
1567789545553,1DK3RU77L
1567789545653,1DK3UFQ28
1567789545753,1DK41I7ED
1567789545853,1DK3QF0UD
1567789545953,1DK3PNGVD
1567789546053,1DK3QJUFL
1567789546153,1DK40RFGO
1567789546253,1DK3TLFR5
1567789546353,1DK3SPC0V
1567789546453,1DK3VFKQE
1567789546553,1DK3VH9RD
1567789546653,1DK3SJ11O
1567789546753,1DK3UCECM
1567789546853,1DK3S5DQO
1567789546953,1DK3SLHLV
1567789547053,1DK407AKM
1567789547153,1DK3UG7NM
1567789547253,1DK3PSEGD
1567789547353,1DK3V32LM
1567789547453,1DK3QLGCV
1567789547553,1DK3S3R8C
1567789547653,1DK3VI5HE
1567789547754,1DK3RSPM3
1567789547853,1DK3P0C2N
1567789547953,1DK3TPMSG
1567789548053,1DK3U93M1
1567789548153,1DK3SMIHH
1567789548253,1DK3UM8A5
1567789548353,1DK3RF292
1567789548453,1DK3T14KG
1567789548553,1DK3U1VHB
1567789548653,1DK3S748B
1567789548753,1DK3UQ0B8
1567789548853,1DK3T0T6G
1567789548953,1DK3PJJC4
1567789549053,1DK41IJ6N
1567789549153,1DK3R16R0
1567789549253,1DK3TO07L
1567789549353,1DK41JB1P
1567789549453,1DK419RHT
1567789549553,1DK3RHRHC
1567789549653,1DK3V5C86
1567789549753,1DK3SE6PQ
1567789549853,1DK3OR4PV
1567789549953,1DK3TMKAC
1567789550053,1DK3QPT64
1567789550154,1DK3S2031
1567789550253,1DK3QJ18U
1567789550353,1DK3TPP6V
1567789550453,1DK3PLFTH
1567789550553,1DK3VND96
1567789550653,1DK3UO3PB
1567789550753,1DK3VB8MA
1567789550853,1DK3Q66HC
1567789550953,1DK3UV8AU
1567789551053,1DK3PDK9O
1567789551153,1DK3U251P
1567789551253,1DK3UFQN9
1567789551353,1DK3QTSV5
1567789551453,1DK3PRV6V
1567789551553,1DK3RUK2R
1567789551654,1DK3T89RT
1567789551753,1DK414EL8
1567789551853,1DK3VG3M9
1567789551953,1DK3UIK45
1567789552053,1DK4254C6
1567789552153,1DK3TOHUF
1567789552253,1DK3RB5T4
1567789552353,1DK3U14IM
1567789552453,1DK41712B
1567789552553,1DK3QLVFA
1567789552653,1DK3SFA4G
1567789552753,1DK3U5HLU
1567789552853,1DK3S3QQV
1567789552953,1DK3TJCGK
1567789553053,1DK3TA3GQ
1567789553153,1DK3PGJ9S
1567789553253,1DK3Q13S2
1567789553353,1DK3U790U
1567789553453,1DK3VQTNS
1567789553553,1DK3TL861
1567789553653,1DK40NU98
1567789553753,1DK3Q94BA
1567789553853,1DK41O7B5
1567789553953,1DK3R5CU4
1567789554053,1DK3RFJ89
1567789554153,1DK3VI8PK
1567789554253,1DK3SFR22
1567789554353,1DK41SUB7
1567789554453,1DK3V53GH
1567789554553,1DK3VL5R1
1567789554653,1DK3UJOP1
1567789554753,1DK417S0I
1567789554853,1DK423361
1567789554953,1DK3UQ01R
1567789555053,1DK3U05VH
1567789555153,1DK3T1NBQ
1567789555254,1DK3V51TQ
1567789555353,1DK3QNUR2
1567789555453,1DK3VIJ1Q
1567789555554,1DK40KVQ6
1567789555653,1DK3PT4SK
1567789555754,1DK3SO43D
1567789555853,1DK3SCP2O
1567789555953,1DK41FSV5
1567789556053,1DK4151BL
1567789556153,1DK3TEDL3
1567789556253,1DK402P1B
1567789556353,1DK3QT9BM
1567789556453,1DK412I8V
1567789556553,1DK40TNE9
1567789556653,1DK3V553Q
1567789556753,1DK3S7NOJ
1567789556853,1DK3V81N0
1567789556953,1DK3TV8NT
1567789557055,1DK3T7QMN
1567789557153,1DK3P3N1L
1567789557253,1DK3PUMEH
1567789557353,1DK3VMK2I
1567789557453,1DK3TKAU3
1567789557553,1DK41I7H7
1567789557653,1DK40N0GQ
1567789557753,1DK3PLPSG
1567789557853,1DK3UQBCU
1567789557953,1DK3OLEES
1567789558053,1DK3R91BC
1567789558153,1DK3UHCBS
1567789558253,1DK3OMBRK
1567789558353,1DK3P2BIP
1567789558453,1DK3V84E1
1567789558553,1DK3PC04I
1567789558653,1DK408M10
1567789558753,1DK3OPCQV
1567789558853,1DK3T95MR
1567789558953,1DK3TOHVM
1567789559053,1DK3QDOUD
1567789559153,1DK3UVIOL
1567789559253,1DK3RTRSI
1567789559353,1DK3RLPU9
1567789559453,1DK40C312
1567789559553,1DK41MAAE
1567789559653,1DK3QNEQ9
1567789559753,1DK403Q2K
1567789559853,1DK3TNTN3
1567789559953,1DK3OR15L
1567789560053,1DK3OS5UL
1567789560153,1DK3V2CUF
1567789560253,1DK3UAGHM
1567789560353,1DK3PFFNF
1567789560453,1DK3QV7EU
1567789560553,1DK3U1611
1567789560653,1DK3UD69R
1567789560753,1DK41CQ8S
1567789560853,1DK3URU09
1567789560953,1DK3RAMES
1567789561053,1DK416L14
1567789561153,1DK3OOVA4
1567789561253,1DK3PEILM
1567789561353,1DK3RSN1L
1567789561453,1DK3TP9M7
1567789561553,1DK3TP65N
1567789561653,1DK3VTH2P
1567789561753,1DK3SR7FT
1567789561853,1DK3P9U50
1567789561953,1DK4016MD
1567789562053,1DK3PSAJL
1567789562153,1DK406P89
1567789562253,1DK40I6EI
1567789562353,1DK3SAHV5
1567789562453,1DK3SUSH3
1567789562553,1DK3UPB6Q
1567789562653,1DK3SN1QB
1567789562753,1DK411O27
1567789562853,1DK3RONT7
1567789562953,1DK3VE4M9
1567789563053,1DK3PITPG
1567789563153,1DK41N81L
1567789563253,1DK416IPF
1567789563353,1DK3V7VTT
1567789563455,1DK3U2OO8
1567789563553,1DK3UCEH7
1567789563653,1DK409P1N
1567789563753,1DK3P7RQ2
1567789563853,1DK3UR8GB
1567789563953,1DK40K8CR
1567789564056,1DK3ORQJV
1567789564153,1DK3RRSQ5
1567789564253,1DK40D7D5
1567789564353,1DK425L8I
1567789564453,1DK3VVSVA
1567789564553,1DK41P2FN
1567789564653,1DK3V698E
1567789564753,1DK3T8MAM
1567789564853,1DK3P7FJB
1567789564953,1DK3Q3G6U
1567789565053,1DK3PGH69
1567789565153,1DK424NNQ
1567789565253,1DK3UOQ78
1567789565353,1DK3P8UDV
1567789565453,1DK4047PI
1567789565553,1DK3PT2TM
1567789565653,1DK3Q3PUN
1567789565753,1DK4216JF
1567789565853,1DK41GVC6
1567789565953,1DK3SOR3U
1567789566053,1DK3TLM10
1567789566153,1DK3UASNG
1567789566253,1DK3RTPA6
1567789566353,1DK3SQT3K
1567789566453,1DK3R2B8E
1567789566553,1DK41GDF4
1567789566653,1DK3QEI9E
1567789566754,1DK41OUM3
1567789566822,1DK3S9GE3
1567789566955,1DK3PT7E6
1567789567222,1DK423ARU
1567789567289,1DK3Q9FPD
1567789567355,1DK3QEJRM
1567789567622,1DK40PD4A
1567789567690,1DK40BRVH
1567789567822,1DK3VEEQV
1567789567888,1DK3UD21K
1567789567956,1DK3TE6EI
1567789568025,1DK3UV5D7
1567789568089,1DK421P55
1567789568157,1DK3RQHIE
1567789568224,1DK3U9EGB
1567789568288,1DK3UFS7T
1567789568422,1DK41OG5G
1567789568488,1DK41E1VL
1567789568622,1DK3U341O
1567789568689,1DK40HM4P
1567789568823,1DK3T8185
1567789569023,1DK3P4CIB
1567789569088,1DK3TB5D7
1567789569156,1DK3RRPS1
1567789569224,1DK3RJ9T2
1567789569290,1DK3POI28
1567789569422,1DK3VEKMD
1567789569490,1DK40814B
1567789569555,1DK3V4ACN
1567789569688,1DK3TLHC2
1567789569756,1DK41KSVC
1567789569888,1DK3SOFDJ
1567789569958,1DK3QQ08P
1567789570022,1DK3RMGM5
1567789570088,1DK404943
1567789570158,1DK3TIOUL
1567789570288,1DK3SJ36O
1567789570355,1DK41TBJE
1567789570427,1DK3OKP47
1567789570488,1DK41BCAU
1567789570556,1DK3SFMQN
1567789570623,1DK3PD6IH
1567789570755,1DK3T95JK
1567789570822,1DK3SL178
1567789570888,1DK3PKM33
1567789570955,1DK3V4NM3
1567789571023,1DK3OVTTQ
1567789571088,1DK3VVHIV
1567789571155,1DK3UIINM
1567789571289,1DK41903P
1567789571357,1DK3VDLDV
1567789571422,1DK3UI883
1567789571491,1DK3OTEM0
1567789571555,1DK3V846K
1567789571622,1DK3U22UM
1567789571688,1DK3T8C5P
1567789571822,1DK3P8CQM
1567789571888,1DK3QL6TV
1567789571955,1DK41A4O4
1567789572022,1DK3UMSDP
1567789572088,1DK41GG1V
1567789572288,1DK40CMVF
1567789572422,1DK3P5BFN
1567789572488,1DK3R2ARE
1567789572555,1DK3TDMQU
1567789572688,1DK3UA2RF
1567789572822,1DK40OM0T
1567789573022,1DK41J5H4
1567789573092,1DK3QFFF9
1567789573222,1DK3PNDU1
1567789573289,1DK3OTDHD
1567789573356,1DK41LIR5
1567789573424,1DK40QNTI
1567789573488,1DK3SDGGU
1567789573688,1DK3SJQKQ
1567789573755,1DK3OUTMB
1567789573888,1DK40UH0O
1567789573955,1DK3U9AMG
1567789574022,1DK3U1SJ1
1567789574155,1DK3SVQDL
1567789574223,1DK3QR1I0
1567789574357,1DK3P47LA
1567789574424,1DK3UB376
1567789574488,1DK3Q970S
1567789574555,1DK3S64AI
1567789574622,1DK404ASR
1567789574888,1DK3P8KVA
1567789574955,1DK3TJ4E9
1567789575022,1DK40JUAL
1567789575155,1DK40LA2L
1567789575355,1DK3TV4OH
1567789575488,1DK3TH45L
1567789575555,1DK40TIM0
1567789575690,1DK41BFGH
1567789575822,1DK3T1I9Q
1567789575888,1DK3V2AH1
1567789575955,1DK3QIUO7
1567789576088,1DK3V47G2
1567789576155,1DK40L9HD
1567789576288,1DK3S6V1O
1567789576423,1DK40TE9H
1567789576488,1DK425NKM
1567789576555,1DK413ATB
1567789576622,1DK4226RU
1567789576688,1DK3PGL1C
1567789576755,1DK3UI6M0
1567789576823,1DK3SLPS4
1567789576955,1DK3UU5JK
1567789577093,1DK3T9APE
1567789577155,1DK41TNAK
1567789577355,1DK3VNBSI
1567789577422,1DK40EJE3
1567789577622,1DK3REQ4L
1567789577689,1DK41ESVR
1567789577823,1DK3PBGV0
1567789577888,1DK3Q4BTT
1567789577955,1DK3OV8UK
1567789578088,1DK3SE5I5
1567789578288,1DK3U2183
1567789578423,1DK3U48CJ
1567789578490,1DK41JG7T
1567789578555,1DK3QJ0SB
1567789578626,1DK412N1Q
1567789578688,1DK40T8LP
1567789578755,1DK3ON0SH
1567789578823,1DK3PKHM3
1567789578955,1DK3V651M
1567789579022,1DK40GDQ6
1567789579155,1DK3PB1QA
1567789579223,1DK41HRTA
1567789579288,1DK3P6NKL
1567789579355,1DK3UU4BV
1567789579422,1DK3T367T
1567789579488,1DK3QIGGS
1567789579562,1DK3TE1A5
1567789579622,1DK3R1HPU
1567789579688,1DK404AV5
1567789579822,1DK3TO0HA
1567789580023,1DK3SPI9U
1567789580088,1DK3SJS4B
1567789580156,1DK40GSGD
1567789580288,1DK3PRFCA
1567789580356,1DK3RHK9G
1567789580488,1DK3S6QS9
1567789580622,1DK3R6F1N
1567789580756,1DK3ORC7T
1567789580822,1DK3V6T5I
1567789580888,1DK3RM09D
1567789581089,1DK3VQA87
1567789581155,1DK3V508H
1567789581289,1DK3QLQOR
1567789581422,1DK3QKPSP
1567789581488,1DK3QQ4RK
1567789581556,1DK3P455L
1567789581622,1DK3QD1I4
1567789581755,1DK3VS804
1567789581822,1DK416V69
1567789581889,1DK3Q1RMM
1567789581956,1DK3P618B
1567789582024,1DK3UMO6L
1567789582088,1DK41BC27
1567789582155,1DK415A4S
1567789582222,1DK3RKRH4
1567789582288,1DK3VDG4F
1567789582355,1DK3PJ9P4
1567789582423,1DK3TPTPM
1567789582488,1DK3ONP25
1567789582558,1DK402BTJ
1567789582688,1DK3P3UMB
1567789582755,1DK3Q2USJ
1567789582888,1DK3V1JD0
1567789582955,1DK3OLRS0
1567789583022,1DK41JGEA
1567789583089,1DK3SF6EV
1567789583288,1DK4109N7
1567789583355,1DK404N0V
1567789583422,1DK41OPG3
1567789583489,1DK3VDU10
1567789583564,1DK3QUC57
1567789583688,1DK41RB2U
1567789583822,1DK3OUOFC
1567789583888,1DK413TV6
1567789583956,1DK3STIV6
1567789584022,1DK3V1TPH
1567789584088,1DK3TMHJV
1567789584155,1DK3RFR42
1567789584222,1DK3RBD5D
1567789584288,1DK3R6D91
1567789584356,1DK3SPE0D
1567789584422,1DK3RIS9K
1567789584555,1DK3RCMQU
1567789584624,1DK3UA5H2
1567789584688,1DK3TS9TS
1567789584755,1DK3VOTIH
1567789584824,1DK3QU8P7
1567789584955,1DK40FSKV
1567789585155,1DK3SVR2Q
1567789585288,1DK3SMD9B
1567789585355,1DK41OST4
1567789585555,1DK3TGT19
1567789585622,1DK3R6LBE
1567789585689,1DK416JEE
1567789585755,1DK3SOKE3
1567789585823,1DK3R0ISV
1567789585960,1DK41M1QI
1567789586021,1DK40U3B7
1567789586088,1DK3PF11T
1567789586156,1DK3Q9NBD
1567789586222,1DK3SP1KT
1567789586289,1DK3OLFL5
1567789586355,1DK3S0NH9
1567789586422,1DK411BOL
1567789586489,1DK3R61UA
1567789586555,1DK3T5315
1567789586688,1DK3ORDEH
1567789586756,1DK3UH4Q5
1567789586828,1DK3V9M90
1567789586888,1DK41JDUN
1567789587022,1DK41RKK7
1567789587090,1DK3P37SR
1567789587155,1DK3VI4P8
1567789587222,1DK3QPFGF
1567789587288,1DK3QA99D
1567789587355,1DK3VET59
1567789587422,1DK3PB513
1567789587488,1DK3RCFFL
1567789587688,1DK40LLE7
1567789587822,1DK3QQII4
1567789587888,1DK3SDBLN
1567789587955,1DK404HEG
1567789588088,1DK408I91
1567789588355,1DK3Q60TI
1567789588424,1DK41GLPG
1567789588555,1DK3SRPB9
1567789588623,1DK3V003O
1567789588755,1DK3Q75U6
1567789588888,1DK3P9VV2
1567789588955,1DK3RPUM0
1567789589026,1DK3U7KQ9
1567789589088,1DK3PHFOA
1567789589156,1DK3TI7QN
1567789589224,1DK3PUV7C
1567789589355,1DK3QP77R
1567789589422,1DK3QBCK6
1567789589488,1DK3OQVCR
1567789589555,1DK3VLHP6
1567789589622,1DK41Q428
1567789589689,1DK3VKHDR
1567789589755,1DK3P6LDB
1567789589888,1DK3PC42O
1567789589955,1DK41F1C2
1567789590022,1DK3R4TSS
1567789590088,1DK412EJV
1567789590155,1DK3PKIGC
1567789590288,1DK3RDNE3
1567789590422,1DK3U9BFN
1567789590556,1DK41BT70
1567789590624,1DK3VORFG
1567789590822,1DK422SLQ
1567789590889,1DK40UOH6
1567789590955,1DK3RKKMQ
1567789591022,1DK3P0B1K
1567789591088,1DK3R4HMD
1567789591222,1DK3RL0CN
1567789591288,1DK3TL4E7
1567789591424,1DK3PKDCS
1567789591488,1DK41MSLS
1567789591555,1DK40SP3G
1567789591757,1DK403QH5
1567789591822,1DK3PP3EB
1567789591889,1DK3US4GJ
1567789591957,1DK3R7AV4
1567789592022,1DK3VNEEA
1567789592088,1DK3U3VD0
1567789592157,1DK3VQ36D
1567789592222,1DK3RC5DN
1567789592355,1DK3RIT8J
1567789592423,1DK3P364R
1567789592488,1DK3RLF14
1567789592622,1DK3PLSOM
1567789592688,1DK3P2V4N
1567789592822,1DK3Q9T1Q
1567789592890,1DK3PBPUG
1567789592957,1DK3RJH6L
1567789593021,1DK41GHAP
1567789593088,1DK3TTFDN
1567789593156,1DK3Q0SGV
1567789593222,1DK3VQ8TB
1567789593288,1DK3RSSOP
1567789593355,1DK3RQUMT
1567789593495,1DK4183LL
1567789593558,1DK3RMK5N
1567789593688,1DK3P6C4Q
1567789593755,1DK3R80G3
1567789593822,1DK3S2DF0
1567789593888,1DK413QHT
1567789593955,1DK3QUV42
1567789594022,1DK3QESKM
1567789594088,1DK3V3UEI
1567789594222,1DK3PKTUT
1567789594288,1DK3QHL3K
1567789594355,1DK418RCR
1567789594422,1DK3VB3SJ
1567789594488,1DK4062FF
1567789594555,1DK3U9B0H
1567789594622,1DK3UVU7U
1567789594688,1DK3P8U6A
1567789594823,1DK3UELEK
1567789594888,1DK3RNHR7
1567789594963,1DK3S0VR7
1567789595023,1DK3SG3R9
1567789595089,1DK3RVH7T
1567789595155,1DK3S85G4
1567789595222,1DK3PVKCB
1567789595556,1DK408G3L
1567789595623,1DK40L4Q1
1567789595688,1DK3TJQ70
1567789595755,1DK3PH80G
1567789595822,1DK3TLJGL
1567789596022,1DK3U2HAM
1567789596089,1DK3Q4N1R
1567789596155,1DK3QC5VD
1567789596222,1DK3QOUD4
1567789596289,1DK3PR25A
1567789596422,1DK3UMISC
1567789596490,1DK421L1L
1567789596555,1DK3OQI70
1567789596689,1DK3R2K1J
1567789596756,1DK3QHH7C
1567789596822,1DK3RFVCM
1567789596889,1DK3T4I3V
1567789596957,1DK3VVTL3
1567789597022,1DK3PENRT
1567789597156,1DK3ULPAR
1567789597222,1DK408CKT
1567789597289,1DK3S5714
1567789597355,1DK3T7T5B
1567789597488,1DK41CEUI
1567789597555,1DK3PQ1C4
1567789597622,1DK3R1SSU
1567789597688,1DK411O6R
1567789597755,1DK3TPQIB
1567789597822,1DK3QVIKQ
1567789597889,1DK40PU94
1567789598022,1DK414BJ0
1567789598088,1DK40B6DC
1567789598155,1DK3VFSI8
1567789598222,1DK41Q9QS
1567789598288,1DK415AA3
1567789598355,1DK3S7FQE
1567789598423,1DK3UMF57
1567789598555,1DK3UOI69
1567789598623,1DK3P03SK
1567789598688,1DK3PPE2I
1567789598755,1DK3PMFO5
1567789598827,1DK3Q5OFO
1567789598888,1DK3TUA93
1567789598956,1DK3V3DUV
1567789599089,1DK405MK1
1567789599156,1DK3SB7HA
1567789599222,1DK3V628B
1567789599288,1DK3RL1S7
1567789599355,1DK3TNDFA
1567789599488,1DK3S8UE0
1567789599623,1DK3TJAL1
1567789599755,1DK3SIUPO
1567789599888,1DK3SF8N5
1567789599957,1DK3P8ULF
1567789600023,1DK3Q4P4O
1567789600090,1DK3SCV57
1567789600156,1DK3R4EMT
1567789600288,1DK3TPA7C
1567789600356,1DK3P23MC
1567789600422,1DK3U8BRN
1567789600489,1DK3QO582
1567789600557,1DK418D2C
1567789600622,1DK3P5UM4
1567789600688,1DK41NUJC
1567789600755,1DK3RUKGE
1567789600822,1DK3V9BN2
1567789600889,1DK3OVINU
1567789600955,1DK3UP3RF
1567789601022,1DK3P7G0D
1567789601088,1DK3UH377
1567789601155,1DK3ROSJI
1567789601223,1DK3UH86K
1567789601294,1DK3VUSP6
1567789601355,1DK3R7S42
1567789601423,1DK3TQAV4
1567789601488,1DK3TP4QA
1567789601556,1DK3SQ4V2
1567789601622,1DK3U66NQ
1567789601688,1DK3UIRPE
1567789601756,1DK3TTV7Q
1567789601822,1DK3TFGI4
1567789601888,1DK3RHLFC
1567789601956,1DK3R82GT
1567789602022,1DK3RI8O3
1567789602091,1DK419F01
1567789602155,1DK3VKJO5
1567789602224,1DK3Q14ON
1567789602289,1DK3VVCTO
1567789602355,1DK3QKSBN
1567789602422,1DK3TQCQN
1567789602488,1DK3RI0IV
1567789602555,1DK3VD32D
1567789602622,1DK3QA181
1567789602822,1DK3UUM46
1567789602889,1DK3POPOV
1567789603022,1DK3PNMTM
1567789603088,1DK3SBMF5
1567789603156,1DK3UK9JN
1567789603288,1DK41VGBU
1567789603355,1DK3SE4T4
1567789603421,1DK3U0QAI
1567789603488,1DK3QK903
1567789603555,1DK415K3S
1567789603622,1DK3VNTR7
1567789603690,1DK3S0I3N
1567789603822,1DK3U7TIF
1567789603888,1DK3T4032
1567789603955,1DK40MRN7
1567789604088,1DK3V5RH3
1567789604222,1DK3RNGLN
1567789604288,1DK3PM5D7
1567789604355,1DK425C2F
1567789604422,1DK3P7SQ5
1567789604488,1DK40P7DI
1567789604556,1DK3REURJ
1567789604624,1DK41RLT6
1567789604688,1DK3R6BIH
1567789604755,1DK4233I7
1567789604822,1DK3UI28K
1567789604889,1DK3R6A7N
1567789604956,1DK3V26RB
1567789605022,1DK3VKF30
1567789605088,1DK3V1OFU
1567789605157,1DK3U1IEM
1567789605222,1DK3PF48C
1567789605288,1DK3QOSN6
1567789605355,1DK3VO39I
1567789605422,1DK3UNK0U
1567789605488,1DK3U9KBC
1567789605555,1DK3QKEQV
1567789605622,1DK3TQCL1
1567789605758,1DK40D2T9
1567789605827,1DK40MO5M
1567789605889,1DK41T2TP
1567789605955,1DK3UOA4M
1567789606023,1DK41MU5D
1567789606088,1DK3QJNHF
1567789606155,1DK41FEMM
1567789606222,1DK3R2KEN
1567789606288,1DK3SFHNA
1567789606357,1DK3PC2RN
1567789606423,1DK3RQ2C6
1567789606488,1DK3SUJEJ
1567789606556,1DK41UU59
1567789606822,1DK3T0T9P
1567789606888,1DK3QNQQE
1567789606955,1DK3OTM9M
1567789607022,1DK3U9KN0
1567789607089,1DK3PTBIJ
1567789607156,1DK3P0A0C
1567789607223,1DK3REDMS
1567789607288,1DK3QA0C0
1567789607355,1DK3RUFQO
1567789607423,1DK3QS6UV
1567789607489,1DK3U70LD
1567789607556,1DK3VVK98
1567789607622,1DK3QAGAS
1567789607689,1DK3U8SRK
1567789607756,1DK3TLVHU
1567789607826,1DK3SA57D
1567789607957,1DK3QG9U8
1567789608022,1DK3VK86B
1567789608092,1DK41OMIF
1567789608155,1DK3UR82S
1567789608222,1DK3V6LQA
1567789608288,1DK40SE55
1567789608355,1DK3QPI57
1567789608422,1DK40TQLU
1567789608488,1DK3V8PFH
1567789608556,1DK421MLS
1567789608624,1DK3OOM1N
1567789608688,1DK41FNDI
1567789608755,1DK3UQQLG
1567789608822,1DK413M92
1567789608888,1DK3Q8MUM
1567789608956,1DK3PG54I
1567789609022,1DK3OPC38
1567789609088,1DK3UI7AL
1567789609156,1DK40PSOJ
1567789609222,1DK3TVTD8
1567789609288,1DK3PE8BI
1567789609355,1DK3RCQ0F
1567789609422,1DK3T6JIB
1567789609489,1DK3SDD3F
1567789609556,1DK3RM33E
1567789609622,1DK3QDMVU
1567789609689,1DK4137DU
1567789609755,1DK411OJV
1567789609822,1DK3U4RDU
1567789609888,1DK3UH6RP
1567789609956,1DK3PP89N
1567789610029,1DK3QUF6B
1567789610088,1DK3Q5OV4
1567789610156,1DK3OQB5B
1567789610222,1DK3R6IBC
1567789610289,1DK3T4Q7A
1567789610356,1DK40DHL9
1567789610423,1DK3PO75B
1567789610489,1DK3RQD5B
1567789610555,1DK3VVL0J
1567789610623,1DK3VU8F7
1567789610692,1DK3T11AD
1567789610755,1DK423FEV
1567789610888,1DK3QUJS1
1567789610958,1DK3R8446
1567789611022,1DK3SKE15
1567789611088,1DK3RL4BJ
1567789611156,1DK41Q9C6
1567789611223,1DK405BET
1567789611288,1DK3PJRID
1567789611355,1DK3V6NOS
1567789611422,1DK408D9T
1567789611488,1DK3UFMVC
1567789611555,1DK3UGS7G
1567789611622,1DK3PMRPO
1567789611688,1DK3SUB5C
1567789611822,1DK3UFV4N
1567789611888,1DK3P2O9A
1567789611957,1DK3UG7Q5
1567789612022,1DK40SGL7
1567789612089,1DK3S4EE4
1567789612155,1DK3Q5AI0
1567789612222,1DK3UMBC0
1567789612288,1DK3PBJ30
1567789612355,1DK3VFQEN
1567789612422,1DK3U5N68
1567789612489,1DK3V1PM6
1567789612555,1DK40EFNC
1567789612622,1DK3VP5TU
1567789612755,1DK3UTGF5
1567789612822,1DK41K4TQ
1567789612890,1DK40TMVQ
1567789612955,1DK3THDD7
1567789613025,1DK3Q9F34
1567789613088,1DK3S9178
1567789613155,1DK3T59RE
1567789613222,1DK3S7IQV
1567789613289,1DK3SMNP5
1567789613422,1DK40RDLV
1567789613488,1DK3RD370
1567789613555,1DK3TU533
1567789613622,1DK3RVJ5E
1567789613688,1DK405CKS
1567789613756,1DK3VK1CG
1567789613822,1DK3TIAFH
1567789613888,1DK409JUF
1567789613957,1DK3PNELV
1567789614023,1DK3SF06V
1567789614090,1DK3UVQ90
1567789614155,1DK3UV6DT
1567789614222,1DK3V2MA2
1567789614288,1DK3PJGQU
1567789614355,1DK3QIED9
1567789614422,1DK3UCTF0
1567789614488,1DK3VNJAO
1567789614622,1DK3QM79G
1567789614688,1DK4195V4
1567789614756,1DK3QO9NI
1567789614822,1DK3V6EDS
1567789614890,1DK419B2P
1567789614956,1DK3T3LO3
1567789615022,1DK41SPD4
1567789615156,1DK3SB0FB
1567789615223,1DK3RB0JV
1567789615355,1DK40E6BD
1567789615422,1DK40P4NK
1567789615488,1DK3UKOOG
1567789615555,1DK3RD610
1567789615622,1DK3S3KGL
1567789615688,1DK3TBVNM
1567789615755,1DK3TFCB3
1567789615822,1DK3S77V4
1567789615888,1DK4025DN
1567789616022,1DK3T2R85
1567789616088,1DK419QIM
1567789616156,1DK3PICSI
1567789616288,1DK3S50FA
1567789616355,1DK3S6OHN
1567789616422,1DK3V8H9H
1567789616488,1DK3UI9NN
1567789616555,1DK3UH60I
1567789616622,1DK418Q59
1567789616690,1DK40I0IQ
1567789616756,1DK3RPV53
1567789616822,1DK3PO7P4
1567789616888,1DK3U8JJ9
1567789616955,1DK3VTBRR
1567789617022,1DK3VM8MD
1567789617088,1DK4186H7
1567789617155,1DK3TEPRQ
1567789617222,1DK3PDM7H
1567789617289,1DK3VFAVT
1567789617355,1DK3UNHL7
1567789617423,1DK3PBDP8
1567789617489,1DK40BRMM
1567789617558,1DK3UCRQM
1567789617623,1DK40VLDB
1567789617688,1DK3UB8AH
1567789617755,1DK41QUE1
1567789617822,1DK3SQJU2
1567789617888,1DK3TCABD
1567789617955,1DK41SR9R
1567789618023,1DK3UFKTL
1567789618089,1DK3PA1CG
1567789618156,1DK3TNLOD
1567789618223,1DK3UUE62
1567789618288,1DK41B49P
1567789618356,1DK3S9354
1567789618422,1DK40ABOP
1567789618489,1DK3PV8FT
1567789618555,1DK3PCA8Q
1567789618622,1DK3V434V
1567789618688,1DK3PECTS
1567789618755,1DK3RQS1M
1567789618822,1DK3RBRO5
1567789618888,1DK3S66NT
1567789618957,1DK3OMKK5
1567789619022,1DK3VPUC9
1567789619088,1DK3RGPDJ
1567789619157,1DK3VKCJ2
1567789619224,1DK3PN634
1567789619288,1DK3UFHGO
1567789619355,1DK3ULA15
1567789619422,1DK3UPHU8
1567789619488,1DK3SVBU2
1567789619557,1DK3OUIPV
1567789619624,1DK3U5S26
1567789619688,1DK3PN1VS
1567789619756,1DK3P5VSN
1567789619822,1DK3V4FHG
1567789619888,1DK40NLKP
1567789619955,1DK3RLP9O
1567789620022,1DK41GSQ1
1567789620088,1DK3Q8T04
1567789620155,1DK3QK414
1567789620222,1DK3TIP1C
1567789620288,1DK3TCBKL
1567789620355,1DK3RCJ3T
1567789620422,1DK3UKVQ9
1567789620488,1DK3RCFHJ
1567789620555,1DK3Q5P3N
1567789620622,1DK3PUS3S
1567789620688,1DK3TEA6R
1567789620755,1DK40GPD8
1567789620822,1DK3UHH1I
1567789620888,1DK40II8H
1567789620955,1DK4127KO
1567789621022,1DK40DHGT
1567789621088,1DK3R3MP4
1567789621155,1DK3PBE6U
1567789621222,1DK3RUDVU
1567789621289,1DK3PGPIK
1567789621356,1DK3V9EK1
1567789621422,1DK40DUIE
1567789621488,1DK3R7GPB
1567789621556,1DK3QQTA0
1567789621622,1DK3P8529
1567789621688,1DK3Q31LF
1567789621755,1DK3TLF6O
1567789621823,1DK3U84R7
1567789621888,1DK3PCACO
1567789621955,1DK3VRAEG
1567789622022,1DK41GLIQ
1567789622089,1DK3T03A7
1567789622155,1DK3OMV2P
1567789622224,1DK3OP4R0
1567789622288,1DK3PN10K
1567789622355,1DK3P571P
1567789622423,1DK3URHC8
1567789622489,1DK3VV4IA
1567789622556,1DK41PAUK
1567789622622,1DK3PS1I3
1567789622689,1DK3QDID5
1567789622758,1DK40OJ13
1567789622822,1DK3OPA30
1567789622888,1DK3U2N6O
1567789622955,1DK3VC3P2
1567789623022,1DK3VO7QG
1567789623092,1DK3TD12H
1567789623157,1DK41B6MJ
1567789623222,1DK3R4EHM
1567789623289,1DK406LL7
1567789623357,1DK3QHMHC
1567789623422,1DK414JG3
1567789623488,1DK3VQBU1
1567789623557,1DK3UF98A
1567789623622,1DK3PDARG
1567789623688,1DK4209AS
1567789623756,1DK3V9S7A
1567789623823,1DK3VD0FN
1567789623889,1DK400G9H
1567789623957,1DK3SHN5B
1567789624022,1DK41P7SR
1567789624090,1DK3RBCCT
1567789624155,1DK40BIH0
1567789624222,1DK40FFC8
1567789624288,1DK40AF6F
1567789624355,1DK3PKU5G
1567789624422,1DK41L359
1567789624488,1DK3TI6JU
1567789624556,1DK3QPAQN
1567789624622,1DK407MT2
1567789624689,1DK3T08PP
1567789624756,1DK403PVC
1567789624823,1DK3S80DF
1567789624888,1DK3TNKVO
1567789624955,1DK3ULEFN
1567789625022,1DK3OUSIB
1567789625088,1DK3U2R3D
1567789625155,1DK3PQ5E8
1567789625222,1DK4160AG
1567789625288,1DK3THANN
1567789625358,1DK4171KE
1567789625423,1DK3SDFUK
1567789625488,1DK3USVBJ
1567789625555,1DK41SAPJ
1567789625622,1DK3P4GE1
1567789625688,1DK3VQGHU
1567789625755,1DK3U2HOF
1567789625822,1DK3S33LP
1567789625888,1DK41GT1M
1567789625955,1DK3VO93I
1567789626022,1DK3TSVKN
1567789626089,1DK3OSJL1
1567789626156,1DK40MPKF
1567789626222,1DK3R6JQ3
1567789626288,1DK3QEBHA
1567789626356,1DK3UTG22
1567789626422,1DK3OREOV
1567789626489,1DK3PMOL7
1567789626558,1DK3TGFD0
1567789626623,1DK41MMB5
1567789626688,1DK3R0IB6
1567789626755,1DK3PEVQV
1567789626823,1DK3SL7SQ
1567789626889,1DK41FFTO
1567789626955,1DK3QEH30
1567789627022,1DK3S0INB
1567789627089,1DK41RMTF
1567789627222,1DK40GC1M
1567789627289,1DK3RVET8
1567789627356,1DK41864O
1567789627424,1DK3VQKCT
1567789627489,1DK3V57MU
1567789627556,1DK3OO836
1567789627622,1DK3TGU9L
1567789627689,1DK3T18D0
1567789627757,1DK3VQ7GH
1567789627822,1DK41MJ7I
1567789627889,1DK3P0AL9
1567789627956,1DK3RG4IL
1567789628023,1DK3UQHOK
1567789628089,1DK3R67E5
1567789628156,1DK3VVUDM
1567789628222,1DK3V46GI
1567789628289,1DK3RKTEI
1567789628356,1DK3TMQE4
1567789628422,1DK402N6P
1567789628489,1DK3RCB69
1567789628556,1DK3Q5UT3
1567789628622,1DK3PMQTC
1567789628689,1DK3P2OL7
1567789628756,1DK41AK1C
1567789628822,1DK3OPOBB
1567789628891,1DK3THQ0B
1567789628956,1DK41SBK8
1567789629022,1DK3TQ8SD
1567789629089,1DK3Q6IIE
1567789629156,1DK3U122D
1567789629222,1DK3TBTBQ
1567789629289,1DK3Q2INB
1567789629356,1DK41Q56S
1567789629422,1DK3V94SF
1567789629489,1DK3QM2ND
1567789629556,1DK3V61AG
1567789629623,1DK3UH64V
1567789629689,1DK3V7T17
1567789629756,1DK3RLQ02
1567789629822,1DK3UQCDI
1567789629889,1DK40LL9A
1567789629956,1DK3T8K0F
1567789630022,1DK3SDTGK
1567789630089,1DK40EJ5N
1567789630156,1DK40JU47
1567789630222,1DK40FTK0
1567789630289,1DK3UCQ5G
1567789630356,1DK3TUMPM
1567789630423,1DK3P528K
1567789630489,1DK3QBO3P
1567789630556,1DK3QAVJB
1567789630622,1DK3U4UGL
1567789630689,1DK40SLCN
1567789630756,1DK41SLE4
1567789630822,1DK3SUVOC
1567789630889,1DK419425
1567789630956,1DK3VRFBG
1567789631022,1DK3TE0QP
1567789631089,1DK3Q1SMF
1567789631156,1DK3R9UQI
1567789631223,1DK3SNHFK
1567789631289,1DK40QIS9
1567789631356,1DK3TTQ26
1567789631422,1DK3U87J3
1567789631489,1DK3V28ND
1567789631556,1DK3S80V2
1567789631623,1DK3U20A4
1567789631689,1DK3S140L
1567789631756,1DK423HMT
1567789631822,1DK3SBSTH
1567789631889,1DK400BAS
1567789631957,1DK3PSRLL
1567789632022,1DK3QUBC9
1567789632089,1DK418DKO
1567789632156,1DK417LUA
1567789632222,1DK40LMIH
1567789632289,1DK3QUMNA
1567789632356,1DK40S3H5
1567789632422,1DK3RN1RC
1567789632489,1DK3UG43V
1567789632556,1DK3QQL40
1567789632623,1DK3UPGGN
1567789632689,1DK40DE2D
1567789632756,1DK3V0T7F
1567789632823,1DK3TPMOF
1567789632889,1DK3STILD
1567789632956,1DK3U9UHK
1567789633023,1DK3TIN8M
1567789633089,1DK3QVM42
1567789633156,1DK3TCIIK
1567789633222,1DK3P043O
1567789633289,1DK3QN2TC
1567789633356,1DK3QQBOT
1567789633422,1DK3OS9M0
1567789633489,1DK3Q7OUE
1567789633556,1DK3TISFO
1567789633622,1DK3UNGAT
1567789633689,1DK41SQ36
1567789633756,1DK3Q18SB
1567789633822,1DK3UG99V
1567789633889,1DK41BMOH
1567789633956,1DK41U6EK
1567789634022,1DK3UKHO2
1567789634089,1DK3SETTN
1567789634156,1DK41BDJV
1567789634222,1DK3PP51D
1567789634289,1DK41MIVV
1567789634356,1DK3Q6J9A
1567789634423,1DK426P4G
1567789634489,1DK3PQFJO
1567789634556,1DK3UKGRV
1567789634622,1DK3SBJF3
1567789634689,1DK41A88S
1567789634756,1DK41M656
1567789634824,1DK3SDOB5
1567789634889,1DK3RHA11
1567789634956,1DK3PG74F
1567789635022,1DK3P92RD
1567789635089,1DK3R9BLT
1567789635156,1DK40MT3F
1567789635222,1DK41SEKQ
1567789635289,1DK40SRUF
1567789635356,1DK3Q0NGJ
1567789635422,1DK3U2JH3
1567789635489,1DK401PEG
1567789635556,1DK3QAOUO
1567789635624,1DK41JFTN
1567789635689,1DK3SOCUF
1567789635756,1DK40ABRA
1567789635822,1DK3V9CFK
1567789635889,1DK3VUMTU
1567789635956,1DK3RVQ2U
1567789636022,1DK3TM0G7
1567789636089,1DK3U8NNN
1567789636156,1DK41940C
1567789636222,1DK3PQJGL
1567789636289,1DK3UNVRO
1567789636356,1DK3VIO5R
1567789636422,1DK3T1LT5
1567789636491,1DK3RL433
1567789636556,1DK3V31E0
1567789636622,1DK3P8ETC
1567789636689,1DK3VCJCJ
1567789636756,1DK3PUS6I
1567789636822,1DK3OOABE
1567789636889,1DK3UNVJR
1567789636956,1DK3R6L0F
1567789637023,1DK423NBC
1567789637089,1DK3RPK9Q
1567789637156,1DK3UE28Q
1567789637222,1DK40DJNQ
1567789637289,1DK3TDE8B
1567789637356,1DK3URCM6
1567789637422,1DK40SNV4
1567789637489,1DK3RO2RN
1567789637556,1DK4210MN
1567789637622,1DK3PT4G2
1567789637689,1DK3VNFOI
1567789637756,1DK409AKK
1567789637823,1DK3OTD02
1567789637889,1DK3R5L7M
1567789637957,1DK41U6FP
1567789638022,1DK3T8QLH
1567789638089,1DK40DSU1
1567789638156,1DK3POT4J
1567789638222,1DK3OP7P0
1567789638289,1DK3U7VGC
1567789638356,1DK41Q9S0
1567789638422,1DK3PLM62
1567789638489,1DK41UBNF
1567789638556,1DK3V4MHU
1567789638622,1DK3PFMR8
1567789638689,1DK3R6IIL
1567789638756,1DK3TGHCJ
1567789638822,1DK417RIC
1567789638889,1DK3TK6T3
1567789638956,1DK3U8CJA
1567789639028,1DK3UKOL5
1567789639089,1DK40S9Q1
1567789639156,1DK3Q0J4J
1567789639224,1DK3TQOJK
1567789639289,1DK3UK3PV
1567789639356,1DK3OP8NJ
1567789639422,1DK3SQMTU
1567789639489,1DK3PHM77
1567789639556,1DK3VH8DO
1567789639622,1DK3V3FKC
1567789639689,1DK40DN9I
1567789639756,1DK3QFK72
1567789639822,1DK3SO452
1567789639889,1DK3V24F9
1567789639956,1DK3QEFTP
1567789640022,1DK3T9GOG
1567789640089,1DK3V853U
1567789640156,1DK3V9RQF
1567789640222,1DK3SUN7P
1567789640289,1DK420LLK
1567789640356,1DK3VM00G
1567789640422,1DK3R5U3V
1567789640489,1DK3QPVT7
1567789640556,1DK3TITN3
1567789640622,1DK3SUQFD
1567789640689,1DK3QNH0T
1567789640757,1DK41AHQK
1567789640822,1DK3PO5J5
1567789640889,1DK4066FT
1567789640956,1DK40800P
1567789641022,1DK3P0O5G
1567789641089,1DK40432E
1567789641156,1DK3S4MJ8
1567789641222,1DK41CIVB
1567789641289,1DK3T3N97
1567789641356,1DK3UTPUK
1567789641423,1DK40014I
1567789641489,1DK41O7KH
1567789641556,1DK3T9H3G
1567789641622,1DK3UCGJV
1567789641689,1DK3OOEEL
1567789641756,1DK40IHKR
1567789641822,1DK3QRL1S
1567789641889,1DK3UOA7M
1567789641956,1DK3T0PMC
1567789642022,1DK3V8MTI
1567789642089,1DK3PQ03K
1567789642156,1DK3VHD9S
1567789642222,1DK3UU1Q1
1567789642289,1DK3T9III
1567789642356,1DK3VC3IT
1567789642422,1DK41DI4U
1567789642489,1DK3U24P6
1567789642556,1DK3OUF92
1567789642622,1DK41DPDT
1567789642689,1DK414V3B
1567789642756,1DK3T9K1F
1567789642822,1DK3TKMFH
1567789642889,1DK3QCLHD
1567789642956,1DK401HCE
1567789643022,1DK3R1OD3
1567789643089,1DK3SCAS1
1567789643156,1DK3P4I5I
1567789643222,1DK3PVMQG
1567789643289,1DK3SJ84L
1567789643357,1DK3QIQ7Q
1567789643422,1DK403UHI
1567789643489,1DK40I5TO
1567789643556,1DK41BJIR
1567789643622,1DK3Q4AGI
1567789643689,1DK40256H
1567789643756,1DK3SC6RP
1567789643822,1DK41VVCI
1567789643889,1DK3TBEKG
1567789643956,1DK3OV892
1567789644022,1DK3SBCTK
1567789644089,1DK3PNKVM
1567789644156,1DK3RIHH8
1567789644222,1DK3TA743
1567789644289,1DK412JLA
1567789644356,1DK3RFNUF
1567789644422,1DK3S4T8A
1567789644490,1DK3RBEEA
1567789644556,1DK3TGTVC
1567789644622,1DK3P6AQU
1567789644689,1DK40D7M9
1567789644756,1DK3QGNG9
1567789644822,1DK3PPFFQ
1567789644889,1DK3S10R5
1567789644956,1DK3VCCVS
1567789645022,1DK3P30N4
1567789645089,1DK3SO889
1567789645156,1DK3SNRR0
1567789645222,1DK3T6512
1567789645289,1DK3VIO2A
1567789645356,1DK413STJ
1567789645422,1DK425N08
1567789645489,1DK3TQFJB
1567789645556,1DK41LGP0
1567789645622,1DK3QOK1N
1567789645689,1DK41UC33
1567789645756,1DK3PQ5F3
1567789645822,1DK3S1CGH
1567789645889,1DK3T3MQQ
1567789645956,1DK3PFRSB
1567789646022,1DK3R4IGS
1567789646089,1DK3UCMUL
1567789646156,1DK3PGQC6
1567789646222,1DK40KLJL
1567789646289,1DK3V4FUA
1567789646356,1DK3T9MRI
1567789646422,1DK3TKDCN
1567789646489,1DK40V9T0
1567789646556,1DK3QO7NJ
1567789646622,1DK3PQ1G8
1567789646689,1DK3Q029U
1567789646756,1DK3RKSOK
1567789646822,1DK3PBRPP
1567789646889,1DK41AM9V
1567789646956,1DK42362R
1567789647022,1DK4076HA
1567789647089,1DK3SKND1
1567789647156,1DK3RL8VS
1567789647222,1DK3T0LL0
1567789647289,1DK3T5KKB
1567789647356,1DK3SUM3G
1567789647422,1DK426NJ7
1567789647489,1DK3RLNFJ
1567789647556,1DK3VUA9N
1567789647623,1DK3SJLOL
1567789647689,1DK3PR3VI
1567789647756,1DK3RSIT5
1567789647822,1DK3P8MRC
1567789647889,1DK3PMA4B
1567789647956,1DK3SPUKV
1567789648022,1DK41BDNH
1567789648089,1DK4034UN
1567789648156,1DK3PAUDG
1567789648222,1DK3U9OSD
1567789648289,1DK3PV8FN
1567789648356,1DK40UNTJ
1567789648422,1DK405D2F
1567789648489,1DK3U2HQH
1567789648556,1DK3VNI6S
1567789648622,1DK41UH8K
1567789648689,1DK42582I
1567789648756,1DK3RBGEU
1567789648822,1DK417DQ9
1567789648889,1DK40DMR5
1567789648956,1DK3PI2KA
1567789649022,1DK3V48C0
1567789649089,1DK4215RG
1567789649156,1DK417M2B
1567789649222,1DK3OUDER
1567789649289,1DK3SDVBP
1567789649356,1DK3OO97I
1567789649422,1DK3UPUOH
1567789649489,1DK3VQUIH
1567789649556,1DK3P9L5K
1567789649622,1DK40KI4D
1567789649689,1DK3PCJVN
1567789649756,1DK3R25U3
1567789649822,1DK3UN8TK
1567789649889,1DK3SC991
1567789649956,1DK41RCH5
1567789650022,1DK3SLS3H
1567789650089,1DK3SGLC5
1567789650156,1DK3UEQMH
1567789650222,1DK3RMA2F
1567789650289,1DK3T2RVA
1567789650356,1DK3PESQF
1567789650422,1DK3T0UT0
1567789650490,1DK3PR3T2
1567789650556,1DK3QG4E4
1567789650622,1DK3UCS7Q
1567789650689,1DK3OQ2MR
1567789650756,1DK426TTN
1567789650822,1DK3QERU4
1567789650889,1DK410IQF
1567789650956,1DK3PHHMR
1567789651022,1DK3R96FT
1567789651089,1DK3RRPKO
1567789651157,1DK3PVO69
1567789651222,1DK3P82Q6
1567789651289,1DK3RT6NV
1567789651356,1DK405T0Q
1567789651422,1DK3RJPTE
1567789651489,1DK3U66RG
1567789651556,1DK418CHT
1567789651622,1DK3U5TCU
1567789651689,1DK3QPK95
1567789651756,1DK3S8TSD
1567789651822,1DK3Q8LJC
1567789651889,1DK3VKJ8F
1567789651956,1DK3Q5TRO
1567789652022,1DK3RA0E9
1567789652089,1DK3SSU9R
1567789652156,1DK3QCTE5
1567789652222,1DK3QB5MP
1567789652289,1DK3R7M20
1567789652356,1DK40GM24
1567789652422,1DK402TBT
1567789652489,1DK3RBD8N
1567789652555,1DK3V6QSH
1567789652622,1DK3SEMAB
1567789652689,1DK3TK53D
1567789652755,1DK40IU80
1567789652824,1DK3PEBQE
1567789652889,1DK3QL11F
1567789652956,1DK3SC6LC
1567789653022,1DK4096IP
1567789653089,1DK418UP6
1567789653156,1DK3RGPRB
1567789653222,1DK3QM4ON
1567789653289,1DK3V8BEA
1567789653355,1DK3PVI1N
1567789653422,1DK421IFS
1567789653489,1DK3S0O8L
1567789653555,1DK3QFPGP
1567789653622,1DK3QS21S
1567789653689,1DK3PQAU2
1567789653755,1DK3QA6KI
1567789653822,1DK407C32
1567789653889,1DK3QBGEI
1567789653956,1DK41FD4B
1567789654022,1DK3TJIAA
1567789654089,1DK3R4KND
1567789654155,1DK3PJPB5
1567789654222,1DK3S91NJ
1567789654289,1DK3PTJK6
1567789654355,1DK4079H5
1567789654424,1DK3SD827
1567789654489,1DK3PABLS
1567789654556,1DK3Q0OJC
1567789654622,1DK3TCVMS
1567789654689,1DK3RSUR0
1567789654756,1DK412LPJ
1567789654822,1DK3UV2Q0
1567789654889,1DK3R95QR
1567789654956,1DK408MLP
1567789655023,1DK40SC3F
1567789655089,1DK4064OA
1567789655155,1DK3TCGTG
1567789655222,1DK3PBQR2
1567789655289,1DK3URPPT
1567789655355,1DK404PUP
1567789655422,1DK3T7T1P
1567789655489,1DK42420R
1567789655555,1DK3R2OM5
1567789655622,1DK3QMS19
1567789655689,1DK3QK3EL
1567789655755,1DK3T5MQN
1567789655822,1DK3QH371
1567789655889,1DK3P8R0E
1567789655956,1DK3QFP9F
1567789656022,1DK4182OQ
1567789656089,1DK3RVJ4G
1567789656156,1DK3TA9SV
1567789656222,1DK3QQA4T
1567789656289,1DK3VCP4J
1567789656355,1DK3SH9MC
1567789656422,1DK3S5A7E
1567789656490,1DK3RQAJL
1567789656555,1DK3Q1RP6
1567789656622,1DK40ALJI
1567789656689,1DK3UL55C
1567789656756,1DK41DJD2
1567789656822,1DK41UF17
1567789656889,1DK3T4I2H
1567789656955,1DK40880J
1567789657022,1DK3TB1F3
1567789657089,1DK3VB7NP
1567789657157,1DK3SCQAJ
1567789657222,1DK3SCR57
1567789657289,1DK3OUJM1
1567789657355,1DK3U7DLL
1567789657422,1DK3RRE2S
1567789657490,1DK3PQO36
1567789657555,1DK3PO8JF
1567789657622,1DK3V9N5V
1567789657689,1DK3RUAUI
1567789657755,1DK3R1024
1567789657824,1DK3TU3IV
1567789657889,1DK3T99M1
1567789657956,1DK3PVQMP
1567789658022,1DK3VLCEL
1567789658089,1DK4165F9
1567789658155,1DK3SG5PA
1567789658222,1DK3VIBNL
1567789658289,1DK3UKD3I
1567789658355,1DK3UKLFH
1567789658422,1DK3PO7H7
1567789658489,1DK3THR50
1567789658555,1DK3SHT0V
1567789658622,1DK407P5P
1567789658689,1DK3STP1H
1567789658755,1DK3P5JKA
1567789658822,1DK41IES7
1567789658890,1DK411IAA
1567789658955,1DK41NOEE
1567789659022,1DK4068O1
1567789659089,1DK3P4C9C
1567789659155,1DK41I459
1567789659222,1DK3SL15J
1567789659289,1DK41QI5G
1567789659355,1DK3PKV3S
1567789659422,1DK419SDM
1567789659489,1DK3VFESB
1567789659555,1DK413FGJ
1567789659622,1DK3UTNKO
1567789659689,1DK3R687P
1567789659755,1DK41NKU8
1567789659822,1DK427OPC
1567789659889,1DK3VO7EQ
1567789659955,1DK3T36KN
1567789660022,1DK3VNSSK
1567789660089,1DK3U5R83
1567789660155,1DK3Q7CET
1567789660222,1DK406O8A
1567789660291,1DK3RHSF8
1567789660355,1DK3V3ECJ
1567789660422,1DK40URL7
1567789660489,1DK3VR0V8
1567789660555,1DK41HLU9
1567789660622,1DK3TLQ4I
1567789660689,1DK41AREP
1567789660755,1DK3TNTTM
1567789660822,1DK3STP4V
1567789660889,1DK3RPLC9
1567789660955,1DK3VHEJB
1567789661022,1DK41IJJN
1567789661089,1DK411B07
1567789661155,1DK40NO6V
1567789661224,1DK3PN9K7
1567789661289,1DK3TPTUM
1567789661355,1DK423T5Q
1567789661422,1DK420G0I
1567789661489,1DK41B0M3
1567789661557,1DK3ROORJ
1567789661622,1DK4148AS
1567789661689,1DK3QQQ75
1567789661756,1DK417CVQ
1567789661822,1DK3QK4D8
1567789661889,1DK3R9MQ8
1567789661955,1DK3U01D5
1567789662022,1DK3P3RPF
1567789662089,1DK41FSPP
1567789662155,1DK3VKN9B
1567789662222,1DK3V75HL
1567789662289,1DK3P08PU
1567789662355,1DK3QU15F
1567789662422,1DK3RKTF4
1567789662489,1DK3QPTLS
1567789662555,1DK3VA90T
1567789662622,1DK3VPBP3
1567789662689,1DK419T5H
1567789662755,1DK41TK4O
1567789662822,1DK3UH3LG
1567789662889,1DK3S1D6J
1567789662955,1DK40QHD0
1567789663022,1DK3TE338
1567789663089,1DK41F0CL
1567789663155,1DK3VBULT
1567789663222,1DK4033DO
1567789663289,1DK3PF04V
1567789663355,1DK3TJTD3
1567789663422,1DK41C1ME
1567789663489,1DK3T5GC3
1567789663555,1DK3RI6QJ
1567789663622,1DK41V4HI
1567789663689,1DK3VHLQJ
1567789663755,1DK3SBJF3
1567789663822,1DK4251N5
1567789663889,1DK3R0VBO
1567789663955,1DK428BFP
1567789664022,1DK3PTKOO
1567789664089,1DK3UKN7D
1567789664155,1DK3TL3GQ
1567789664222,1DK3T6LLC
1567789664291,1DK3SJNTR
1567789664355,1DK3PV7K5
1567789664422,1DK3RM6E9
1567789664489,1DK41FC7G
1567789664555,1DK3UPR06
1567789664622,1DK3Q1R9S
1567789664689,1DK3OP39B
1567789664755,1DK3RO3NA
1567789664822,1DK3PVUN4
1567789664889,1DK40VGGO
1567789664955,1DK3RSAU0
1567789665022,1DK3V4EHV
1567789665089,1DK3SR6EO
1567789665155,1DK3QCSBC
1567789665222,1DK3R61S9
1567789665289,1DK3SGCJE
1567789665356,1DK3Q76FS
1567789665422,1DK41JNFS
1567789665489,1DK3TQVQ4
1567789665555,1DK400SN6
1567789665622,1DK3Q4TD7
1567789665689,1DK408Q5A
1567789665755,1DK3VP14P
1567789665822,1DK3TFAFO
1567789665889,1DK3R04TT
1567789665955,1DK3RPVT4
1567789666022,1DK3PMPM6
1567789666089,1DK3PG8FL
1567789666155,1DK3Q9688
1567789666224,1DK3OUQ0J
1567789666289,1DK3U8SNM
1567789666355,1DK3UDIH6
1567789666422,1DK3VTS56
1567789666489,1DK3OTVLD
1567789666555,1DK3Q7AOV
1567789666622,1DK3PHTTT
1567789666689,1DK4216PH
1567789666755,1DK3Q904B
1567789666822,1DK3UJUO9
1567789666889,1DK3STGH8
1567789666955,1DK419N72
1567789667022,1DK41TU6G
1567789667089,1DK3TPM52
1567789667155,1DK3VF47N
1567789667222,1DK3SS17D
1567789667289,1DK3TVJHS
1567789667355,1DK3VLL3N
1567789667422,1DK402EK4
1567789667489,1DK3P65BK
1567789667556,1DK3PNO86
1567789667622,1DK3TII4G
1567789667689,1DK3UPR14
1567789667755,1DK3PG38I
1567789667822,1DK3TN1GI
1567789667889,1DK3PMCH1
1567789667955,1DK3VRD1I
1567789668022,1DK3SPR7J
1567789668089,1DK3VTMLK
1567789668155,1DK3SU9N5
1567789668222,1DK3VFD6Q
1567789668289,1DK405Q6F
1567789668355,1DK3R6R3J
1567789668422,1DK3SV969
1567789668489,1DK3P8ROJ
1567789668555,1DK3V87L0
1567789668622,1DK3UTMQB
1567789668689,1DK3R0LPO
1567789668755,1DK3R31DE
1567789668822,1DK3TRMC6
1567789668889,1DK3P48DD
1567789668955,1DK420LJ8
1567789669022,1DK3Q2QOM
1567789669089,1DK3V3GCH
1567789669155,1DK3S1PBL
1567789669222,1DK40NOEL
1567789669289,1DK3VTFF1
1567789669355,1DK3OTB29
1567789669422,1DK3TOTT3
1567789669489,1DK3UC5AC
1567789669555,1DK3SC5U4
1567789669622,1DK3PEE32
1567789669689,1DK3T7KP3
1567789669755,1DK3SG67M
1567789669823,1DK3P2AAA
1567789669889,1DK3P6FRV
1567789669955,1DK3PFIHC
1567789670022,1DK3Q4JGU
1567789670089,1DK3QV78F
1567789670155,1DK3VQ6KJ
1567789670222,1DK3QR9O2
1567789670289,1DK3V2ACU
1567789670355,1DK3QUAF4
1567789670422,1DK3VAI99
1567789670489,1DK405EDR
1567789670555,1DK3PTUUD
1567789670622,1DK41QIUE
1567789670689,1DK3PJOMG
1567789670755,1DK3STMKV
1567789670822,1DK3RTBQN
1567789670889,1DK415BK3
1567789670955,1DK3QL792
1567789671022,1DK4270O4
1567789671089,1DK40B255
1567789671155,1DK41UBB3
1567789671222,1DK3RETEQ
1567789671289,1DK3VRGUH
1567789671355,1DK3RN3P7
1567789671422,1DK3V5107
1567789671489,1DK3SBQFS
1567789671555,1DK3QF4RS
1567789671622,1DK3RPUV2
1567789671689,1DK4238O5
1567789671755,1DK40009R
1567789671822,1DK41URJE
1567789671889,1DK410UO8
1567789671956,1DK3S04A5
1567789672022,1DK40PSF4
1567789672089,1DK3PTQE4
1567789672155,1DK3RBAFR
1567789672222,1DK423S3R
1567789672289,1DK3VPA24
1567789672355,1DK3OOTHD
1567789672422,1DK3ORE8V
1567789672489,1DK3UP93K
1567789672555,1DK3TRCIH
1567789672622,1DK3VOUHG
1567789672689,1DK3SQR5G
1567789672755,1DK3U093Q
1567789672822,1DK3P6V2R
1567789672889,1DK3VJDQL
1567789672955,1DK3R156P
1567789673022,1DK3U1IT8
1567789673089,1DK3PATSJ
1567789673157,1DK3OP88L
1567789673222,1DK3THJHO
1567789673289,1DK3PQAJQ
1567789673355,1DK41LLJK
1567789673422,1DK40MQJ1
1567789673489,1DK40FBHC
1567789673555,1DK3V6JQ9
1567789673622,1DK3RJ3LJ
1567789673689,1DK3TAQTB
1567789673755,1DK3U5IRH
1567789673822,1DK3RC58I
1567789673889,1DK3PFKMH
1567789673955,1DK3V7IAM
1567789674022,1DK3TSL51
1567789674089,1DK3S44PR
1567789674155,1DK41NN6V
1567789674222,1DK3PKEKS
1567789674289,1DK3VPKJ0
1567789674355,1DK3S6HB2
1567789674422,1DK3RLMN3
1567789674489,1DK40QLAH
1567789674555,1DK3RR2PS
1567789674622,1DK41OQN1
1567789674689,1DK3VME5N
1567789674755,1DK3PUATI
1567789674822,1DK3QGB6C
1567789674889,1DK3PD7F5
1567789674957,1DK3SCSDJ
1567789675022,1DK3U4PVR
1567789675089,1DK40GMEI
1567789675155,1DK40UIMO
1567789675222,1DK41BG18
1567789675289,1DK40D93H
1567789675355,1DK3Q7E48
1567789675422,1DK3UQGG5
1567789675489,1DK40TAQK
1567789675555,1DK3TT7F2
1567789675622,1DK3P7NCS
1567789675689,1DK3QSVO9
1567789675755,1DK3S66FH
1567789675822,1DK3RCDNI
1567789675889,1DK3SE7NL
1567789675955,1DK3UENP1
1567789676022,1DK3PCQ4F
1567789676089,1DK3UTV2B
1567789676155,1DK3TQKI3
1567789676223,1DK3RC6Q9
1567789676289,1DK3QGU2I
1567789676355,1DK3TEI5J
1567789676422,1DK3S5E93
1567789676489,1DK3QA2V2
1567789676555,1DK3Q8PCU
1567789676622,1DK3PRC8Q
1567789676689,1DK3VHF8T
1567789676755,1DK4040PC
1567789676822,1DK3PHUR8
1567789676889,1DK3P6BT6
1567789676955,1DK3S548H
1567789677022,1DK3U55OR
1567789677089,1DK3VSM23
1567789677157,1DK3P0GEC
1567789677222,1DK41L15O
1567789677289,1DK3OV724
1567789677355,1DK3P5QIB
1567789677422,1DK3S9GMG
1567789677490,1DK3VEQCI
1567789677555,1DK3OVJ2T
1567789677622,1DK3QIBG2
1567789677689,1DK3OT01T
1567789677755,1DK3V9E5D
1567789677822,1DK3VB4EN
1567789677889,1DK3PLDF0
1567789677955,1DK3Q92ND
1567789678022,1DK3TSOEO
1567789678089,1DK428C4I
1567789678155,1DK3UBOV7
1567789678222,1DK41ITC3
1567789678289,1DK3RO7KS
1567789678355,1DK3U4J3F
1567789678422,1DK40LQQD
1567789678489,1DK40LM3N
1567789678555,1DK3QQHBP
1567789678622,1DK3P22LK
1567789678689,1DK3S0ESD
1567789678755,1DK3S9NUL
1567789678822,1DK3QP8JH
1567789678889,1DK3P3HFV
1567789678955,1DK424ULI
1567789679022,1DK41NMDV
1567789679089,1DK3SPU7O
1567789679155,1DK3UCVS8
1567789679222,1DK3VIIQF
1567789679291,1DK41QV7B
1567789679355,1DK41PHKB
1567789679422,1DK3UFFTD
1567789679489,1DK3RUGG1
1567789679556,1DK41J4T9
1567789679622,1DK3VF4CB
1567789679689,1DK3U3CSA
1567789679755,1DK3V7Q49
1567789679822,1DK41R849
1567789679889,1DK3U8N75
1567789679955,1DK3QNN81
1567789680022,1DK3QSLK3
1567789680089,1DK3P1GVV
1567789680156,1DK40CN58
1567789680222,1DK3VSV0C
1567789680289,1DK3RVD2I
1567789680355,1DK416SIJ
1567789680422,1DK3PCL8H
1567789680489,1DK3RCUTJ
1567789680555,1DK3PIJTT
1567789680622,1DK40CJLK
1567789680689,1DK3Q8AQR
1567789680755,1DK3T20U3
1567789680822,1DK3TBJB7
1567789680889,1DK3PQQO8
1567789680955,1DK3T1KF9
1567789681022,1DK41S3TV
1567789681089,1DK3R25VU
1567789681155,1DK3U07RB
1567789681222,1DK3THRA5
1567789681289,1DK3T68U2
1567789681355,1DK3VQMOH
1567789681422,1DK3PP1DE
1567789681489,1DK3SVLG1
1567789681555,1DK3RGNLQ
1567789681622,1DK3PUD87
1567789681689,1DK3QE7EL
1567789681757,1DK3QHK8K
1567789681822,1DK3P31B8
1567789681889,1DK3QQK86
1567789681955,1DK3RD3HJ
1567789682022,1DK3PN288
1567789682089,1DK3VSF3K
1567789682155,1DK3PDDBH
1567789682222,1DK3VV4E1
1567789682289,1DK4227H7
1567789682355,1DK3TDHJQ
1567789682422,1DK3PTFGJ
1567789682489,1DK3U7F27
1567789682555,1DK3S2V87
1567789682622,1DK3SNMII
1567789682689,1DK3S757N
1567789682755,1DK40SJUE
1567789682822,1DK3VRFVG
1567789682889,1DK3SU5BB
1567789682955,1DK3PN6BN
1567789683022,1DK3VMDIV
1567789683089,1DK428PC4
1567789683155,1DK3VS0T1
1567789683222,1DK3U2J0O
1567789683289,1DK3SDHAN
1567789683355,1DK3SA5KA
1567789683422,1DK3TG40A
1567789683489,1DK41GC0F
1567789683555,1DK3ST5SH
1567789683622,1DK3T1H2I
1567789683688,1DK40BKUR
1567789683755,1DK3Q2KDS
1567789683823,1DK3QJBP7
1567789683888,1DK3RKQL0
1567789683956,1DK3UOKN4
1567789684022,1DK3P0048
1567789684089,1DK3VLEJ1
1567789684155,1DK3TR7P4
1567789684222,1DK3ROFRU
1567789684289,1DK3SGBOI
1567789684355,1DK3UEOQQ
1567789684422,1DK3OT0EI
1567789684489,1DK3URPI4
1567789684555,1DK3S3NN6
1567789684624,1DK3SCO2T
1567789684689,1DK414UUG
1567789684755,1DK40BJO8
1567789684822,1DK40N3OC
1567789684889,1DK3UJU04
1567789684955,1DK40VQFH
1567789685022,1DK3PP0KD
1567789685089,1DK3QO5FC
1567789685155,1DK410DVK
1567789685222,1DK403F27
1567789685289,1DK3TL9LV
1567789685355,1DK3R9RHF
1567789685422,1DK3PJMOE
1567789685488,1DK41U4I2
1567789685555,1DK3TAFN3
1567789685622,1DK3S1EJG
1567789685688,1DK3PDK8D
1567789685755,1DK3U9D14
1567789685822,1DK41A0N3
1567789685888,1DK40U518
1567789685955,1DK3OOJIH
1567789686022,1DK3RVK1H
1567789686089,1DK3RDR1H
1567789686155,1DK41629L
1567789686222,1DK3UNK0O
1567789686289,1DK3RQRQH
1567789686356,1DK3T3D4D
1567789686422,1DK3SCFTR
1567789686488,1DK3UQIO7
1567789686555,1DK3T8O37
1567789686622,1DK3SLLNT
1567789686688,1DK3PJ92D
1567789686755,1DK3VK9N5
1567789686822,1DK3RCHTV
1567789686889,1DK3QDPOF
1567789686955,1DK3RQUMT
1567789687022,1DK41B5JN
1567789687088,1DK3SH08N
1567789687157,1DK3R5USD
1567789687222,1DK41UVAR
1567789687289,1DK3PUN4Q
1567789687355,1DK3VN35U
1567789687422,1DK3TMHLS
1567789687489,1DK40KIA1
1567789687555,1DK3UQKPH
1567789687622,1DK3P1ID3
1567789687688,1DK3VCGAL
1567789687756,1DK3S8TNN
1567789687822,1DK3S9H67
1567789687888,1DK3PIMPN
1567789687955,1DK3P6L1E
1567789688022,1DK3OP51U
1567789688088,1DK3TMAAI
1567789688155,1DK41ONCU
1567789688222,1DK41SCMH
1567789688289,1DK3UINVD
1567789688355,1DK40FGL3
1567789688422,1DK3PH6EM
1567789688488,1DK3T9O7V
1567789688555,1DK419KJU
1567789688622,1DK3S1GO4
1567789688688,1DK41T9IN
1567789688755,1DK3RM7RR
1567789688822,1DK3QNNUK
1567789688889,1DK3VELAV
1567789688955,1DK3PAB67
1567789689022,1DK3PMCSB
1567789689088,1DK3TTR4A
1567789689155,1DK3TL5AG
1567789689222,1DK3UJE1L
1567789689288,1DK3TL099
1567789689355,1DK3VUBR5
1567789689422,1DK417R9B
1567789689488,1DK3RM228
1567789689555,1DK3ST64M
1567789689622,1DK3R02HB
1567789689688,1DK411F7I
1567789689755,1DK3RITVV
1567789689822,1DK3QU3GH
1567789689888,1DK41IMDK
1567789689955,1DK3UDLIJ
1567789690022,1DK3VCPQ6
1567789690088,1DK3V9UPI
1567789690155,1DK3UURA0
1567789690222,1DK3URE5Q
1567789690288,1DK3RPCVP
1567789690355,1DK3Q26FP
1567789690422,1DK3P91OB
1567789690488,1DK3QV75J
1567789690555,1DK41M2T9
1567789690622,1DK41PD15
1567789690688,1DK3P0U8H
1567789690755,1DK40BT6J
1567789690822,1DK3RFD5U
1567789690890,1DK3S2GTV
1567789690955,1DK3PQCVN
1567789691022,1DK3PVRB8
1567789691088,1DK3QOVNA
1567789691155,1DK40Q07I
1567789691222,1DK41SSSF
1567789691289,1DK3SS8DB
1567789691355,1DK3RQH3F
1567789691422,1DK41FJKO
1567789691488,1DK3VO319
1567789691555,1DK41O2MF
1567789691622,1DK3RQ5B0
1567789691688,1DK3S1SF9
1567789691755,1DK3PLQAF
1567789691822,1DK3R2FKL
1567789691890,1DK3S3BSF
1567789691955,1DK3PFL6J
1567789692022,1DK3S6O71
1567789692088,1DK3VUE64
1567789692155,1DK3T5OB2
1567789692222,1DK3VSE79
1567789692288,1DK3Q699T
1567789692355,1DK3VBM8L
1567789692422,1DK40VMPO
1567789692488,1DK3V9HHE
1567789692555,1DK3VU3SD
1567789692622,1DK3TN9KR
1567789692689,1DK3PCV60
1567789692755,1DK3V58C3
1567789692822,1DK3Q8JL2
1567789692888,1DK3U5EVM
1567789692955,1DK3QV8T1
1567789693022,1DK3SA062
1567789693088,1DK3P8AN7
1567789693155,1DK3QPNQ4
1567789693222,1DK3RREIH
1567789693288,1DK3P705Q
1567789693355,1DK3PD3B5
1567789693422,1DK415UVH
1567789693488,1DK41U0GS
1567789693555,1DK3VA8PE
1567789693622,1DK3U3R50
1567789693688,1DK3TJ557
1567789693755,1DK3T9VHG
1567789693822,1DK41RA23
1567789693888,1DK3R674F
1567789693955,1DK3PVAVF
1567789694022,1DK41HISO
1567789694088,1DK3TTQ8G
1567789694155,1DK3RFVQG
1567789694222,1DK3RGIDF
1567789694288,1DK3PL34C
1567789694355,1DK3PEMHS
1567789694422,1DK3VANG9
1567789694488,1DK40K4FS
1567789694555,1DK3OV4A3
1567789694622,1DK3TNDND
1567789694688,1DK3VBQD3
1567789694755,1DK3RINRS
1567789694822,1DK3Q57NE
1567789694888,1DK3R0R9B
1567789694955,1DK3VTFCC
1567789695022,1DK3P63N8
1567789695088,1DK3UQ1DD
1567789695155,1DK3SSKII
1567789695222,1DK3TFG3Q
1567789695289,1DK424VUS
1567789695355,1DK3R8KDV
1567789695422,1DK3PE17E
1567789695488,1DK3Q2JU0
1567789695555,1DK409FHL
1567789695622,1DK418D9P
1567789695688,1DK3TKV66
1567789695755,1DK3QTBCM
1567789695822,1DK3U5BFN
1567789695888,1DK3VOVFN
1567789695955,1DK40BO95
1567789696022,1DK3PJLLD
1567789696088,1DK3VU660
1567789696156,1DK3REQV4
1567789696222,1DK41FGKK
1567789696288,1DK40TNFD
1567789696355,1DK3UCTPI
1567789696422,1DK3Q519T
1567789696488,1DK40QHV9
1567789696555,1DK3RHT2K
1567789696622,1DK3U5NRV
1567789696688,1DK3QI3K5
1567789696755,1DK3T25BE
1567789696824,1DK411F66
1567789696888,1DK40KNU5
1567789696955,1DK3SKQQ3
1567789697022,1DK3SJRHH
1567789697088,1DK408H0L
1567789697155,1DK3SV0TN
1567789697222,1DK3PJVBG
1567789697288,1DK3UO06T
1567789697355,1DK422INC
1567789697422,1DK41MT8A
1567789697488,1DK3SURLO
1567789697555,1DK3RH2PC
1567789697622,1DK413V5B
1567789697688,1DK3PSLPD
1567789697755,1DK3Q4J6N
1567789697822,1DK3UNUOC
1567789697888,1DK40FSAG
1567789697955,1DK3UGJA8
1567789698022,1DK407NOB
1567789698088,1DK3S2SGO
1567789698155,1DK427E7Q
1567789698222,1DK3R0CS0
1567789698288,1DK3QH8H1
1567789698355,1DK40R5S5
1567789698422,1DK3UUP9P
1567789698488,1DK3UV0JP
1567789698555,1DK3VERAM
1567789698622,1DK3V30RG
1567789698688,1DK3Q8REQ
1567789698755,1DK4286K6
1567789698822,1DK41AB2A
1567789698888,1DK3UDSST
1567789698955,1DK40ED5P
1567789699022,1DK3TTTNN
1567789699088,1DK41PB3I
1567789699155,1DK3SDPK5
1567789699222,1DK3QK3BP
1567789699288,1DK41G9U4
1567789699355,1DK3Q5MLF
1567789699422,1DK3PKT7B
1567789699488,1DK426JNA
1567789699555,1DK420CF0
1567789699622,1DK3U3PU2
1567789699688,1DK41ICTD
1567789699755,1DK3T84RE
1567789699822,1DK3S1DSP
1567789699888,1DK3TLCU9
1567789699955,1DK41K0I6
1567789700022,1DK3SEIFN
1567789700088,1DK3Q0OV7
1567789700155,1DK41LTBU
1567789700222,1DK3VFB4H
1567789700288,1DK41C3AV
1567789700355,1DK3U71UH
1567789700422,1DK3UATN1
1567789700488,1DK3RUG8V
1567789700555,1DK3QAKOI
1567789700622,1DK404E3M
1567789700688,1DK3VCCRU
1567789700755,1DK3VE1NN
1567789700822,1DK3RL3C1
1567789700888,1DK3RRFPH
1567789700955,1DK41VTJQ
1567789701028,1DK3SSN04
1567789701088,1DK40HNMQ
1567789701155,1DK3PKAB8
1567789701222,1DK41RVOC
1567789701288,1DK413760
1567789701355,1DK3VSQR3
1567789701422,1DK41VUUO
1567789701488,1DK41FOCP
1567789701556,1DK3QQNO4
1567789701622,1DK408DRK
1567789701688,1DK3VUR94
1567789701755,1DK41CUPQ
1567789701822,1DK3SHBST
1567789701889,1DK3Q9D7Q
1567789701955,1DK3S90J3
1567789702022,1DK3U5QHN
1567789702088,1DK3UBG36
1567789702155,1DK3P2DQL
1567789702222,1DK3P0PVD
1567789702288,1DK40N3S6
1567789702355,1DK3RADU7
1567789702422,1DK3PCRO0
1567789702488,1DK3PKSBL
1567789702555,1DK3PO7KU
1567789702622,1DK407VE0
1567789702688,1DK3ULV18
1567789702755,1DK3TNIOQ
1567789702822,1DK3PAH7L
1567789702888,1DK40BOIM
1567789702955,1DK3QLJBG
1567789703022,1DK3RCAFN
1567789703088,1DK404LG5
1567789703155,1DK3RPIHL
1567789703222,1DK3V0E8U
1567789703289,1DK3R8IIL
1567789703355,1DK3Q93CA
1567789703422,1DK3T0R4B
1567789703488,1DK3UGAI9
1567789703555,1DK3SMM0E
1567789703622,1DK3VLSC8
1567789703688,1DK3VUAJK
1567789703755,1DK3T59VU
1567789703822,1DK3PT87N
1567789703888,1DK3UHRCI
1567789703955,1DK410BPR
1567789704022,1DK429GNU
1567789704088,1DK410AMB
1567789704156,1DK41PL30
1567789704222,1DK3R55TP
1567789704288,1DK3REMTE
1567789704355,1DK3S932K
1567789704422,1DK3VVTRD
1567789704488,1DK3U05M5
1567789704555,1DK409Q1P
1567789704622,1DK3QS1E9
1567789704688,1DK3Q4DH4
1567789704757,1DK3VQETG
1567789704822,1DK3QM30H
1567789704888,1DK40O474
1567789704955,1DK3Q3IPU
1567789705022,1DK3R5DGP
1567789705088,1DK3OTTLJ
1567789705155,1DK3ORDEV
1567789705222,1DK3P84MJ
1567789705288,1DK3RMHM0
1567789705355,1DK3P3385
1567789705422,1DK4023SA
1567789705488,1DK40G2G4
1567789705555,1DK3P7ORG
1567789705622,1DK3P92KF
1567789705688,1DK41Q35E
1567789705755,1DK3SH3IC
1567789705822,1DK3VH42H
1567789705888,1DK3RUUR4
1567789705955,1DK3Q8S5P
1567789706022,1DK3VVPMR
1567789706088,1DK3RSKBR
1567789706155,1DK3QB8NK
1567789706222,1DK408IKF
1567789706288,1DK406VDP
1567789706355,1DK424UU1
1567789706422,1DK3SOMSN
1567789706488,1DK3UEEI5
1567789706555,1DK3VOI4I
1567789706622,1DK3TI53K
1567789706688,1DK426QDC
1567789706755,1DK40JK2U
1567789706822,1DK3QTK07
1567789706888,1DK3V6DGM
1567789706955,1DK423QC4
1567789707022,1DK3PKD36
1567789707088,1DK3OPSTQ
1567789707155,1DK3R3JES
1567789707222,1DK40MFBJ
1567789707288,1DK3V2AGK
1567789707355,1DK3SGD24
1567789707422,1DK3QPQJI
1567789707488,1DK3QVG02
1567789707555,1DK40O4O6
1567789707622,1DK3R6JEP
1567789707688,1DK3U6M63
1567789707755,1DK3U8PER
1567789707822,1DK3PAS8J
1567789707888,1DK41ADU6
1567789707955,1DK3Q7E3V
1567789708022,1DK3UVCJR
1567789708088,1DK3P5RQ9
1567789708155,1DK3RTN27
1567789708222,1DK4038J3
1567789708288,1DK3VBOOC
1567789708355,1DK3OTRID
1567789708422,1DK3U73J6
1567789708488,1DK3TOMLB
1567789708555,1DK3U9S84
1567789708622,1DK41DP9L
1567789708688,1DK3T6QHF
1567789708755,1DK41RID7
1567789708822,1DK3R9PSC
1567789708888,1DK3RSQVJ
1567789708955,1DK3PJU26
1567789709022,1DK3UCU97
1567789709088,1DK3QHVM8
1567789709156,1DK3Q2MVD
1567789709222,1DK3SH8LR
1567789709288,1DK3R5SQJ
1567789709355,1DK41L4NS
1567789709422,1DK3VUOFD
1567789709488,1DK3OSB99
1567789709555,1DK3QKI6J
1567789709622,1DK3S70C2
1567789709688,1DK3RF2SU
1567789709755,1DK407ODA
1567789709822,1DK3U3REL
1567789709888,1DK3RTPQT
1567789709955,1DK3PL0BP
1567789710022,1DK3P7JP3
1567789710088,1DK40V2L9
1567789710157,1DK3SAUTB
1567789710222,1DK40OFF5
1567789710288,1DK3SPOJG
1567789710355,1DK3UIEU9
1567789710422,1DK3S8QNM
1567789710488,1DK3P3L23
1567789710555,1DK3TD6NE
1567789710622,1DK3VRIJC
1567789710688,1DK3Q8P12
1567789710755,1DK3TD5I6
1567789710822,1DK40KS7E
1567789710888,1DK3SM5P7
1567789710955,1DK3R8LOM
1567789711022,1DK3TLJOJ
1567789711088,1DK4082HE
1567789711155,1DK40V3BK
1567789711222,1DK3P0964
1567789711288,1DK3S2E86
1567789711355,1DK3P1OJ3
1567789711422,1DK3S37BQ
1567789711488,1DK3P46UG
1567789711555,1DK40BLRQ
1567789711622,1DK41T4MC
1567789711688,1DK3RMEVR
1567789711755,1DK3QA7HA
1567789711822,1DK40N29J
1567789711888,1DK3PM424
1567789711955,1DK3SAAGT
1567789712022,1DK3PA4GD
1567789712088,1DK3VP93I
1567789712155,1DK3U92RE
1567789712222,1DK3T1VCA
1567789712288,1DK402KNC
1567789712355,1DK3QJRH9
1567789712422,1DK3POSO8
1567789712488,1DK3QBBI6
1567789712555,1DK3R4L67
1567789712622,1DK3PFTVG
1567789712688,1DK3QJUQD
1567789712756,1DK425DV3
1567789712822,1DK3RJPV8
1567789712888,1DK3TL23K
1567789712955,1DK40G2DC
1567789713022,1DK41S15H
1567789713088,1DK3RDDDJ
1567789713155,1DK425EJF
1567789713222,1DK3TQENC
1567789713288,1DK3T2ORP
1567789713355,1DK3V4KIQ
1567789713422,1DK3UEUJV
1567789713488,1DK414BB7
1567789713555,1DK40FRNM
1567789713622,1DK3VVKSB
1567789713688,1DK3QT0IO
1567789713755,1DK417I49
1567789713822,1DK40NEVM
1567789713888,1DK3QR1FH
1567789713955,1DK40EMV5
1567789714022,1DK3PF0L8
1567789714088,1DK3SFILF
1567789714155,1DK426CHT
1567789714222,1DK3SK10V
1567789714288,1DK3TMGT6
1567789714355,1DK41T570
1567789714422,1DK3UDNQO
1567789714488,1DK3UQMFI
1567789714555,1DK40OVH4
1567789714622,1DK41LU5M
1567789714688,1DK405V7A
1567789714755,1DK3S0419
1567789714823,1DK417D2L
1567789714888,1DK40394I
1567789714955,1DK41084U
1567789715022,1DK3TR8CQ
1567789715088,1DK3TQ56T
1567789715155,1DK3RSRDC
1567789715222,1DK3TVKPF
1567789715288,1DK3UOROS
1567789715355,1DK3SERUM
1567789715423,1DK3V0OI6
1567789715488,1DK414TGO
1567789715555,1DK3PC2P1
1567789715622,1DK3R8EUP
1567789715688,1DK4229R0
1567789715756,1DK417EB9
1567789715822,1DK412TFI
1567789715888,1DK3TSNAQ
1567789715955,1DK3Q7MA8
1567789716022,1DK3T45IK
1567789716088,1DK3R2PT6
1567789716155,1DK3SF570
1567789716222,1DK3S703J
1567789716288,1DK3TLH5A
1567789716355,1DK40JQQ3
1567789716422,1DK3RGBJ8
1567789716488,1DK3TTJA3
1567789716555,1DK3RBAVQ
1567789716622,1DK3S86PF
1567789716688,1DK40VTEO
1567789716755,1DK429N7B
1567789716821,1DK3UAQTC
1567789716888,1DK420NIE
1567789716955,1DK3RUL1K
1567789717022,1DK41BEU9
1567789717088,1DK3QUAT2
1567789717155,1DK3R2V80
1567789717222,1DK4185MP
1567789717288,1DK3P5AD4
1567789717355,1DK407DUE
1567789717422,1DK41U7VG
1567789717488,1DK40AEMT
1567789717555,1DK400GTA
1567789717622,1DK3UR62F
1567789717688,1DK3TL42G
1567789717755,1DK3UV6F1
1567789717823,1DK3QFDGG
1567789717888,1DK406CBR
1567789717955,1DK401BGH
1567789718023,1DK3SFOIF
1567789718088,1DK3VHA1O
1567789718155,1DK3RPLDU
1567789718222,1DK3T1443
1567789718288,1DK3QR1NI
1567789718355,1DK3RPJPO
1567789718421,1DK3OSU1S
1567789718488,1DK3URKT8
1567789718555,1DK3Q7L5L
1567789718622,1DK3OR077
1567789718688,1DK3SLH45
1567789718755,1DK3R8C9L
1567789718822,1DK3TCATI
1567789718888,1DK41U4O4
1567789718955,1DK3OSMKT
1567789719021,1DK40MGFA
1567789719088,1DK3VFI6V
1567789719155,1DK3U06D3
1567789719222,1DK3REFII
1567789719288,1DK40JMCD
1567789719355,1DK3SOHHD
1567789719422,1DK3V999Q
1567789719488,1DK3RISBR
1567789719555,1DK3U9NU5
1567789719622,1DK3P7PIR
1567789719688,1DK3SUD2O
1567789719755,1DK3QQ7NK
1567789719823,1DK3VFC89
1567789719888,1DK404G4D
1567789719955,1DK3R40TG
1567789720022,1DK3UBGF0
1567789720088,1DK3OV756
1567789720155,1DK3U3OF1
1567789720221,1DK3PVCSE
1567789720288,1DK3QHOHI
1567789720355,1DK40P3R2
1567789720421,1DK3SBH8E
1567789720488,1DK40A6AG
1567789720555,1DK3SQL6T
1567789720621,1DK3Q836R
1567789720688,1DK3Q5JCU
1567789720755,1DK40MI7K
1567789720821,1DK3UFFQJ
1567789720888,1DK3S5UQT
1567789720955,1DK3V2M7D
1567789721022,1DK3QCV0J
1567789721088,1DK3SGK46
1567789721155,1DK3Q6M3D
1567789721222,1DK3U27KC
1567789721288,1DK3U0F0B
1567789721355,1DK3VTE07
1567789721421,1DK3TGA8S
1567789721488,1DK3UNCB7
1567789721555,1DK3VVDHT
1567789721621,1DK3S9NVL
1567789721688,1DK3TE93K
1567789721755,1DK3SFEFE
1567789721821,1DK3TI8UO
1567789721888,1DK41BK62
1567789721955,1DK41BR1J
1567789722023,1DK3TDK0F
1567789722088,1DK3TLNV6
1567789722155,1DK3RILTL
1567789722221,1DK3U5M0O
1567789722288,1DK3QGH93
1567789722355,1DK4273J7
1567789722421,1DK3UV8G7
1567789722488,1DK3QTCKJ
1567789722555,1DK3RGESF
1567789722622,1DK3T0J9R
1567789722688,1DK40KLMP
1567789722755,1DK426M7B
1567789722821,1DK3SGM49
1567789722888,1DK3URA9C
1567789722955,1DK3U17J2
1567789723022,1DK40A6ES
1567789723088,1DK3SV4LD
1567789723155,1DK407IG7
1567789723221,1DK3TQ41C
1567789723288,1DK405LOK
1567789723355,1DK3PSDBU
1567789723421,1DK3T7GEQ
1567789723488,1DK3SF27D
1567789723555,1DK3VA592
1567789723621,1DK3VGI9U
1567789723688,1DK3QFOT5
1567789723755,1DK41P2P0
1567789723821,1DK3VHE5E
1567789723888,1DK3PEFH2
1567789723955,1DK3RJ9RR
1567789724021,1DK3P2BJP
1567789724088,1DK3UOM2M
1567789724155,1DK3QLS8D
1567789724221,1DK41NQFU
1567789724288,1DK3S19EC
1567789724356,1DK40PAL6
1567789724421,1DK40DRGS
1567789724488,1DK3RQDJT
1567789724555,1DK3U7TQM
1567789724621,1DK3U8LA1
1567789724688,1DK3UBQER
1567789724755,1DK3VPEF4
1567789724821,1DK3TI03J
1567789724888,1DK3PCO5K
1567789724955,1DK3U5A0M
1567789725022,1DK4050FL
1567789725088,1DK40N97T
1567789725155,1DK40RN4J
1567789725222,1DK3S5QMR
1567789725288,1DK3OQG1O
1567789725355,1DK3VM12S
1567789725421,1DK3P3E73
1567789725488,1DK41SNRO
1567789725555,1DK3PFGJ0
1567789725621,1DK3V0S07
1567789725688,1DK3SUR7L
1567789725755,1DK3PMTD3
1567789725830,1DK3TCFJ0
1567789725888,1DK3OV4HO
1567789725955,1DK40TFQT
1567789726021,1DK3S9DHV
1567789726088,1DK3PPVUE
1567789726155,1DK40DC7Q
1567789726221,1DK41E03R
1567789726288,1DK3R360G
1567789726355,1DK3RS7DS
1567789726421,1DK40DROT
1567789726488,1DK41CPGF
1567789726555,1DK3VUKST
1567789726621,1DK3TN97H
1567789726688,1DK3UGTAS
1567789726755,1DK3OQI7M
1567789726821,1DK3VV8P9
1567789726888,1DK3V0N75
1567789726955,1DK40BE6I
1567789727022,1DK40PH1H
1567789727088,1DK3RQUUJ
1567789727155,1DK409SDQ
1567789727221,1DK3U7411
1567789727288,1DK3SV4RT
1567789727355,1DK3S9N6P
1567789727421,1DK3OUGC3
1567789727488,1DK40K8H1
1567789727555,1DK41IU2K
1567789727621,1DK40EU4Q
1567789727688,1DK40B297
1567789727755,1DK3TAM9C
1567789727821,1DK3QLKB7
1567789727888,1DK3TLJ2K
1567789727955,1DK3V5FDL
1567789728021,1DK40M0LE
1567789728088,1DK3PEODM
1567789728156,1DK3S08KQ
1567789728221,1DK412ARM
1567789728288,1DK3R06VC
1567789728355,1DK41T1II
1567789728421,1DK3TCK2U
1567789728488,1DK3PDIG0
1567789728555,1DK3PIGIC
1567789728622,1DK3U5B6A
1567789728690,1DK3TO55G
1567789728755,1DK3VSRJL
1567789728822,1DK3VJOGC
1567789728888,1DK3UEAJI
1567789728955,1DK4200V5
1567789729021,1DK3VT886
1567789729088,1DK3PFLGG
1567789729155,1DK3S6LFK
1567789729221,1DK415ME6
1567789729288,1DK3S45FN
1567789729355,1DK40NHQJ
1567789729421,1DK3TNRH8
1567789729488,1DK3PKSBE
1567789729555,1DK3TT3NL
1567789729621,1DK3VH62D
1567789729688,1DK3SRKL2
1567789729755,1DK3TR3FC
1567789729821,1DK3V4LQ2
1567789729888,1DK3PDOQU
1567789729955,1DK3UA0TB
1567789730021,1DK3UA7SQ
1567789730088,1DK3RG4F2
1567789730155,1DK409VD5
1567789730221,1DK3S90KH
1567789730288,1DK3UV8K7
1567789730355,1DK3P9O2H
1567789730421,1DK3U7VBB
1567789730488,1DK3P8089
1567789730555,1DK3VJP64
1567789730621,1DK3UEU53
1567789730688,1DK3SH26S
1567789730755,1DK3RV3LE
1567789730822,1DK40412L
1567789730888,1DK3VG0IG
1567789730955,1DK3RVF6C
1567789731021,1DK413K9C
1567789731088,1DK428IAA
1567789731155,1DK41J8E3
1567789731221,1DK3Q3RFE
1567789731288,1DK3UQOH9
1567789731355,1DK41J9I3
1567789731421,1DK3P9U6R
1567789731488,1DK3U6ET9
1567789731555,1DK3TDUDT
1567789731621,1DK3VSGCF
1567789731688,1DK411MEL
1567789731755,1DK3TF0FR
1567789731823,1DK3SLFPM
1567789731888,1DK3RA39R
1567789731955,1DK40PKPF
1567789732023,1DK41VJB9
1567789732088,1DK3UG7KL
1567789732155,1DK3TTCV4
1567789732221,1DK3S1V6R
1567789732288,1DK3OPPNA
1567789732355,1DK3RHKPN
1567789732421,1DK3TJ4AU
1567789732488,1DK3OR9VR
1567789732555,1DK3Q26CR
1567789732621,1DK3U48OR
1567789732688,1DK40Q65B
1567789732755,1DK3PSTTQ
1567789732821,1DK3UJD96
1567789732888,1DK40CRAN
1567789732955,1DK40RDQH
1567789733021,1DK3U5SNR
1567789733088,1DK3SCHPL
1567789733155,1DK3QM40P
1567789733221,1DK3V790S
1567789733288,1DK3Q07JG
1567789733355,1DK3PV4T3
1567789733421,1DK3US8E6
1567789733488,1DK3SS17N
1567789733555,1DK3PU9R7
1567789733621,1DK3P5FK6
1567789733688,1DK3TQHB2
1567789733755,1DK407GCO
1567789733821,1DK3RS2AE
1567789733888,1DK41R7NB
1567789733955,1DK3U3QE2
1567789734021,1DK3QO7CN
1567789734088,1DK3STBRU
1567789734155,1DK3RUGOO
1567789734221,1DK3PL883
1567789734288,1DK3PCR5R
1567789734355,1DK3U46GN
1567789734421,1DK3V7DK9
1567789734490,1DK41SA0M
1567789734555,1DK3TK2G2
1567789734621,1DK40T1OP
1567789734688,1DK3RI12H
1567789734755,1DK3VH9EK
1567789734821,1DK3VM8RD
1567789734888,1DK3SJU2H
1567789734955,1DK4264KL
1567789735021,1DK40OS12
1567789735088,1DK3UVDCB
1567789735155,1DK3TKDS6
1567789735221,1DK3S0ME5
1567789735288,1DK3PPKS0
1567789735355,1DK426IJA
1567789735421,1DK3RVLAE
1567789735488,1DK3TLVLG
1567789735555,1DK3Q86EG
1567789735621,1DK3TO673
1567789735688,1DK412AO0
1567789735755,1DK3UK6AF
1567789735821,1DK3RGCG7
1567789735888,1DK3RF803
1567789735955,1DK3Q832D
1567789736021,1DK415HOJ
1567789736088,1DK3OU366
1567789736155,1DK3UR3B3
1567789736221,1DK3VLRKA
1567789736288,1DK3RUO9V
1567789736355,1DK3SRO4F
1567789736421,1DK3VOKEQ
1567789736488,1DK3VUDJ2
1567789736555,1DK41SNSF
1567789736621,1DK3TMGR5
1567789736688,1DK3QCIRR
1567789736755,1DK3Q4JLL
1567789736821,1DK3U482B
1567789736889,1DK3RV8J5
1567789736955,1DK3RTBCI
1567789737021,1DK41043F
1567789737088,1DK3Q6B7L
1567789737155,1DK3Q3FC2
1567789737221,1DK3S3FHP
1567789737288,1DK3OPT6B
1567789737355,1DK403UDG
1567789737421,1DK3P5AQD
1567789737488,1DK3U57E2
1567789737555,1DK3S71HT
1567789737621,1DK3SGHBE
1567789737688,1DK3P6ISR
1567789737755,1DK3REUSR
1567789737821,1DK3SPGL9
1567789737888,1DK3V7J4U
1567789737955,1DK3QU29I
1567789738021,1DK3UQ5AQ
1567789738088,1DK3PRTNB
1567789738155,1DK3U2MGG
1567789738221,1DK40AJ9H
1567789738288,1DK3TUE4H
1567789738355,1DK3STRMQ
1567789738421,1DK41H74O
1567789738488,1DK3VT8LS
1567789738555,1DK3V66HS
1567789738621,1DK3P065J
1567789738688,1DK3PLHML
1567789738755,1DK3S8FK5
1567789738821,1DK3QD94B
1567789738888,1DK3S7LPK
1567789738955,1DK3UBHEQ
1567789739021,1DK3S5AIB
1567789739088,1DK3VQT8O
1567789739155,1DK3PGVAT
1567789739221,1DK40U3T6
1567789739288,1DK3OSEHV
1567789739355,1DK3ULFI2
1567789739421,1DK3Q3ACJ
1567789739488,1DK3QKUBK
1567789739555,1DK3RG7RG
1567789739621,1DK41RE6E
1567789739688,1DK417UTO
1567789739755,1DK3POT3D
1567789739821,1DK3UTG0G
1567789739888,1DK3V3CPH
1567789739955,1DK3Q83L3
1567789740021,1DK40O3RC
1567789740088,1DK401HP8
1567789740155,1DK3S5NG0
1567789740221,1DK3RL56P
1567789740288,1DK3RJIK9
1567789740355,1DK4095N8
1567789740421,1DK3OV4CK
1567789740488,1DK41GN2M
1567789740555,1DK3U3IKV
1567789740621,1DK3V23RA
1567789740688,1DK3V1JCO
1567789740755,1DK3OTR8U
1567789740821,1DK3SRDDO
1567789740888,1DK3VM8V2
1567789740955,1DK3P7JU5
1567789741021,1DK3QQV42
1567789741088,1DK3V7811
1567789741155,1DK3TBLO1
1567789741221,1DK41H3GV
1567789741288,1DK3UH8AD
1567789741355,1DK3QPTV8
1567789741421,1DK41N424
1567789741488,1DK3R8D6U
1567789741555,1DK40KO9O
1567789741621,1DK3PAT05
1567789741688,1DK3VN20P
1567789741755,1DK3RSHQ3
1567789741821,1DK3QEC3A
1567789741888,1DK3SCO03
1567789741955,1DK3SB0P6
1567789742021,1DK3TKKC8
1567789742088,1DK427CMS
1567789742155,1DK415QBL
1567789742221,1DK3PNHH6
1567789742288,1DK3ULFBT
1567789742355,1DK3SPCVS
1567789742421,1DK3TNAFQ
1567789742488,1DK3S0B6E
1567789742555,1DK3QEGT8
1567789742621,1DK415D5E
1567789742688,1DK3UMNK5
1567789742755,1DK41HLT8
1567789742821,1DK42A37T
1567789742888,1DK3Q4JJV
1567789742955,1DK3T05FM
1567789743021,1DK3V1BCC
1567789743088,1DK3SOC50
1567789743155,1DK3TE1AJ
1567789743221,1DK3VLOLD
1567789743288,1DK427E1O
1567789743355,1DK40L1VQ
1567789743421,1DK3UF2F3
1567789743488,1DK3TCQU3
1567789743555,1DK405RQL
1567789743621,1DK3RF6HN
1567789743688,1DK3RRPCV
1567789743755,1DK3PVOA1
1567789743821,1DK40PPIE
1567789743888,1DK3UUP4Q
1567789743955,1DK3OT32T
1567789744021,1DK3Q3IBA
1567789744088,1DK40G8CA
1567789744155,1DK40KRAP
1567789744221,1DK3U0ST8
1567789744288,1DK3Q0FHV
1567789744355,1DK3R6B96
1567789744421,1DK403UK7
1567789744488,1DK3QE9RP
1567789744555,1DK3UOSN0
1567789744621,1DK41DTI0
1567789744688,1DK3Q1GJC
1567789744755,1DK41103R
1567789744821,1DK3VTT1K
1567789744888,1DK3UHOLO
1567789744955,1DK3SUKU6
1567789745021,1DK3RIJSM
1567789745088,1DK3TJ1OQ
1567789745155,1DK3Q87QI
1567789745221,1DK3V5QFL
1567789745288,1DK3QEHK5
1567789745355,1DK3QQ77P
1567789745421,1DK3R34I4
1567789745488,1DK3P83AJ
1567789745555,1DK3SGU9V
1567789745621,1DK3U30RD
1567789745688,1DK41IG67
1567789745755,1DK3S7148
1567789745822,1DK3VRUD0
1567789745888,1DK41JGJV
1567789745955,1DK3RI0CG
1567789746021,1DK3R8QG8
1567789746088,1DK3VLTV7
1567789746155,1DK3SI41O
1567789746221,1DK3UUF7I
1567789746288,1DK3VMN0S
1567789746355,1DK3VVJLM
1567789746421,1DK3PA4MN
1567789746488,1DK3VPFTT
1567789746555,1DK3VRRBI
1567789746621,1DK3OU7T9
1567789746688,1DK41TDLN
1567789746755,1DK3TN9J0
1567789746821,1DK3UI8VI
1567789746888,1DK3R5I6V
1567789746955,1DK3TG3G4
1567789747021,1DK3PDVF7
1567789747088,1DK3TVQO9
1567789747155,1DK3QTV09
1567789747221,1DK3TT8E3
1567789747288,1DK3VAOJK
1567789747356,1DK40P5DK
1567789747421,1DK3QQ3HS
1567789747488,1DK41J2H6
1567789747555,1DK3RDBIQ
1567789747621,1DK3R0KUH
1567789747688,1DK3QGHOB
1567789747755,1DK409PD0
1567789747821,1DK3SCS71
1567789747888,1DK40EH8R
1567789747955,1DK40ASEJ
1567789748021,1DK3SHJD8
1567789748088,1DK425C24
1567789748155,1DK3VSNE1
1567789748222,1DK3ROQ5K
1567789748288,1DK3R2OSM
1567789748355,1DK3R31JC
1567789748421,1DK3SMEGU
1567789748488,1DK3PHN8U
1567789748555,1DK3QC4J9
1567789748621,1DK3U2308
1567789748689,1DK40MHBI
1567789748755,1DK3Q91B8
1567789748821,1DK424CRC
1567789748888,1DK3VFVVI
1567789748955,1DK3Q61EC
1567789749021,1DK3SHCH9
1567789749088,1DK3P87EN
1567789749155,1DK426RBG
1567789749221,1DK3TI4BU
1567789749288,1DK3STCA1
1567789749356,1DK3RCKKH
1567789749421,1DK3S7CT4
1567789749488,1DK3PVCC9
1567789749555,1DK3PBONV
1567789749621,1DK40F1B7
1567789749690,1DK3STE39
1567789749754,1DK424C3Q
1567789749821,1DK3VBLFT
1567789749888,1DK3S0QB0
1567789749954,1DK3QPB9B
1567789750021,1DK3PLLJD
1567789750088,1DK3V1N23
1567789750154,1DK3RCG8V
1567789750225,1DK3VRHDS
1567789750288,1DK3SKT4I
1567789750355,1DK3RQ1TA
1567789750421,1DK3UEC4L
1567789750488,1DK3RTIKS
1567789750555,1DK41TBEP
1567789750621,1DK417KB1
1567789750688,1DK3PF5M5
1567789750755,1DK3RKSSA
1567789750821,1DK40VET1
1567789750888,1DK3QU6D8
1567789750954,1DK4169LM
1567789751021,1DK3PJLEH
1567789751088,1DK41IO9A
1567789751154,1DK40AVCU
1567789751221,1DK41QN7I
1567789751288,1DK40ETNK
1567789751354,1DK3T8HP0
1567789751421,1DK4123M2
1567789751488,1DK3QRIM2
1567789751555,1DK3QE42V
1567789751621,1DK3SSASK
1567789751688,1DK40VEPI
1567789751755,1DK3TOD57
1567789751821,1DK40CN3A
1567789751888,1DK3SHQ6I
1567789751954,1DK3OUU35
1567789752021,1DK3RJUQP
1567789752088,1DK3ROAPD
1567789752155,1DK40I87U
1567789752221,1DK3USO8J
1567789752288,1DK3T0R0D
1567789752354,1DK3RFLAA
1567789752421,1DK40NSDT
1567789752488,1DK3Q918R
1567789752554,1DK3PBQ7E
1567789752621,1DK3RFLPI
1567789752689,1DK3RVNIV
1567789752754,1DK3P5AJK
1567789752821,1DK3RI0E7
1567789752888,1DK41O0O4
1567789752954,1DK3PB95G
1567789753021,1DK427A8P
1567789753088,1DK3UJ5LV
1567789753154,1DK3Q4BL8
1567789753221,1DK40IN5I
1567789753288,1DK3QK2S4
1567789753354,1DK3VV7ES
1567789753421,1DK3TFF7J
1567789753488,1DK3PUL10
1567789753554,1DK42328O
1567789753621,1DK3SVAI1
1567789753688,1DK41J1N2
1567789753754,1DK414FF1
1567789753821,1DK3P6O6L
1567789753888,1DK413NKD
1567789753954,1DK3P0GO9
1567789754021,1DK3VM4PP
1567789754088,1DK3TVFI6
1567789754154,1DK3PI96C
1567789754221,1DK41QBQM
1567789754288,1DK3PNIKI
1567789754355,1DK3RGFBH
1567789754421,1DK3SC8JD
1567789754488,1DK3QKG70
1567789754554,1DK4040JM
1567789754621,1DK40F8ON
1567789754688,1DK3U99N8
1567789754755,1DK3Q6LQ7
1567789754821,1DK40H0R3
1567789754888,1DK3V1BCT
1567789754954,1DK3UGNDJ
1567789755021,1DK3R0GGU
1567789755088,1DK3SP0GI
1567789755154,1DK40TGUV
1567789755221,1DK3VPEGQ
1567789755288,1DK3VB46G
1567789755355,1DK3TH930
1567789755421,1DK3TNBE5
1567789755489,1DK3SEGGU
1567789755555,1DK4105LD
1567789755621,1DK3TCA50
1567789755688,1DK41D3EV
1567789755754,1DK3S1U33
1567789755821,1DK3QQ4UE
1567789755888,1DK3SGLNC
1567789755955,1DK40NU3T
1567789756021,1DK420O1A
1567789756088,1DK3U1F5U
1567789756155,1DK3P9CS7
1567789756221,1DK3R0861
1567789756288,1DK413BRK
1567789756354,1DK3UA7JQ
1567789756421,1DK3UNV9H
1567789756488,1DK3QBHVQ
1567789756554,1DK3Q6APH
1567789756623,1DK3SV6AH
1567789756688,1DK40FJBK
1567789756755,1DK3PPKO5
1567789756821,1DK3OSS0V
1567789756888,1DK3SHO50
1567789756954,1DK3VK754
1567789757021,1DK40QKQ8
1567789757088,1DK420TML
1567789757155,1DK3UJ2SI
1567789757221,1DK3UOS8K
1567789757288,1DK40ISR9
1567789757354,1DK423P7I
1567789757421,1DK3S8EBD
1567789757488,1DK3SKEQ9
1567789757554,1DK3QCGBD
1567789757621,1DK3R161M
1567789757688,1DK3TQD7V
1567789757754,1DK3VSO4P
1567789757821,1DK3U2HT9
1567789757888,1DK3Q4RG1
1567789757954,1DK3QKUN0
1567789758021,1DK3SUBQR
1567789758088,1DK3TURDH
1567789758154,1DK3VD857
1567789758221,1DK3UR5SM
1567789758288,1DK3THNTL
1567789758354,1DK3S70J9
1567789758421,1DK3S1VIR
1567789758488,1DK3QGRP6
1567789758554,1DK3VGK95
1567789758621,1DK3T4NH3
1567789758688,1DK3TC2GI
1567789758754,1DK40DRML
1567789758821,1DK3Q7RVF
1567789758888,1DK3T9ELE
1567789758954,1DK3UG3VL
1567789759021,1DK3PKMHU
1567789759088,1DK41DJHL
1567789759155,1DK3S88N1
1567789759221,1DK418F51
1567789759288,1DK3VS104
1567789759355,1DK3PSBLK
1567789759421,1DK420A7K
1567789759488,1DK41FGQJ
1567789759554,1DK3QSO2M
1567789759621,1DK417K9D
1567789759688,1DK3UBMLP
1567789759754,1DK3R1HC5
1567789759821,1DK3PP028
1567789759888,1DK3TGUN7
1567789759954,1DK3Q16MV
1567789760021,1DK3Q685Q
1567789760088,1DK3U5103
1567789760157,1DK3UG8R6
1567789760223,1DK41NVMG
1567789760288,1DK3U3J3Q
1567789760354,1DK3ORKI4
1567789760421,1DK40BLNV
1567789760488,1DK3QOS86
1567789760554,1DK4266D6
1567789760623,1DK3SJVH6
1567789760688,1DK4112AP
1567789760754,1DK3QDV5C
1567789760821,1DK3P9BJ8
1567789760888,1DK3TEOS1
1567789760954,1DK3P5Q7F
1567789761021,1DK3TDPJ4
1567789761088,1DK408RK9
1567789761154,1DK3VL2PG
1567789761221,1DK40J362
1567789761288,1DK3PABI8
1567789761355,1DK407SHO
1567789761421,1DK3PMG9C
1567789761488,1DK41CO5N
1567789761554,1DK405NV0
1567789761621,1DK420899
1567789761688,1DK3RM6LE
1567789761754,1DK3ROV11
1567789761821,1DK3R8Q10
1567789761888,1DK3SLALR
1567789761954,1DK3ORH4D
1567789762023,1DK3VOL6R
1567789762088,1DK41K91K
1567789762154,1DK3UMJOS
1567789762221,1DK3OV204
1567789762288,1DK41PGIH
1567789762354,1DK3V5FQD
1567789762421,1DK40RK8I
1567789762488,1DK3SHGHA
1567789762554,1DK426NOG
1567789762621,1DK3PRARS
1567789762688,1DK41P7BL
1567789762754,1DK3RGV7N
1567789762821,1DK3TGJBS
1567789762888,1DK3TLQSC
1567789762954,1DK40B70N
1567789763021,1DK401JBB
1567789763088,1DK420M2G
1567789763154,1DK3S4HVD
1567789763221,1DK40VT28
1567789763288,1DK3TH2R5
1567789763354,1DK3STLHC
1567789763421,1DK40NRQE
1567789763488,1DK3PVKHE
1567789763554,1DK3R071V
1567789763621,1DK3QH7BD
1567789763688,1DK3RIPQA
1567789763754,1DK3QCDGM
1567789763821,1DK3PMCPC
1567789763888,1DK3SHMDE
1567789763954,1DK3V1MPL
1567789764021,1DK3QHCPR
1567789764088,1DK3PS60R
1567789764154,1DK3SMQSO
1567789764221,1DK41BLIT
1567789764288,1DK40ET8B
1567789764354,1DK423BRA
1567789764421,1DK40O51Q
1567789764488,1DK3R0D1K
1567789764554,1DK3RST4C
1567789764621,1DK418ITC
1567789764688,1DK3TJVHE
1567789764754,1DK40B355
1567789764821,1DK3SAFS1
1567789764888,1DK41NA1U
1567789764957,1DK3VMB5B
1567789765021,1DK3R71KI
1567789765088,1DK3SI7SD
1567789765154,1DK3QA4JN
1567789765221,1DK419NNK
1567789765288,1DK3S4PH2
1567789765354,1DK3T530J
1567789765421,1DK3S1LIM
1567789765488,1DK3SETI6
1567789765554,1DK3UJ6BE
1567789765621,1DK3OTDLF
1567789765688,1DK3P1FI5
1567789765754,1DK3RJMJ8
1567789765821,1DK3S6EAB
1567789765888,1DK40TL4C
1567789765954,1DK3SMKV7
1567789766021,1DK41LNGJ
1567789766088,1DK3OU6NT
1567789766154,1DK3POG0L
1567789766221,1DK3QPKFA
1567789766288,1DK3QTO10
1567789766354,1DK40CONP
1567789766421,1DK3ULGHE
1567789766488,1DK425U1V
1567789766554,1DK3SQM88
1567789766621,1DK428SF3
1567789766689,1DK40EREM
1567789766754,1DK41MESI
1567789766821,1DK3SLIUS
1567789766888,1DK41N8VR
1567789766957,1DK3RA8JL
1567789767021,1DK41MS69
1567789767088,1DK3UR8FG
1567789767154,1DK3UFH2P
1567789767221,1DK3RT5OU
1567789767288,1DK40KT4H
1567789767355,1DK3PLNSH
1567789767421,1DK3S1KH6
1567789767488,1DK3VDU11
1567789767554,1DK3RDULM
1567789767621,1DK3U07CI
1567789767688,1DK3UI5SH
1567789767754,1DK3V0752
1567789767821,1DK3RGUFN
1567789767888,1DK3UCVBM
1567789767954,1DK412844
1567789768021,1DK3PID5C
1567789768088,1DK424JSL
1567789768154,1DK3QP9KI
1567789768221,1DK3SAU4O
1567789768288,1DK3PC2OF
1567789768354,1DK3VUR8L
1567789768421,1DK3TEK7Q
1567789768488,1DK3Q0VSF
1567789768554,1DK3SDARU
1567789768621,1DK3QOKAJ
1567789768688,1DK40BRID
1567789768754,1DK3THD2S
1567789768821,1DK3S0GK4
1567789768888,1DK3VD4BO
1567789768954,1DK3RSL40
1567789769021,1DK3RALMB
1567789769088,1DK3VMPI4
1567789769154,1DK4078IU
1567789769221,1DK40H4G7
1567789769288,1DK40U08D
1567789769354,1DK3TUU3A
1567789769421,1DK3T67KD
1567789769488,1DK3UUF5Q
1567789769554,1DK3R7BIB
1567789769621,1DK415UDP
1567789769688,1DK405PB1
1567789769754,1DK3PQC8G
1567789769821,1DK40AKER
1567789769888,1DK3QRBHL
1567789769954,1DK3RAGSQ
1567789770021,1DK3PGF3U
1567789770088,1DK3SBHQA
1567789770156,1DK41894I
1567789770221,1DK40U1OV
1567789770288,1DK3TO3DP
1567789770354,1DK3TC7IH
1567789770421,1DK3Q4Q8A
1567789770488,1DK3Q8KGR
1567789770556,1DK3POON2
1567789770621,1DK40D69S
1567789770688,1DK3QSCF4
1567789770754,1DK3SK1S1
1567789770821,1DK3VQ8T0
1567789770888,1DK3VSBK3
1567789770954,1DK3OVS83
1567789771021,1DK3VPDRC
1567789771088,1DK3SF7C0
1567789771154,1DK3OU9FA
1567789771221,1DK42BTH9
1567789771288,1DK41NSC4
1567789771354,1DK4082GB
1567789771421,1DK3RBGRB
1567789771488,1DK3ORUH9
1567789771554,1DK3SBLIN
1567789771621,1DK3V6PR7
1567789771688,1DK3P3UO6
1567789771754,1DK41C6U8
1567789771823,1DK3OUNAN
1567789771888,1DK3PNCIH
1567789771954,1DK416GKK
1567789772021,1DK3TVU67
1567789772088,1DK3PHQAP
1567789772154,1DK3UJ81G
1567789772221,1DK3UJD9F
1567789772288,1DK3UF2H5
1567789772354,1DK4230TC
1567789772421,1DK4268K4
1567789772488,1DK3VK357
1567789772555,1DK40ET89
1567789772621,1DK3SOK08
1567789772688,1DK3RGB47
1567789772754,1DK3QRJFL
1567789772821,1DK3R9OGI
1567789772888,1DK3QR543
1567789772954,1DK3SGV2D
1567789773021,1DK3VTCTO
1567789773088,1DK42ABGH
1567789773154,1DK3Q9TMV
1567789773221,1DK3PH3ST
1567789773288,1DK3QC3MA
1567789773354,1DK41D0PA
1567789773421,1DK3T50EL
1567789773488,1DK3UTA9J
1567789773555,1DK3QMJBO
1567789773621,1DK3VRQ81
1567789773688,1DK40QTUS
1567789773754,1DK3SLMD9
1567789773821,1DK3UQNKJ
1567789773888,1DK41GTFK
1567789773954,1DK3SUDBK
1567789774021,1DK41LNAR
1567789774088,1DK41CN3S
1567789774154,1DK3P86AK
1567789774221,1DK3Q0S5Q
1567789774288,1DK3T8Q3S
1567789774354,1DK40PSVO
1567789774421,1DK41JBBQ
1567789774488,1DK3RR1VV
1567789774554,1DK3TJGVM
1567789774621,1DK3TBF3U
1567789774688,1DK3PBHI4
1567789774754,1DK40JTH1
1567789774821,1DK41V4SJ
1567789774888,1DK3QL2PI
1567789774954,1DK427B76
1567789775021,1DK3PHABQ
1567789775088,1DK41Q54K
1567789775154,1DK3STDLU
1567789775221,1DK3VTL5V
1567789775289,1DK3S3861
1567789775354,1DK3Q2IRN
1567789775423,1DK3RBO96
1567789775488,1DK40USEB
1567789775554,1DK409LR8
1567789775621,1DK40LDO3
1567789775688,1DK3S3BVP
1567789775754,1DK3V2GH1
1567789775821,1DK3SQE8D
1567789775888,1DK3Q52I2
1567789775954,1DK3UDVDQ
1567789776021,1DK401IBL
1567789776088,1DK3TOV3Q
1567789776154,1DK40B75Q
1567789776221,1DK3P3944
1567789776301,1DK3QI2FR
1567789776354,1DK3VKIOA
1567789776421,1DK4298PV
1567789776488,1DK3QGGBK
1567789776554,1DK3PARNM
1567789776621,1DK3TE7T9
1567789776688,1DK3TPB4T
1567789776754,1DK41T5GB
1567789776821,1DK3SJ42I
1567789776888,1DK3UNG81
1567789776954,1DK3SR3JN
1567789777021,1DK3U6NJ3
1567789777088,1DK4177O8
1567789777154,1DK3TG389
1567789777221,1DK3TS14R
1567789777288,1DK3TCAFO
1567789777354,1DK3VHK9G
1567789777421,1DK3UMEMI
1567789777488,1DK3VIJHO
1567789777554,1DK3U72KQ
1567789777621,1DK3V8E8K
1567789777688,1DK3RQ48T
1567789777755,1DK3TVJA2
1567789777821,1DK3S0RO6
1567789777888,1DK3UI90I
1567789777954,1DK3VEQRL
1567789778021,1DK3RPO8A
1567789778088,1DK3RT1QV
1567789778154,1DK3UMUHE
1567789778221,1DK3UQRHH
1567789778288,1DK41IKCF
1567789778354,1DK3U168L
1567789778422,1DK3SEV7Q
1567789778488,1DK3SSDAQ
1567789778554,1DK40RA42
1567789778621,1DK40FM26
1567789778688,1DK3R7U8K
1567789778754,1DK402N0M
1567789778821,1DK40OMNB
1567789778888,1DK3R1VC7
1567789778954,1DK41Q80P
1567789779021,1DK3UOCFO
1567789779088,1DK3PJEJC
1567789779154,1DK3SENV4
1567789779221,1DK40P4JQ
1567789779288,1DK3TUCPI
1567789779354,1DK3S79P2
1567789779421,1DK3R2M7K
1567789779488,1DK3P6HA0
1567789779554,1DK3TFPP7
1567789779621,1DK41M5RJ
1567789779688,1DK3SRUAG
1567789779754,1DK40NLVM
1567789779821,1DK3SGNVN
1567789779888,1DK3U83GL
1567789779954,1DK3QQQLA
1567789780021,1DK3QHNAC
1567789780088,1DK3RAS8C
1567789780154,1DK3SRBBM
1567789780221,1DK3PDIS5
1567789780288,1DK40GB66
1567789780354,1DK41AKCJ
1567789780421,1DK3SAAKA
1567789780488,1DK3VI9EM
1567789780554,1DK3P87E5
1567789780621,1DK3ORHKN
1567789780688,1DK41I22C
1567789780754,1DK3S857I
1567789780821,1DK40J4RQ
1567789780888,1DK3P2QHE
1567789780954,1DK3PU0A4
1567789781021,1DK3VRSRH
1567789781088,1DK3UD1CG
1567789781154,1DK3VKT8R
1567789781221,1DK3UHKPV
1567789781288,1DK3OVMP3
1567789781354,1DK3VC9LO
1567789781421,1DK417M0T
1567789781488,1DK4262MI
1567789781554,1DK3U0P2B
1567789781621,1DK3RSK9P
1567789781688,1DK40MA78
1567789781754,1DK3T5556
1567789781821,1DK40RKPU
1567789781887,1DK3PJEOF
1567789781954,1DK3QI88B
1567789782021,1DK3QPPMB
1567789782088,1DK3UKE4Q
1567789782154,1DK3ST8N5
1567789782221,1DK3SS5N6
1567789782288,1DK40TSHK
1567789782354,1DK3RAQOG
1567789782421,1DK3SCT1L
1567789782488,1DK3VQLOC
1567789782554,1DK3TL21O
1567789782621,1DK3TV8K5
1567789782688,1DK41O89Q
1567789782754,1DK3UBPB9
1567789782821,1DK3Q04MC
1567789782888,1DK3P6657
1567789782954,1DK3QAHA6
1567789783022,1DK3S8DOA
1567789783088,1DK3QV4UO
1567789783155,1DK3U8D82
1567789783221,1DK3UE4LN
1567789783288,1DK41FNKI
1567789783354,1DK3R8NRE
1567789783421,1DK3R8D76
1567789783488,1DK3U3VCF
1567789783554,1DK3SKLUP
1567789783621,1DK3UM8N8
1567789783688,1DK3S6OCA
1567789783754,1DK40PUUD
1567789783821,1DK3TLBU7
1567789783887,1DK3QB2HE
1567789783954,1DK3VIJ2J
1567789784022,1DK3PGJJK
1567789784088,1DK42A6B6
1567789784154,1DK41400O
1567789784221,1DK3UG58Q
1567789784287,1DK3SC3CM
1567789784354,1DK40A1ME
1567789784421,1DK3U2SF1
1567789784487,1DK3V1VGF
1567789784554,1DK3UNM2P
1567789784621,1DK3V4GR4
1567789784687,1DK3VJAUN
1567789784757,1DK42C8FI
1567789784821,1DK3S9AK1
1567789784887,1DK3RB1IA
1567789784954,1DK41HT7S
1567789785021,1DK3TMV3F
1567789785088,1DK42A0FF
1567789785154,1DK3PIIKK
1567789785221,1DK3SOH48
1567789785287,1DK3S7Q84
1567789785354,1DK3SQ3GT
1567789785422,1DK40QBQN
1567789785488,1DK3U6D67
1567789785554,1DK3QTCMD
1567789785622,1DK3V8UUG
1567789785687,1DK3VJKNA
1567789785754,1DK41RDQF
1567789785823,1DK40343P
1567789785888,1DK3R2H7R
1567789785954,1DK3QHIKI
1567789786021,1DK3QH7G4
1567789786087,1DK4082BD
1567789786154,1DK3SIV5C
1567789786221,1DK40EDTK
1567789786287,1DK3S2B0V
1567789786354,1DK3U3N97
1567789786421,1DK3U8D4G
1567789786488,1DK3PUJP9
1567789786554,1DK41EMRM
1567789786621,1DK41RUEQ
1567789786688,1DK3VHQD9
1567789786754,1DK3PPSTV
1567789786821,1DK40VERV
1567789786888,1DK40OUF6
1567789786954,1DK3OS0SD
1567789787021,1DK3TF7V4
1567789787088,1DK3R54I5
1567789787154,1DK425OMD
1567789787221,1DK41DNLQ
1567789787288,1DK41UHNK
1567789787354,1DK3R1N6N
1567789787421,1DK3VD828
1567789787487,1DK3UUGCK
1567789787554,1DK3QR1N1
1567789787621,1DK3QTSBJ
1567789787687,1DK3VHJVC
1567789787754,1DK3UPQPU
1567789787821,1DK3QN2UI
1567789787887,1DK408V44
1567789787954,1DK3VNUP8
1567789788021,1DK405UAN
1567789788087,1DK3UT4GR
1567789788154,1DK3PQCLR
1567789788221,1DK3RFE36
1567789788287,1DK3PH6DR
1567789788366,1DK3QC6VE
1567789788421,1DK3RF8SJ
1567789788487,1DK3VM53L
1567789788554,1DK411V9D
1567789788621,1DK3QBKJ4
1567789788687,1DK3V45UB
1567789788754,1DK3VL6GS
1567789788821,1DK3Q8HDS
1567789788887,1DK3RBKEU
1567789788954,1DK3Q5JHV
1567789789021,1DK3QKCCH
1567789789087,1DK40SD82
1567789789154,1DK3UC588
1567789789221,1DK3OS1B5
1567789789288,1DK3TE56T
1567789789354,1DK4158G7
1567789789421,1DK3SK9FK
1567789789487,1DK3P9G6I
1567789789554,1DK426K4R
1567789789621,1DK3S38OU
1567789789687,1DK3TBTGE
1567789789754,1DK3V8OTA
1567789789821,1DK3QI2VQ
1567789789887,1DK41PB57
1567789789954,1DK3TSCH5
1567789790021,1DK3ORPD6
1567789790088,1DK3RB33N
1567789790154,1DK3QMSAU
1567789790221,1DK3V6ITK
1567789790290,1DK3OTS8G
1567789790354,1DK41I5MS
1567789790421,1DK3VFDS6
1567789790487,1DK3REF22
1567789790554,1DK3UN1BF
1567789790621,1DK3SIUTF
1567789790687,1DK3VAQF2
1567789790754,1DK3VVF66
1567789790821,1DK416HQK
1567789790887,1DK3TCQK5
1567789790954,1DK3TTEV2
1567789791021,1DK3P5J5G
1567789791087,1DK3SQUNI
1567789791154,1DK407LVM
1567789791221,1DK3QBUNA
1567789791287,1DK3TEGP5
1567789791354,1DK3P4UV9
1567789791421,1DK3OULIA
1567789791487,1DK3QINRS
1567789791554,1DK3Q8I9B
1567789791621,1DK3UN64Q
1567789791687,1DK3V5NEB
1567789791754,1DK40A936
1567789791821,1DK419RLE
1567789791887,1DK3PE4A8
1567789791954,1DK3S5F0O
1567789792021,1DK3PPKVL
1567789792088,1DK3SUO74
1567789792154,1DK3SPCM9
1567789792221,1DK3P16PI
1567789792287,1DK3S4FS8
1567789792357,1DK3TODP7
1567789792421,1DK3R0DDR
1567789792487,1DK3QVD2Q
1567789792554,1DK3RG0O1
1567789792621,1DK40054E
1567789792687,1DK3P8IQP
1567789792754,1DK3SBB2A
1567789792821,1DK3QSH5I
1567789792888,1DK3U2O5N
1567789792954,1DK41JRDK
1567789793021,1DK3VS5G1
1567789793087,1DK3UDGJV
1567789793154,1DK40HN5R
1567789793221,1DK3UGDS1
1567789793287,1DK3SORES
1567789793354,1DK3T9RH0
1567789793421,1DK401QJE
1567789793487,1DK3V4N5U
1567789793554,1DK3PR6OB
1567789793621,1DK3VP5H1
1567789793687,1DK42BCVK
1567789793754,1DK3PKS87
1567789793821,1DK3R59H7
1567789793889,1DK40ET7D
1567789793954,1DK3SSMCQ
1567789794021,1DK3US7MT
1567789794087,1DK3RT0QC
1567789794154,1DK3TLB3K
1567789794221,1DK3UUM4I
1567789794287,1DK3TQLQH
1567789794354,1DK3T31AP
1567789794421,1DK40U2MM
1567789794487,1DK3S08B7
1567789794554,1DK3QFCPB
1567789794621,1DK3R2FB2
1567789794687,1DK41E49I
1567789794755,1DK4232RC
1567789794821,1DK40OT9H
1567789794887,1DK402H2T
1567789794954,1DK3PID52
1567789795021,1DK3RSL16
1567789795087,1DK3TSR32
1567789795154,1DK3UURTL
1567789795221,1DK3V825P
1567789795287,1DK4163DC
1567789795354,1DK3TQGE6
1567789795421,1DK3VPF4I
1567789795487,1DK3SU80V
1567789795554,1DK3SB9AQ
1567789795621,1DK3VPVJU
1567789795687,1DK3T0S9I
1567789795754,1DK3TCAH1
1567789795821,1DK3V41RH
1567789795887,1DK3UGRVS
1567789795954,1DK3RSDJL
1567789796021,1DK3QN0TF
1567789796087,1DK3QAMM5
1567789796154,1DK3UEUN2
1567789796221,1DK3T2554
1567789796287,1DK3V9HMR
1567789796354,1DK3U1RUR
1567789796421,1DK3PPRHV
1567789796487,1DK3R2122
1567789796554,1DK41OESO
1567789796621,1DK3PPU7P
1567789796687,1DK3VRS4E
1567789796754,1DK3P6A79
1567789796821,1DK3OTB21
1567789796887,1DK40LP36
1567789796954,1DK3PNMGS
1567789797021,1DK40N282
1567789797087,1DK3R6NOM
1567789797154,1DK3PJIEI
1567789797221,1DK41DCG9
1567789797287,1DK41F87K
1567789797354,1DK3R25HL
1567789797421,1DK4093PG
1567789797487,1DK3PO24O
1567789797554,1DK3S1OVN
1567789797621,1DK3S451E
1567789797687,1DK3VD6QN
1567789797754,1DK3VD296
1567789797821,1DK41IS59
1567789797887,1DK41JCC0
1567789797954,1DK3SDK00
1567789798021,1DK3TI8D1
1567789798087,1DK42365M
1567789798154,1DK4054AL
1567789798221,1DK3V7AG1
1567789798287,1DK3PQ1KL
1567789798354,1DK3QQQP7
1567789798421,1DK3U7BOA
1567789798487,1DK3TFDEB
1567789798554,1DK3R23VE
1567789798621,1DK3P9NSU
1567789798687,1DK41QMDC
1567789798754,1DK3UVN6R
1567789798821,1DK40NKS5
1567789798887,1DK41PQKS
1567789798954,1DK3R84NU
1567789799021,1DK3TLLJ1
1567789799087,1DK4229PL
1567789799154,1DK3UC6QH
1567789799221,1DK4218O7
1567789799288,1DK3VR6U8
1567789799354,1DK3TETVB
1567789799421,1DK3V3HSC
1567789799487,1DK40GJLU
1567789799554,1DK3VKIO4
1567789799621,1DK41RMMD
1567789799687,1DK40395U
1567789799755,1DK3UIDBT
1567789799821,1DK3SH371
1567789799887,1DK3UVR67
1567789799954,1DK3S5833
1567789800021,1DK3TKS92
1567789800088,1DK3UK2TO
1567789800154,1DK3SDKN9
1567789800221,1DK40THMI
1567789800287,1DK3VEO8V
1567789800354,1DK3RVCMA
1567789800421,1DK3SUNAQ
1567789800487,1DK3TB64C
1567789800554,1DK3QFEHG
1567789800621,1DK3R5SGU
1567789800687,1DK3TB3OD
1567789800754,1DK3T3O5Q
1567789800821,1DK3RA0J2
1567789800914,1DK3VCAU6
1567789800958,1DK3P6FBH
1567789801021,1DK3RJA0B
1567789801087,1DK3TKKPL
1567789801154,1DK3PR8LI
1567789801221,1DK3SJAH3
1567789801287,1DK3U99JI
1567789801354,1DK3TFG6S
1567789801421,1DK426RRR
1567789801488,1DK41CCPL
1567789801554,1DK3SH17A
1567789801621,1DK3QUCSG
1567789801687,1DK41VGIR
1567789801754,1DK3SJKNC
1567789801821,1DK3P08UK
1567789801887,1DK42AQFV
1567789801954,1DK3T9G4M
1567789802021,1DK3R3NRI
1567789802087,1DK404F0O
1567789802154,1DK3Q7MLT
1567789802221,1DK3T2057
1567789802287,1DK3TAQ40
1567789802354,1DK3TVIKJ
1567789802421,1DK3T2UII
1567789802487,1DK40UEB6
1567789802557,1DK3THPJ5
1567789802621,1DK407HL0
1567789802687,1DK3OV74B
1567789802754,1DK3U762F
1567789802821,1DK3T1QOS
1567789802888,1DK3PKGV1
1567789802954,1DK40C2VJ
1567789803021,1DK3OU9F1
1567789803087,1DK3Q23KA
1567789803154,1DK3UKRHJ
1567789803221,1DK40CA83
1567789803287,1DK3PARUF
1567789803354,1DK3SEUA5
1567789803421,1DK3UOKP7
1567789803487,1DK3PE4MD
1567789803554,1DK3SKINM
1567789803621,1DK3S5F83
1567789803687,1DK3V19TT
1567789803754,1DK3S3QEN
1567789803821,1DK3U3G9F
1567789803887,1DK3V3733
1567789803954,1DK3S7T72
1567789804021,1DK3P673G
1567789804087,1DK429OCU
1567789804154,1DK3VKOBH
1567789804221,1DK3TS9LH
1567789804287,1DK3TATCJ
1567789804354,1DK3TOCFB
1567789804421,1DK3PPIPU
1567789804489,1DK3VH7QT
1567789804554,1DK409F7L
1567789804621,1DK3SFK73
1567789804687,1DK3SF524
1567789804754,1DK3V41Q1
1567789804821,1DK3V32RS
1567789804887,1DK3QUU6P
1567789804954,1DK422SQD
1567789805021,1DK3VGQ0Q
1567789805087,1DK3Q837V
1567789805154,1DK41FVR2
1567789805221,1DK3UK40E
1567789805287,1DK3PINPS
1567789805356,1DK3P5JNP
1567789805421,1DK3PTM51
1567789805487,1DK3P5STE
1567789805554,1DK3S89S1
1567789805621,1DK3RA14I
1567789805687,1DK3SD87V
1567789805754,1DK401FCQ
1567789805821,1DK4019OV
1567789805887,1DK3Q2B5G
1567789805954,1DK3TQO0I
1567789806021,1DK3S5HPO
1567789806087,1DK3UVCUH
1567789806154,1DK3VSERB
1567789806221,1DK3T6P0E
1567789806287,1DK3TMI2M
1567789806354,1DK3TR2CQ
1567789806421,1DK41VG24
1567789806487,1DK3PSTTP
1567789806554,1DK3T7V13
1567789806621,1DK3U3FCM
1567789806687,1DK3UEI0F
1567789806754,1DK3Q1NL2
1567789806821,1DK3UPBPS
1567789806887,1DK3QIUNO
1567789806954,1DK3TD4KG
1567789807021,1DK3UCJAO
1567789807087,1DK3TCTJD
1567789807156,1DK3TDK9J