executionStartTime,executionEndTime,executionLatency,containerId,containerStartTime,vmId,primeNumber,result,osType,nodeVersion,pName,vName,region,cName,raw,extras,statusCode,requestResponseLatency,requestTime,responseTime,requestId
1594825694340,1594825697385,3045,sls-uks-dev-tub-elasticity-benchmark.azurewebsites.net,1594824926871,RD501AC58EA03E,7500121,true,win32,v10.19.0,ACF,RD501AC58EA03E,UK South,1ED9P1NCC,622409e3d6a6e54cace781a8d35ff4326cb4a49584a7244661d27fa0d03111dc,79CE38B5FE696070C805DCC8F60158C28706817C42196A6E884225B51FA1BB17,200,3383,1594825694202,1594825697585,1ED9GTL3E
1594825692900,1594825697604,4704,sls-uks-dev-tub-elasticity-benchmark.azurewebsites.net,1594824940160,RD501AC58EA0AD,7500196,false,win32,v10.19.0,ACF,RD501AC58EA0AD,UK South,1ED9KKA6J,32d1da544a81d5165fcbaa3feb6f4562ccd8f6f54b15dbe0dfddd8308b236d2f,79CE38B5FE696070C805DCC8F60158C28706817C42196A6E884225B51FA1BB17,200,5428,1594825692569,1594825697997,1ED9IPK15
1594825696307,1594825699199,2892,sls-uks-dev-tub-elasticity-benchmark.azurewebsites.net,1594824907756,RD501AC58EDDAB,7500135,false,win32,v10.19.0,ACF,RD501AC58EDDAB,UK South,1ED9NORHF,f77cdac399392a2dbbc2d618001a862ad3841be56d8b6786390f03aee49e7f0f,79CE38B5FE696070C805DCC8F60158C28706817C42196A6E884225B51FA1BB17,200,3408,1594825696186,1594825699594,1ED9NJ8PI
1594825696591,1594825699543,2952,sls-uks-dev-tub-elasticity-benchmark.azurewebsites.net,1594824979144,RD501AC58EBF09,7500980,false,win32,v10.19.0,ACF,RD501AC58EBF09,UK South,1ED9KTCJ8,1f60989b44864eefba16713aac0ae8ea496c1da3b1ab90af4c426429c885bac8,79CE38B5FE696070C805DCC8F60158C28706817C42196A6E884225B51FA1BB17,200,3827,1594825696452,1594825700279,1ED9PQ3BP
1594825697405,1594825700375,2970,sls-uks-dev-tub-elasticity-benchmark.azurewebsites.net,1594824926871,RD501AC58EA03E,7500172,false,win32,v10.19.0,ACF,RD501AC58EA03E,UK South,1ED9P1NCC,622409e3d6a6e54cace781a8d35ff4326cb4a49584a7244661d27fa0d03111dc,79CE38B5FE696070C805DCC8F60158C28706817C42196A6E884225B51FA1BB17,200,5684,1594825694736,1594825700420,1ED9OBC3S
1594825698417,1594825701886,3469,sls-uks-dev-tub-elasticity-benchmark.azurewebsites.net,1594824912007,RD501AC58E75EB,7500625,false,win32,v10.19.0,ACF,RD501AC58E75EB,UK South,1ED9J24VS,d4eb535f9cc94a935cb48cc280916c3f1f99f876a634d892e873c91171b5d1a7,79CE38B5FE696070C805DCC8F60158C28706817C42196A6E884225B51FA1BB17,200,3962,1594825698269,1594825702231,1ED9OKQTK
1594825699199,1594825702233,3034,sls-uks-dev-tub-elasticity-benchmark.azurewebsites.net,1594824907756,RD501AC58EDDAB,7500466,false,win32,v10.19.0,ACF,RD501AC58EDDAB,UK South,1ED9NORHF,f77cdac399392a2dbbc2d618001a862ad3841be56d8b6786390f03aee49e7f0f,79CE38B5FE696070C805DCC8F60158C28706817C42196A6E884225B51FA1BB17,200,4176,1594825698353,1594825702529,1ED9NKCBM
1594825700318,1594825703352,3034,sls-uks-dev-tub-elasticity-benchmark.azurewebsites.net,1594824950669,RD501AC58E87B2,7500864,false,win32,v10.19.0,ACF,RD501AC58E87B2,UK South,1ED9G8NC3,4300f504668eb50daedc35f96cd0392e3a685710075b8621969d65e4f5dc63bf,79CE38B5FE696070C805DCC8F60158C28706817C42196A6E884225B51FA1BB17,200,3600,1594825700169,1594825703769,1ED9PPQAT
1594825700161,1594825703426,3265,sls-uks-dev-tub-elasticity-benchmark.azurewebsites.net,1594824906595,RD501AC58EE9BD,7500899,false,win32,v10.19.0,ACF,RD501AC58EE9BD,UK South,1ED9LCG79,8aa2b582726f44867162c2bf51dead73752c20d4401403c095e15b470ca5dba2,79CE38B5FE696070C805DCC8F60158C28706817C42196A6E884225B51FA1BB17,200,3836,1594825700035,1594825703871,1ED9KD0Q5
1594825701215,1594825703795,2580,sls-uks-dev-tub-elasticity-benchmark.azurewebsites.net,1594824944862,RD501AC58EE32F,7500488,false,win32,v10.19.0,ACF,RD501AC58EE32F,UK South,1ED9NEV65,21e2c8f2e1bf6111d2a91f3bceb99d2c65a6012731b4daed5fa0dd8e020b51dc,79CE38B5FE696070C805DCC8F60158C28706817C42196A6E884225B51FA1BB17,200,3245,1594825701069,1594825704314,1ED9JKUBR
1594825701778,1594825704770,2992,sls-uks-dev-tub-elasticity-benchmark.azurewebsites.net,1594824920124,RD501AC58EBE29,7500438,false,win32,v10.19.0,ACF,RD501AC58EBE29,UK South,1ED9KLJV2,121b711f0e11522d571394752c155c5d22b9b452e606e0eda63992fb10cda496,79CE38B5FE696070C805DCC8F60158C28706817C42196A6E884225B51FA1BB17,200,3237,1594825701636,1594825704873,1ED9ISBNS
1594825699586,1594825702657,3071,sls-uks-dev-tub-elasticity-benchmark.azurewebsites.net,1594824979144,RD501AC58EBF09,7500760,false,win32,v10.19.0,ACF,RD501AC58EBF09,UK South,1ED9KTCJ8,1f60989b44864eefba16713aac0ae8ea496c1da3b1ab90af4c426429c885bac8,79CE38B5FE696070C805DCC8F60158C28706817C42196A6E884225B51FA1BB17,200,8200,1594825697686,1594825705886,1ED9HLQ8L
1594825697906,1594825702744,4838,sls-uks-dev-tub-elasticity-benchmark.azurewebsites.net,1594824940160,RD501AC58EA0AD,7500795,false,win32,v10.19.0,ACF,RD501AC58EA0AD,UK South,1ED9KKA6J,32d1da544a81d5165fcbaa3feb6f4562ccd8f6f54b15dbe0dfddd8308b236d2f,79CE38B5FE696070C805DCC8F60158C28706817C42196A6E884225B51FA1BB17,200,13322,1594825693185,1594825706507,1ED9ILV7E
1594825703906,1594825706528,2622,sls-uks-dev-tub-elasticity-benchmark.azurewebsites.net,1594824944862,RD501AC58EE32F,7500705,false,win32,v10.19.0,ACF,RD501AC58EE32F,UK South,1ED9NEV65,21e2c8f2e1bf6111d2a91f3bceb99d2c65a6012731b4daed5fa0dd8e020b51dc,79CE38B5FE696070C805DCC8F60158C28706817C42196A6E884225B51FA1BB17,200,3471,1594825703452,1594825706923,1ED9K3GP2
1594825703432,1594825706795,3363,sls-uks-dev-tub-elasticity-benchmark.azurewebsites.net,1594824921664,RD501AC58EE335,7500455,false,win32,v10.19.0,ACF,RD501AC58EE335,UK South,1ED9GA3B8,60e5389f0301c657bfe4348280425b5c6f305ccc46a2d6cd63c3c3130d374f1e,79CE38B5FE696070C805DCC8F60158C28706817C42196A6E884225B51FA1BB17,200,3914,1594825703287,1594825707201,1ED9LHM6L
1594825703437,1594825706817,3380,sls-uks-dev-tub-elasticity-benchmark.azurewebsites.net,1594824906595,RD501AC58EE9BD,7500745,false,win32,v10.19.0,ACF,RD501AC58EE9BD,UK South,1ED9LCG79,8aa2b582726f44867162c2bf51dead73752c20d4401403c095e15b470ca5dba2,79CE38B5FE696070C805DCC8F60158C28706817C42196A6E884225B51FA1BB17,200,5032,1594825702269,1594825707301,1ED9JC068
1594825703947,1594825707371,3424,sls-uks-dev-tub-elasticity-benchmark.azurewebsites.net,1594824960794,RD501AC58EAD0C,7500848,false,win32,v10.19.0,ACF,RD501AC58EAD0C,UK South,1ED9K1P42,1028d78d666e9f22c35877ad4ad23915976477f8ae7826f5b20f2538d086ddf7,79CE38B5FE696070C805DCC8F60158C28706817C42196A6E884225B51FA1BB17,200,3874,1594825703669,1594825707543,1ED9NIPLQ
1594825705092,1594825708186,3094,sls-uks-dev-tub-elasticity-benchmark.azurewebsites.net,1594824920124,RD501AC58EBE29,7500195,false,win32,v10.19.0,ACF,RD501AC58EBE29,UK South,1ED9KLJV2,121b711f0e11522d571394752c155c5d22b9b452e606e0eda63992fb10cda496,79CE38B5FE696070C805DCC8F60158C28706817C42196A6E884225B51FA1BB17,200,3286,1594825705002,1594825708288,1ED9JSA6S
1594825705030,1594825708295,3265,sls-uks-dev-tub-elasticity-benchmark.azurewebsites.net,1594824919045,RD501AC58ED730,7500684,false,win32,v10.19.0,ACF,RD501AC58ED730,UK South,1ED9NHH1M,519d0f33e8ca84402abccb6f29ac6c309c2c7ff7da03b262009aadabb8e93a20,79CE38B5FE696070C805DCC8F60158C28706817C42196A6E884225B51FA1BB17,200,3473,1594825704918,1594825708391,1ED9GGKJO
1594825701902,1594825704370,2468,sls-uks-dev-tub-elasticity-benchmark.azurewebsites.net,1594824912007,RD501AC58E75EB,7500022,false,win32,v10.19.0,ACF,RD501AC58E75EB,UK South,1ED9J24VS,d4eb535f9cc94a935cb48cc280916c3f1f99f876a634d892e873c91171b5d1a7,79CE38B5FE696070C805DCC8F60158C28706817C42196A6E884225B51FA1BB17,200,9899,1594825699386,1594825709285,1ED9KOANB
1594825706578,1594825709280,2702,sls-uks-dev-tub-elasticity-benchmark.azurewebsites.net,1594824944862,RD501AC58EE32F,7500894,false,win32,v10.19.0,ACF,RD501AC58EE32F,UK South,1ED9NEV65,21e2c8f2e1bf6111d2a91f3bceb99d2c65a6012731b4daed5fa0dd8e020b51dc,79CE38B5FE696070C805DCC8F60158C28706817C42196A6E884225B51FA1BB17,200,5229,1594825704502,1594825709731,1ED9IMVO7
1594825707535,1594825710958,3423,sls-uks-dev-tub-elasticity-benchmark.azurewebsites.net,1594824947796,RD0050F2BD54A9,7500949,true,win32,v10.19.0,ACF,RD0050F2BD54A9,UK South,1ED9L6NCU,a53a16ff78af55005e5c8c9fc68717042b7c9d8f22930158d1152d1183add9a5,79CE38B5FE696070C805DCC8F60158C28706817C42196A6E884225B51FA1BB17,200,3778,1594825707404,1594825711182,1ED9M2EMS
1594825707667,1594825710980,3313,sls-uks-dev-tub-elasticity-benchmark.azurewebsites.net,1594824960794,RD501AC58EAD0C,7500707,true,win32,v10.19.0,ACF,RD501AC58EAD0C,UK South,1ED9K1P42,1028d78d666e9f22c35877ad4ad23915976477f8ae7826f5b20f2538d086ddf7,79CE38B5FE696070C805DCC8F60158C28706817C42196A6E884225B51FA1BB17,200,3880,1594825707554,1594825711434,1ED9LGGC2
1594825708420,1594825711375,2955,sls-uks-dev-tub-elasticity-benchmark.azurewebsites.net,1594824920124,RD501AC58EBE29,7500596,false,win32,v10.19.0,ACF,RD501AC58EBE29,UK South,1ED9KLJV2,121b711f0e11522d571394752c155c5d22b9b452e606e0eda63992fb10cda496,79CE38B5FE696070C805DCC8F60158C28706817C42196A6E884225B51FA1BB17,200,3464,1594825708336,1594825711800,1ED9N7CNP
1594825702657,1594825705670,3013,sls-uks-dev-tub-elasticity-benchmark.azurewebsites.net,1594824979144,RD501AC58EBF09,7500591,false,win32,v10.19.0,ACF,RD501AC58EBF09,UK South,1ED9KTCJ8,1f60989b44864eefba16713aac0ae8ea496c1da3b1ab90af4c426429c885bac8,79CE38B5FE696070C805DCC8F60158C28706817C42196A6E884225B51FA1BB17,200,13517,1594825698302,1594825711819,1ED9H70EH
1594825708467,1594825711518,3051,sls-uks-dev-tub-elasticity-benchmark.azurewebsites.net,1594824919045,RD501AC58ED730,7500798,false,win32,v10.19.0,ACF,RD501AC58ED730,UK South,1ED9NHH1M,519d0f33e8ca84402abccb6f29ac6c309c2c7ff7da03b262009aadabb8e93a20,79CE38B5FE696070C805DCC8F60158C28706817C42196A6E884225B51FA1BB17,200,3526,1594825708370,1594825711896,1ED9N18AT
,,,,,,,,,,,,,,,,503,1640,1594825710436,1594825712076,1ED9N61E9
,,,,,,,,,,,,,,,,503,332,1594825711936,1594825712268,1ED9JUVEQ
,,,,,,,,,,,,,,,,503,272,1594825712003,1594825712275,1ED9H2N56
1594825700652,1594825703353,2701,sls-uks-dev-tub-elasticity-benchmark.azurewebsites.net,1594824926871,RD501AC58EA03E,7500597,false,win32,v10.19.0,ACF,RD501AC58EA03E,UK South,1ED9P1NCC,622409e3d6a6e54cace781a8d35ff4326cb4a49584a7244661d27fa0d03111dc,79CE38B5FE696070C805DCC8F60158C28706817C42196A6E884225B51FA1BB17,200,14951,1594825697519,1594825712470,1ED9N7RL5
,,,,,,,,,,,,,,,,503,1692,1594825711687,1594825713379,1ED9LDDE5
,,,,,,,,,,,,,,,,503,2513,1594825710869,1594825713382,1ED9OSG2N
,,,,,,,,,,,,,,,,503,2498,1594825710885,1594825713383,1ED9I86J0
,,,,,,,,,,,,,,,,503,2906,1594825710551,1594825713457,1ED9H4I9S
,,,,,,,,,,,,,,,,503,140,1594825713334,1594825713474,1ED9OEPC6
1594825711548,1594825714764,3216,sls-uks-dev-tub-elasticity-benchmark.azurewebsites.net,1594824919045,RD501AC58ED730,7500381,false,win32,v10.19.0,ACF,RD501AC58ED730,UK South,1ED9NHH1M,519d0f33e8ca84402abccb6f29ac6c309c2c7ff7da03b262009aadabb8e93a20,79CE38B5FE696070C805DCC8F60158C28706817C42196A6E884225B51FA1BB17,200,6589,1594825708503,1594825715092,1ED9IF4S4
1594825712415,1594825714775,2360,sls-uks-dev-tub-elasticity-benchmark.azurewebsites.net,1594825712305,RD501AC58EA028,7500245,false,win32,v10.19.0,ACF,RD501AC58EA028,UK South,1ED9PFKE6,f798a5d59f1c3d1489a4b197779bfa953c88b216f7c0c1aadd6e5cb7de62688d,79CE38B5FE696070C805DCC8F60158C28706817C42196A6E884225B51FA1BB17,200,3195,1594825711985,1594825715180,1ED9PJEB8
,,,,,,,,,,,,,,,,503,930,1594825714302,1594825715232,1ED9HMPAA
,,,,,,,,,,,,,,,,503,2507,1594825712735,1594825715242,1ED9J3LL6
,,,,,,,,,,,,,,,,503,530,1594825714719,1594825715249,1ED9OEEOG
,,,,,,,,,,,,,,,,503,187,1594825715184,1594825715371,1ED9GQBBK
,,,,,,,,,,,,,,,,503,171,1594825715201,1594825715372,1ED9H2GNG
,,,,,,,,,,,,,,,,503,223,1594825715151,1594825715374,1ED9I4OI5
1594825702245,1594825704824,2579,sls-uks-dev-tub-elasticity-benchmark.azurewebsites.net,1594824907756,RD501AC58EDDAB,7500925,false,win32,v10.19.0,ACF,RD501AC58EDDAB,UK South,1ED9NORHF,f77cdac399392a2dbbc2d618001a862ad3841be56d8b6786390f03aee49e7f0f,79CE38B5FE696070C805DCC8F60158C28706817C42196A6E884225B51FA1BB17,200,16149,1594825699252,1594825715401,1ED9P5LOA
,,,,,,,,,,,,,,,,503,2051,1594825713901,1594825715952,1ED9I2QHF
,,,,,,,,,,,,,,,,503,1185,1594825714769,1594825715954,1ED9JRDG3
,,,,,,,,,,,,,,,,503,285,1594825715670,1594825715955,1ED9NRQ28
,,,,,,,,,,,,,,,,503,1755,1594825714202,1594825715957,1ED9ML7G8
,,,,,,,,,,,,,,,,503,1190,1594825714935,1594825716125,1ED9I06DH
,,,,,,,,,,,,,,,,503,930,1594825716469,1594825717399,1ED9GL0EH
,,,,,,,,,,,,,,,,503,1598,1594825715802,1594825717400,1ED9NB1RO
,,,,,,,,,,,,,,,,503,1833,1594825715568,1594825717401,1ED9N083H
,,,,,,,,,,,,,,,,503,1215,1594825716201,1594825717416,1ED9O25T9
,,,,,,,,,,,,,,,,503,174,1594825717320,1594825717494,1ED9JRG8O
,,,,,,,,,,,,,,,,503,126,1594825717369,1594825717495,1ED9ONLF4
,,,,,,,,,,,,,,,,503,130,1594825717385,1594825717515,1ED9P50TI
1594825691329,1594825717645,26316,sls-uks-dev-tub-elasticity-benchmark.azurewebsites.net,1594824990901,RD501AC58EE381,7500527,false,win32,v10.19.0,ACF,RD501AC58EE381,UK South,1ED9LFRQU,677ccf51ddbc35769908cc4f1d3bf6727dd496b2b396a5ba3254b729dd1c8513,79CE38B5FE696070C805DCC8F60158C28706817C42196A6E884225B51FA1BB17,200,26916,1594825691107,1594825718023,1ED9LSHTP
,,,,,,,,,,,,,,,,503,2893,1594825715168,1594825718061,1ED9KI6NO
,,,,,,,,,,,,,,,,503,1260,1594825716802,1594825718062,1ED9HE6B5
,,,,,,,,,,,,,,,,503,1878,1594825716185,1594825718063,1ED9IICPH
,,,,,,,,,,,,,,,,503,1396,1594825716668,1594825718064,1ED9IUS7D
,,,,,,,,,,,,,,,,503,1931,1594825716135,1594825718066,1ED9PQOI0
1594825713925,1594825717083,3158,sls-uks-dev-tub-elasticity-benchmark.azurewebsites.net,1594825713660,RD501AC58E94AD,7500489,false,win32,v10.19.0,ACF,RD501AC58E94AD,UK South,1ED9JOBJ3,201b1fd8d701339a2f00e0ee61740aea30fa71e70a108b56894fc119e397c038,79CE38B5FE696070C805DCC8F60158C28706817C42196A6E884225B51FA1BB17,200,5024,1594825713486,1594825718510,1ED9OIHQE
1594825704370,1594825706542,2172,sls-uks-dev-tub-elasticity-benchmark.azurewebsites.net,1594824912007,RD501AC58E75EB,7500222,false,win32,v10.19.0,ACF,RD501AC58E75EB,UK South,1ED9J24VS,d4eb535f9cc94a935cb48cc280916c3f1f99f876a634d892e873c91171b5d1a7,79CE38B5FE696070C805DCC8F60158C28706817C42196A6E884225B51FA1BB17,200,18973,1594825700153,1594825719126,1ED9IGU8Q
1594825715665,1594825718805,3140,sls-uks-dev-tub-elasticity-benchmark.azurewebsites.net,1594825715509,RD501AC58EE39C,7500787,false,win32,v10.19.0,ACF,RD501AC58EE39C,UK South,1ED9J40VN,e81fdc6ba350a5d391684e8a00ce9d8d0c39cc9c99bfa5f795f1331dba9fe0f6,79CE38B5FE696070C805DCC8F60158C28706817C42196A6E884225B51FA1BB17,200,3888,1594825715352,1594825719240,1ED9JF7S2
1594825716783,1594825719576,2793,sls-uks-dev-tub-elasticity-benchmark.azurewebsites.net,1594825716191,RD501AC58EB8A1,7500443,true,win32,v10.19.0,ACF,RD501AC58EB8A1,UK South,1ED9H05UC,d180ddb7f9b0ed185a51c4c4e339af67123e5f12ce745caef5a00bf0151cd714,79CE38B5FE696070C805DCC8F60158C28706817C42196A6E884225B51FA1BB17,200,3812,1594825715986,1594825719798,1ED9HHKNU
,,,,,,,,,,,,,,,,503,1140,1594825718701,1594825719841,1ED9MI2G5
,,,,,,,,,,,,,,,,503,1542,1594825718302,1594825719844,1ED9PGQNA
,,,,,,,,,,,,,,,,503,2512,1594825717335,1594825719847,1ED9J3G9K
,,,,,,,,,,,,,,,,503,748,1594825719152,1594825719900,1ED9L5G0V
,,,,,,,,,,,,,,,,503,1748,1594825718153,1594825719901,1ED9OEJ1P
,,,,,,,,,,,,,,,,503,204,1594825719737,1594825719941,1ED9IESPR
,,,,,,,,,,,,,,,,503,157,1594825719785,1594825719942,1ED9NTTDJ
,,,,,,,,,,,,,,,,503,159,1594825719836,1594825719995,1ED9O5UEL
,,,,,,,,,,,,,,,,503,132,1594825719869,1594825720001,1ED9JA0E7
,,,,,,,,,,,,,,,,503,151,1594825719886,1594825720037,1ED9K1RAM
1594825706875,1594825710498,3623,sls-uks-dev-tub-elasticity-benchmark.azurewebsites.net,1594824921664,RD501AC58EE335,7500767,true,win32,v10.19.0,ACF,RD501AC58EE335,UK South,1ED9GA3B8,60e5389f0301c657bfe4348280425b5c6f305ccc46a2d6cd63c3c3130d374f1e,79CE38B5FE696070C805DCC8F60158C28706817C42196A6E884225B51FA1BB17,200,17345,1594825703519,1594825720864,1ED9IO8OV
1594825691491,1594825720517,29026,sls-uks-dev-tub-elasticity-benchmark.azurewebsites.net,1594824945025,RD501AC58E8844,7500622,false,win32,v10.19.0,ACF,RD501AC58E8844,UK South,1ED9KK2Q2,d218d1bc1a34d622added1601e776685beccb994cdcd0f1b88569be61bf3a893,79CE38B5FE696070C805DCC8F60158C28706817C42196A6E884225B51FA1BB17,200,29642,1594825691322,1594825720964,1ED9IQSEE
1594825717862,1594825720766,2904,sls-uks-dev-tub-elasticity-benchmark.azurewebsites.net,1594825717662,RD501AC58EE385,7500577,false,win32,v10.19.0,ACF,RD501AC58EE385,UK South,1ED9GRO0N,deac3c942b2a72b721942f97372cf2a3052effbe4aa0b896664f8887a4bd559d,79CE38B5FE696070C805DCC8F60158C28706817C42196A6E884225B51FA1BB17,200,3985,1594825717519,1594825721504,1ED9JUD70
1594825696327,1594825721468,25141,sls-uks-dev-tub-elasticity-benchmark.azurewebsites.net,1594824952897,RD501AC58EA02D,7500172,false,win32,v10.19.0,ACF,RD501AC58EA02D,UK South,1ED9LIIE2,2daffd9ac6b4610c323661e1115ea9721a87859e47ba768ec0acf09aad959854,79CE38B5FE696070C805DCC8F60158C28706817C42196A6E884225B51FA1BB17,200,25319,1594825696202,1594825721521,1ED9JLERQ
1594825693490,1594825721294,27804,sls-uks-dev-tub-elasticity-benchmark.azurewebsites.net,1594824957436,RD501AC58ECB5E,7500737,false,win32,v10.19.0,ACF,RD501AC58ECB5E,UK South,1ED9NRAV3,d011077535f6a543d85046f57f7d6de3fa7a22b4bdf64498dcf1f3f1e75e9602,79CE38B5FE696070C805DCC8F60158C28706817C42196A6E884225B51FA1BB17,200,28195,1594825693334,1594825721529,1ED9N0QMN
,,,,,,,,,,,,,,,,503,3240,1594825718602,1594825721842,1ED9JLOHL
,,,,,,,,,,,,,,,,503,3007,1594825718836,1594825721843,1ED9HCRI7
,,,,,,,,,,,,,,,,503,126,1594825721886,1594825722012,1ED9PD0CM
1594825703025,1594825721636,18611,sls-uks-dev-tub-elasticity-benchmark.azurewebsites.net,1594824996277,RD501AC58E81B6,7500791,false,win32,v10.19.0,ACF,RD501AC58E81B6,UK South,1ED9O9EGT,607acc0b60c99d398a1b4a887b17d42dc08c6889973dd3e1514cc34bb8598dbf,79CE38B5FE696070C805DCC8F60158C28706817C42196A6E884225B51FA1BB17,200,19155,1594825702886,1594825722041,1ED9KV9S6
,,,,,,,,,,,,,,,,503,142,1594825721951,1594825722093,1ED9OKCJS
,,,,,,,,,,,,,,,,503,160,1594825722036,1594825722196,1ED9L71R3
,,,,,,,,,,,,,,,,503,152,1594825722052,1594825722204,1ED9LBLJC
,,,,,,,,,,,,,,,,503,136,1594825722069,1594825722205,1ED9PCT1U
,,,,,,,,,,,,,,,,503,165,1594825722236,1594825722401,1ED9M4764
,,,,,,,,,,,,,,,,503,181,1594825722251,1594825722432,1ED9KVD89
,,,,,,,,,,,,,,,,503,153,1594825722286,1594825722439,1ED9LILKC
,,,,,,,,,,,,,,,,503,182,1594825722318,1594825722500,1ED9IGNDU
,,,,,,,,,,,,,,,,503,168,1594825722354,1594825722522,1ED9KNKUC
1594825719100,1594825721913,2813,sls-uks-dev-tub-elasticity-benchmark.azurewebsites.net,1594825718768,RD501AC58EB8A5,7500198,false,win32,v10.19.0,ACF,RD501AC58EB8A5,UK South,1ED9L8F4R,8e7cdee1ecdd5dfad33ea440b6f63a06f52a808430d262066bd20433f51db698,79CE38B5FE696070C805DCC8F60158C28706817C42196A6E884225B51FA1BB17,200,4803,1594825717968,1594825722771,1ED9IP4PP
1594825719766,1594825722719,2953,sls-uks-dev-tub-elasticity-benchmark.azurewebsites.net,1594825716191,RD501AC58EB8A1,7500103,false,win32,v10.19.0,ACF,RD501AC58EB8A1,UK South,1ED9H05UC,d180ddb7f9b0ed185a51c4c4e339af67123e5f12ce745caef5a00bf0151cd714,79CE38B5FE696070C805DCC8F60158C28706817C42196A6E884225B51FA1BB17,200,7201,1594825716002,1594825723203,1ED9OCECD
1594825705733,1594825708563,2830,sls-uks-dev-tub-elasticity-benchmark.azurewebsites.net,1594824979144,RD501AC58EBF09,7500711,false,win32,v10.19.0,ACF,RD501AC58EBF09,UK South,1ED9KTCJ8,1f60989b44864eefba16713aac0ae8ea496c1da3b1ab90af4c426429c885bac8,79CE38B5FE696070C805DCC8F60158C28706817C42196A6E884225B51FA1BB17,200,23222,1594825700470,1594825723692,1ED9IE27U
,,,,,,,,,,,,,,,,503,794,1594825722936,1594825723730,1ED9LH79T
,,,,,,,,,,,,,,,,503,3420,1594825720402,1594825723822,1ED9JMOP2
,,,,,,,,,,,,,,,,503,2737,1594825721086,1594825723823,1ED9GIPQG
,,,,,,,,,,,,,,,,503,2437,1594825721386,1594825723823,1ED9ONHQP
1594825697186,1594825723642,26456,sls-uks-dev-tub-elasticity-benchmark.azurewebsites.net,1594824938323,RD501AC58EB8A6,7500049,true,win32,v10.19.0,ACF,RD501AC58EB8A6,UK South,1ED9KJK1M,fc5cb937df0dc6386840e97ddba262313dd68c55b67ca73c59de819349215fc2,79CE38B5FE696070C805DCC8F60158C28706817C42196A6E884225B51FA1BB17,200,26757,1594825697069,1594825723826,1ED9NJDJ9
1594825709293,1594825712263,2970,sls-uks-dev-tub-elasticity-benchmark.azurewebsites.net,1594824944862,RD501AC58EE32F,7500032,false,win32,v10.19.0,ACF,RD501AC58EE32F,UK South,1ED9NEV65,21e2c8f2e1bf6111d2a91f3bceb99d2c65a6012731b4daed5fa0dd8e020b51dc,79CE38B5FE696070C805DCC8F60158C28706817C42196A6E884225B51FA1BB17,200,18762,1594825705236,1594825723998,1ED9KNUOE
1594825693196,1594825723216,30020,sls-uks-dev-tub-elasticity-benchmark.azurewebsites.net,1594824915030,RD501AC58E8DE5,7500153,false,win32,v10.19.0,ACF,RD501AC58E8DE5,UK South,1ED9IO60G,81a023ec398b4ccf5ce2370a1f420203957181d90cd4f9786b235a41f207700f,79CE38B5FE696070C805DCC8F60158C28706817C42196A6E884225B51FA1BB17,200,30975,1594825693053,1594825724028,1ED9I579E
1594825706847,1594825710140,3293,sls-uks-dev-tub-elasticity-benchmark.azurewebsites.net,1594824906595,RD501AC58EE9BD,7500628,false,win32,v10.19.0,ACF,RD501AC58EE9BD,UK South,1ED9LCG79,8aa2b582726f44867162c2bf51dead73752c20d4401403c095e15b470ca5dba2,79CE38B5FE696070C805DCC8F60158C28706817C42196A6E884225B51FA1BB17,200,19348,1594825704702,1594825724050,1ED9OHS45
1594825720416,1594825723259,2843,sls-uks-dev-tub-elasticity-benchmark.azurewebsites.net,1594825720260,RD501AC58E8DBF,7500451,false,win32,v10.19.0,ACF,RD501AC58E8DBF,UK South,1ED9I3S7S,599eb307cd5b621d0a5a7e16cf90c05cd45519ee326a9eae00bf89d0bffa694f,79CE38B5FE696070C805DCC8F60158C28706817C42196A6E884225B51FA1BB17,200,4123,1594825720019,1594825724142,1ED9L3M39
1594825696794,1594825723931,27137,sls-uks-dev-tub-elasticity-benchmark.azurewebsites.net,1594824937566,RD501AC58E947C,7500243,false,win32,v10.19.0,ACF,RD501AC58E947C,UK South,1ED9JJMPQ,60c7763e47a70e864d73874a4687c10eb685afc08af8bda506303f7b37b172b8,79CE38B5FE696070C805DCC8F60158C28706817C42196A6E884225B51FA1BB17,200,27948,1594825696536,1594825724484,1ED9J13SC
1594825696109,1594825724280,28171,sls-uks-dev-tub-elasticity-benchmark.azurewebsites.net,1594825046679,RD501AC58E8DCF,7500942,false,win32,v10.19.0,ACF,RD501AC58E8DCF,UK South,1ED9K2KE2,ae8f2628d79a41d1434f3b9c78837f6295a323241e130e9f33a4ebd67da4bf7f,79CE38B5FE696070C805DCC8F60158C28706817C42196A6E884225B51FA1BB17,200,28611,1594825695970,1594825724581,1ED9LLNG4
1594825720816,1594825724423,3607,sls-uks-dev-tub-elasticity-benchmark.azurewebsites.net,1594825717662,RD501AC58EE385,7500846,false,win32,v10.19.0,ACF,RD501AC58EE385,UK South,1ED9GRO0N,deac3c942b2a72b721942f97372cf2a3052effbe4aa0b896664f8887a4bd559d,79CE38B5FE696070C805DCC8F60158C28706817C42196A6E884225B51FA1BB17,200,7430,1594825717468,1594825724899,1ED9NH1ML
1594825697395,1594825724383,26988,sls-uks-dev-tub-elasticity-benchmark.azurewebsites.net,1594824935310,RD501AC58ED6E5,7500346,false,win32,v10.19.0,ACF,RD501AC58ED6E5,UK South,1ED9NKT91,73188f00504f8544b9d429869eef32f3dcd5548d04365edd03c9732994baf421,79CE38B5FE696070C805DCC8F60158C28706817C42196A6E884225B51FA1BB17,200,27787,1594825697253,1594825725040,1ED9PJS9V
1594825694155,1594825725342,31187,sls-uks-dev-tub-elasticity-benchmark.azurewebsites.net,1594824916991,RD501AC58EE93E,7500609,false,win32,v10.19.0,ACF,RD501AC58EE93E,UK South,1ED9MDL1E,37caee2a88599de01d6d5153d490010b76f0c47f08126609f706ead27c0843ec,79CE38B5FE696070C805DCC8F60158C28706817C42196A6E884225B51FA1BB17,200,31648,1594825694002,1594825725650,1ED9H5G43
1594825695186,1594825725204,30018,sls-uks-dev-tub-elasticity-benchmark.azurewebsites.net,1594824969697,RD501AC58EC4B2,7500658,false,win32,v10.19.0,ACF,RD501AC58EC4B2,UK South,1ED9KQR5I,d4f51399d9912e30d623f8bf26e54baf77218021306991ee61d8f5b3ec278640,79CE38B5FE696070C805DCC8F60158C28706817C42196A6E884225B51FA1BB17,200,30715,1594825695036,1594825725751,1ED9NRR4U
1594825714805,1594825717930,3125,sls-uks-dev-tub-elasticity-benchmark.azurewebsites.net,1594825712305,RD501AC58EA028,7500772,false,win32,v10.19.0,ACF,RD501AC58EA028,UK South,1ED9PFKE6,f798a5d59f1c3d1489a4b197779bfa953c88b216f7c0c1aadd6e5cb7de62688d,79CE38B5FE696070C805DCC8F60158C28706817C42196A6E884225B51FA1BB17,200,13608,1594825712169,1594825725777,1ED9P1803
1594825722749,1594825725582,2833,sls-uks-dev-tub-elasticity-benchmark.azurewebsites.net,1594825716191,RD501AC58EB8A1,7500144,false,win32,v10.19.0,ACF,RD501AC58EB8A1,UK South,1ED9H05UC,d180ddb7f9b0ed185a51c4c4e339af67123e5f12ce745caef5a00bf0151cd714,79CE38B5FE696070C805DCC8F60158C28706817C42196A6E884225B51FA1BB17,200,9776,1594825716069,1594825725845,1ED9J7EP1
1594825700164,1594825725855,25691,sls-uks-dev-tub-elasticity-benchmark.azurewebsites.net,1594824924257,RD501AC58EDD29,7500358,false,win32,v10.19.0,ACF,RD501AC58EDD29,UK South,1ED9K1I1L,3916373d45caa6ffedc64207efc38e9026ce64d967b5e3e43b9c7e27102c584d,79CE38B5FE696070C805DCC8F60158C28706817C42196A6E884225B51FA1BB17,200,25953,1594825700021,1594825725974,1ED9OKM88
1594825700468,1594825725613,25145,sls-uks-dev-tub-elasticity-benchmark.azurewebsites.net,1594824962266,RD501AC58EE32D,7500299,false,win32,v10.19.0,ACF,RD501AC58EE32D,UK South,1ED9FQFE2,9b956420d8a88eeaadd82a05334546014becdb870d41ce34d91f5111e636cc55,79CE38B5FE696070C805DCC8F60158C28706817C42196A6E884225B51FA1BB17,200,25694,1594825700335,1594825726029,1ED9KNDQJ
1594825703366,1594825705975,2609,sls-uks-dev-tub-elasticity-benchmark.azurewebsites.net,1594824926871,RD501AC58EA03E,7500480,false,win32,v10.19.0,ACF,RD501AC58EA03E,UK South,1ED9P1NCC,622409e3d6a6e54cace781a8d35ff4326cb4a49584a7244661d27fa0d03111dc,79CE38B5FE696070C805DCC8F60158C28706817C42196A6E884225B51FA1BB17,200,28640,1594825697619,1594825726259,1ED9N6T8G
1594825702761,1594825706447,3686,sls-uks-dev-tub-elasticity-benchmark.azurewebsites.net,1594824940160,RD501AC58EA0AD,7500733,false,win32,v10.19.0,ACF,RD501AC58EA0AD,UK South,1ED9KKA6J,32d1da544a81d5165fcbaa3feb6f4562ccd8f6f54b15dbe0dfddd8308b236d2f,79CE38B5FE696070C805DCC8F60158C28706817C42196A6E884225B51FA1BB17,200,33093,1594825693420,1594825726513,1ED9KN5AT
1594825723383,1594825726586,3203,sls-uks-dev-tub-elasticity-benchmark.azurewebsites.net,1594824147950,RD501AC58EC51A,7500494,false,win32,v10.19.0,ACF,RD501AC58EC51A,UK South,1ED9ISLNH,2eb853d994119e16dbefa0bf0996d872d5b9a541171f12c973492461ac012e48,79CE38B5FE696070C805DCC8F60158C28706817C42196A6E884225B51FA1BB17,200,4014,1594825722773,1594825726787,1ED9KOLMQ
1594825696655,1594825726381,29726,sls-uks-dev-tub-elasticity-benchmark.azurewebsites.net,1594824941262,RD501AC58ED114,7500780,false,win32,v10.19.0,ACF,RD501AC58ED114,UK South,1ED9LQ8S4,e3a3383cfa652ec1287d153a4e25f486e2d4849aeefc81eff199e6cce3c70227,79CE38B5FE696070C805DCC8F60158C28706817C42196A6E884225B51FA1BB17,200,30277,1594825696518,1594825726795,1ED9P5LCT
1594825701883,1594825727154,25271,sls-uks-dev-tub-elasticity-benchmark.azurewebsites.net,1594824955829,RD501AC58E9419,7500994,false,win32,v10.19.0,ACF,RD501AC58E9419,UK South,1ED9LPDNE,c64b94e3eed4edc78cdbd8584e2772ef29e3cd5a7e1ebff8b236e5b8ce42777e,79CE38B5FE696070C805DCC8F60158C28706817C42196A6E884225B51FA1BB17,200,25606,1594825701751,1594825727357,1ED9HEP03
1594825701658,1594825727054,25396,sls-uks-dev-tub-elasticity-benchmark.azurewebsites.net,1594824930662,RD501AC58E93F2,7500013,true,win32,v10.19.0,ACF,RD501AC58E93F2,UK South,1ED9MQO5M,9072c805cf2bc663ced034398777a5d5f6115a51e64a73b6fc69b73f64c8660e,79CE38B5FE696070C805DCC8F60158C28706817C42196A6E884225B51FA1BB17,200,25888,1594825701518,1594825727406,1ED9M5BKM
1594825699013,1594825727843,28830,sls-uks-dev-tub-elasticity-benchmark.azurewebsites.net,1594825013042,RD501AC58EE9B9,7500061,true,win32,v10.19.0,ACF,RD501AC58EE9B9,UK South,1ED9LRKUD,1ea203b06b6b4d040efe5f54a517aa09dec1478d0087e41e8482eac0fcd20598,79CE38B5FE696070C805DCC8F60158C28706817C42196A6E884225B51FA1BB17,200,29404,1594825698869,1594825728273,1ED9JLQAN
1594825703443,1594825706475,3032,sls-uks-dev-tub-elasticity-benchmark.azurewebsites.net,1594824950669,RD501AC58E87B2,7500240,false,win32,v10.19.0,ACF,RD501AC58E87B2,UK South,1ED9G8NC3,4300f504668eb50daedc35f96cd0392e3a685710075b8621969d65e4f5dc63bf,79CE38B5FE696070C805DCC8F60158C28706817C42196A6E884225B51FA1BB17,200,28055,1594825700254,1594825728309,1ED9HQKUR
1594825700719,1594825728139,27420,sls-uks-dev-tub-elasticity-benchmark.azurewebsites.net,1594824935996,RD501AC58ED119,7500045,false,win32,v10.19.0,ACF,RD501AC58ED119,UK South,1ED9M6Q6U,a5a342a80bda39eee708a0eb644abfcc337cf45e3ce2944cd9d9546b32f783ef,79CE38B5FE696070C805DCC8F60158C28706817C42196A6E884225B51FA1BB17,200,27756,1594825700586,1594825728342,1ED9LNHD7
1594825710988,1594825714582,3594,sls-uks-dev-tub-elasticity-benchmark.azurewebsites.net,1594824947796,RD0050F2BD54A9,7500656,false,win32,v10.19.0,ACF,RD0050F2BD54A9,UK South,1ED9L6NCU,a53a16ff78af55005e5c8c9fc68717042b7c9d8f22930158d1152d1183add9a5,79CE38B5FE696070C805DCC8F60158C28706817C42196A6E884225B51FA1BB17,200,18327,1594825710085,1594825728412,1ED9ODQP2
1594825698306,1594825728059,29753,sls-uks-dev-tub-elasticity-benchmark.azurewebsites.net,1594824916094,RD501AC58E9408,7500484,false,win32,v10.19.0,ACF,RD501AC58E9408,UK South,1ED9J9C7M,7019c97b37bab065b9e0dd3c3939f82a7183e31190fd9e812753e93dc9809465,79CE38B5FE696070C805DCC8F60158C28706817C42196A6E884225B51FA1BB17,200,30312,1594825698169,1594825728481,1ED9NM5NM
1594825722865,1594825726671,3806,sls-uks-dev-tub-elasticity-benchmark.azurewebsites.net,1594825722535,RD501AC58E93F3,7500086,false,win32,v10.19.0,ACF,RD501AC58E93F3,UK South,1ED9IR411,77743af56a6bf521815a88593c4b2d31a45008862c9fa2eb80b3e8c4cf754400,79CE38B5FE696070C805DCC8F60158C28706817C42196A6E884225B51FA1BB17,200,6323,1594825722385,1594825728708,1ED9PGQ16
1594825698878,1594825728456,29578,sls-uks-dev-tub-elasticity-benchmark.azurewebsites.net,1594824959408,RD501AC58E87C1,7500193,false,win32,v10.19.0,ACF,RD501AC58E87C1,UK South,1ED9LH1SA,4c3135b8d22688351b92ab8b73f886ab957a0a40532358257063c358f779b216,79CE38B5FE696070C805DCC8F60158C28706817C42196A6E884225B51FA1BB17,200,30064,1594825698736,1594825728800,1ED9IL1DH
,,,,,,,,,,,,,,,,503,1319,1594825727502,1594825728821,1ED9OC31V
,,,,,,,,,,,,,,,,503,2202,1594825726737,1594825728939,1ED9O7NQ2
,,,,,,,,,,,,,,,,503,2871,1594825726068,1594825728939,1ED9LS5OO
,,,,,,,,,,,,,,,,503,2070,1594825726869,1594825728939,1ED9O33S4
,,,,,,,,,,,,,,,,503,2455,1594825726485,1594825728940,1ED9OQLDO
,,,,,,,,,,,,,,,,503,231,1594825728758,1594825728989,1ED9KJGV2
,,,,,,,,,,,,,,,,503,127,1594825728885,1594825729012,1ED9P2AC0
1594825711011,1594825714465,3454,sls-uks-dev-tub-elasticity-benchmark.azurewebsites.net,1594824960794,RD501AC58EAD0C,7500174,false,win32,v10.19.0,ACF,RD501AC58EAD0C,UK South,1ED9K1P42,1028d78d666e9f22c35877ad4ad23915976477f8ae7826f5b20f2538d086ddf7,79CE38B5FE696070C805DCC8F60158C28706817C42196A6E884225B51FA1BB17,200,19584,1594825709485,1594825729069,1ED9HEGO0
,,,,,,,,,,,,,,,,503,1972,1594825727254,1594825729226,1ED9NIFK0
,,,,,,,,,,,,,,,,503,1006,1594825728221,1594825729227,1ED9MHKT5
,,,,,,,,,,,,,,,,503,2892,1594825726336,1594825729228,1ED9OFK4D
,,,,,,,,,,,,,,,,503,1077,1594825728152,1594825729229,1ED9OQFIN
,,,,,,,,,,,,,,,,503,259,1594825728985,1594825729244,1ED9IOSL5
,,,,,,,,,,,,,,,,503,311,1594825728934,1594825729245,1ED9PHS1M
,,,,,,,,,,,,,,,,503,244,1594825729002,1594825729246,1ED9I22HT
,,,,,,,,,,,,,,,,503,230,1594825729017,1594825729247,1ED9PQ87K
,,,,,,,,,,,,,,,,503,2195,1594825727053,1594825729248,1ED9KG33P
,,,,,,,,,,,,,,,,503,215,1594825729034,1594825729249,1ED9O9JC1
,,,,,,,,,,,,,,,,503,158,1594825729118,1594825729276,1ED9L4DIP
,,,,,,,,,,,,,,,,503,143,1594825729202,1594825729345,1ED9P4SD2
,,,,,,,,,,,,,,,,503,139,1594825729236,1594825729375,1ED9HIQDG
,,,,,,,,,,,,,,,,503,127,1594825729269,1594825729396,1ED9K9FIV
,,,,,,,,,,,,,,,,503,134,1594825729285,1594825729419,1ED9IU5S9
,,,,,,,,,,,,,,,,503,125,1594825729301,1594825729426,1ED9K1KJF
,,,,,,,,,,,,,,,,503,221,1594825729369,1594825729590,1ED9L2V58
1594825724180,1594825727444,3264,sls-uks-dev-tub-elasticity-benchmark.azurewebsites.net,1594825723959,RD501AC58EB255,7500593,false,win32,v10.19.0,ACF,RD501AC58EB255,UK South,1ED9NHT65,edf65957aa7a757b92ee45bdffd25ac95b16ccb74c4771549a2ad90cfc1ac7ab,79CE38B5FE696070C805DCC8F60158C28706817C42196A6E884225B51FA1BB17,200,5889,1594825723719,1594825729608,1ED9L19NG
1594825701327,1594825729171,27844,sls-uks-dev-tub-elasticity-benchmark.azurewebsites.net,1594824965228,RD501AC58ECACC,7500975,false,win32,v10.19.0,ACF,RD501AC58ECACC,UK South,1ED9FQ0MG,808a6a0ef0c102ef31276a26069233b8c83f2c8a23e23b0e73f1b67565e586f6,79CE38B5FE696070C805DCC8F60158C28706817C42196A6E884225B51FA1BB17,200,29069,1594825700919,1594825729988,1ED9GCLOK
1594825718836,1594825721836,3000,sls-uks-dev-tub-elasticity-benchmark.azurewebsites.net,1594825715509,RD501AC58EE39C,7500180,false,win32,v10.19.0,ACF,RD501AC58EE39C,UK South,1ED9J40VN,e81fdc6ba350a5d391684e8a00ce9d8d0c39cc9c99bfa5f795f1331dba9fe0f6,79CE38B5FE696070C805DCC8F60158C28706817C42196A6E884225B51FA1BB17,200,14732,1594825715404,1594825730136,1ED9J9JE4
1594825700506,1594825730284,29778,sls-uks-dev-tub-elasticity-benchmark.azurewebsites.net,1594824929257,RD501AC58EB2B9,7500013,true,win32,v10.19.0,ACF,RD501AC58EB2B9,UK South,1ED9FMSJJ,348d1e7264ad0063baa3036f92cd47d46e91963aabd2dc4d51adfdac15009271,79CE38B5FE696070C805DCC8F60158C28706817C42196A6E884225B51FA1BB17,200,30326,1594825700370,1594825730696,1ED9GMHIG
1594825702104,1594825730120,28016,sls-uks-dev-tub-elasticity-benchmark.azurewebsites.net,1594824911642,RD501AC58ED115,7500371,false,win32,v10.19.0,ACF,RD501AC58ED115,UK South,1ED9MO9D8,60f970b1b96b8bab640abadd16d4f51b796544c17ed5d7b66185c80ebdc1a655,79CE38B5FE696070C805DCC8F60158C28706817C42196A6E884225B51FA1BB17,200,28756,1594825701952,1594825730708,1ED9GTA2B
,,,,,,,,,,,,,,,,503,3200,1594825727553,1594825730753,1ED9MUFGI
,,,,,,,,,,,,,,,,503,1920,1594825728835,1594825730755,1ED9LARN8
,,,,,,,,,,,,,,,,503,1602,1594825729154,1594825730756,1ED9GT21D
,,,,,,,,,,,,,,,,503,1791,1594825728968,1594825730759,1ED9L530E
,,,,,,,,,,,,,,,,503,1259,1594825729501,1594825730760,1ED9M7KH9
,,,,,,,,,,,,,,,,503,2242,1594825728519,1594825730761,1ED9M2IKI
,,,,,,,,,,,,,,,,503,147,1594825730635,1594825730782,1ED9GBAVC
,,,,,,,,,,,,,,,,503,136,1594825730651,1594825730787,1ED9ORM7S
,,,,,,,,,,,,,,,,503,131,1594825730670,1594825730801,1ED9L5QUR
,,,,,,,,,,,,,,,,503,129,1594825730687,1594825730816,1ED9M65P2
,,,,,,,,,,,,,,,,503,124,1594825730737,1594825730861,1ED9N86IC
,,,,,,,,,,,,,,,,503,142,1594825730720,1594825730862,1ED9KM819
,,,,,,,,,,,,,,,,503,132,1594825730787,1594825730919,1ED9PA34S
,,,,,,,,,,,,,,,,503,135,1594825730819,1594825730954,1ED9GHMA6
,,,,,,,,,,,,,,,,503,128,1594825730834,1594825730962,1ED9K9L6H
,,,,,,,,,,,,,,,,503,139,1594825730852,1594825730991,1ED9ILVVG
1594825717144,1594825721412,4268,sls-uks-dev-tub-elasticity-benchmark.azurewebsites.net,1594825713660,RD501AC58E94AD,7500972,false,win32,v10.19.0,ACF,RD501AC58E94AD,UK South,1ED9JOBJ3,201b1fd8d701339a2f00e0ee61740aea30fa71e70a108b56894fc119e397c038,79CE38B5FE696070C805DCC8F60158C28706817C42196A6E884225B51FA1BB17,200,17560,1594825713452,1594825731012,1ED9PBAA7
,,,,,,,,,,,,,,,,503,126,1594825730888,1594825731014,1ED9J6OVE
,,,,,,,,,,,,,,,,503,138,1594825730920,1594825731058,1ED9OL9UU
,,,,,,,,,,,,,,,,503,138,1594825730935,1594825731073,1ED9NU46A
,,,,,,,,,,,,,,,,503,136,1594825730957,1594825731093,1ED9I3B8O
,,,,,,,,,,,,,,,,503,127,1594825730986,1594825731113,1ED9IFAJ5
,,,,,,,,,,,,,,,,503,120,1594825731002,1594825731122,1ED9H4LRP
,,,,,,,,,,,,,,,,503,129,1594825731035,1594825731164,1ED9IGHAU
,,,,,,,,,,,,,,,,503,137,1594825731053,1594825731190,1ED9H81MR
,,,,,,,,,,,,,,,,503,126,1594825731068,1594825731194,1ED9M2JLT
,,,,,,,,,,,,,,,,503,130,1594825731135,1594825731265,1ED9KP5L2
,,,,,,,,,,,,,,,,503,139,1594825731185,1594825731324,1ED9H7EFT
1594825699200,1594825730771,31571,sls-uks-dev-tub-elasticity-benchmark.azurewebsites.net,1594824973416,RD501AC58E87DD,7500310,false,win32,v10.19.0,ACF,RD501AC58E87DD,UK South,1ED9KMQJO,b05a32040fdc5ce3b78c8c45b4e0a0601990deb8f3469b7c711518bc5348589a,79CE38B5FE696070C805DCC8F60158C28706817C42196A6E884225B51FA1BB17,200,32325,1594825699052,1594825731377,1ED9JAQ7N
,,,,,,,,,,,,,,,,503,3224,1594825728485,1594825731709,1ED9N1ADA
,,,,,,,,,,,,,,,,503,3291,1594825728418,1594825731709,1ED9ON85G
,,,,,,,,,,,,,,,,503,1109,1594825730601,1594825731710,1ED9OI6IH
,,,,,,,,,,,,,,,,503,3660,1594825728052,1594825731712,1ED9H0BA8
1594825704824,1594825707637,2813,sls-uks-dev-tub-elasticity-benchmark.azurewebsites.net,1594824907756,RD501AC58EDDAB,7500402,false,win32,v10.19.0,ACF,RD501AC58EDDAB,UK South,1ED9NORHF,f77cdac399392a2dbbc2d618001a862ad3841be56d8b6786390f03aee49e7f0f,79CE38B5FE696070C805DCC8F60158C28706817C42196A6E884225B51FA1BB17,200,31912,1594825699853,1594825731765,1ED9GQHS7
,,,,,,,,,,,,,,,,503,129,1594825731651,1594825731780,1ED9M00FO
,,,,,,,,,,,,,,,,503,138,1594825731668,1594825731806,1ED9MN2EF
,,,,,,,,,,,,,,,,503,120,1594825731701,1594825731821,1ED9IUSOK
,,,,,,,,,,,,,,,,503,113,1594825731769,1594825731882,1ED9NKQBC
,,,,,,,,,,,,,,,,503,164,1594825731719,1594825731883,1ED9HVDD5
,,,,,,,,,,,,,,,,503,139,1594825731785,1594825731924,1ED9H9BEA
,,,,,,,,,,,,,,,,503,123,1594825731802,1594825731925,1ED9P0MQU
,,,,,,,,,,,,,,,,503,122,1594825731818,1594825731940,1ED9IEJKL
,,,,,,,,,,,,,,,,503,142,1594825731884,1594825732026,1ED9KN43S
,,,,,,,,,,,,,,,,503,176,1594825731919,1594825732095,1ED9HJSB2
,,,,,,,,,,,,,,,,503,161,1594825731936,1594825732097,1ED9HOFMP
1594825706558,1594825709027,2469,sls-uks-dev-tub-elasticity-benchmark.azurewebsites.net,1594824912007,RD501AC58E75EB,7500529,false,win32,v10.19.0,ACF,RD501AC58E75EB,UK South,1ED9J24VS,d4eb535f9cc94a935cb48cc280916c3f1f99f876a634d892e873c91171b5d1a7,79CE38B5FE696070C805DCC8F60158C28706817C42196A6E884225B51FA1BB17,200,33786,1594825699901,1594825733687,1ED9HQUEO
,,,,,,,,,,,,,,,,503,3249,1594825731319,1594825734568,1ED9MIKBH
,,,,,,,,,,,,,,,,503,854,1594825733718,1594825734572,1ED9JJL51
,,,,,,,,,,,,,,,,503,1468,1594825733104,1594825734572,1ED9KOAI4
,,,,,,,,,,,,,,,,503,1571,1594825733002,1594825734573,1ED9NH2LU
,,,,,,,,,,,,,,,,503,821,1594825733753,1594825734574,1ED9NKVKN
,,,,,,,,,,,,,,,,503,130,1594825734468,1594825734598,1ED9JR23H
,,,,,,,,,,,,,,,,503,122,1594825734501,1594825734623,1ED9K8BNH
,,,,,,,,,,,,,,,,503,130,1594825734518,1594825734648,1ED9GBRR2
,,,,,,,,,,,,,,,,503,127,1594825734534,1594825734661,1ED9GGKQ8
1594825701512,1594825734593,33081,sls-uks-dev-tub-elasticity-benchmark.azurewebsites.net,1594824966760,RD501AC58EDD69,7500634,false,win32,v10.19.0,ACF,RD501AC58EDD69,UK South,1ED9G3CU5,011f3f9a0299789994042d9da9210f77012aa45119c809b4ef2dc95515fdfef1,79CE38B5FE696070C805DCC8F60158C28706817C42196A6E884225B51FA1BB17,200,33328,1594825701386,1594825734714,1ED9NP892
,,,,,,,,,,,,,,,,503,132,1594825734602,1594825734734,1ED9NOJVK
,,,,,,,,,,,,,,,,503,143,1594825734620,1594825734763,1ED9MFA4C
,,,,,,,,,,,,,,,,503,122,1594825734722,1594825734844,1ED9PK6SF
,,,,,,,,,,,,,,,,503,118,1594825734734,1594825734852,1ED9JSLSI
,,,,,,,,,,,,,,,,503,127,1594825734751,1594825734878,1ED9O6E7B
1594825729536,1594825733853,4317,sls-uks-dev-tub-elasticity-benchmark.azurewebsites.net,1594825729242,RD501AC58E8879,7500415,false,win32,v10.19.0,ACF,RD501AC58E8879,UK South,1ED9MO5RG,1a38fc841f1a08a55eaa60e77a84bc3bb4f3ae37cf09e20744df63e59d8396c6,79CE38B5FE696070C805DCC8F60158C28706817C42196A6E884225B51FA1BB17,200,5820,1594825729070,1594825734890,1ED9HAFF1
,,,,,,,,,,,,,,,,503,139,1594825734785,1594825734924,1ED9NILVL
,,,,,,,,,,,,,,,,503,161,1594825734818,1594825734979,1ED9MNBUC
,,,,,,,,,,,,,,,,503,181,1594825734801,1594825734982,1ED9K17R1
,,,,,,,,,,,,,,,,503,146,1594825734868,1594825735014,1ED9LOMH4
,,,,,,,,,,,,,,,,503,140,1594825734885,1594825735025,1ED9N0O04
,,,,,,,,,,,,,,,,503,130,1594825734935,1594825735065,1ED9JT9PC
1594825698063,1594825735159,37096,sls-uks-dev-tub-elasticity-benchmark.azurewebsites.net,1594824978913,RD501AC58E9A71,7500523,false,win32,v10.19.0,ACF,RD501AC58E9A71,UK South,1ED9JFT54,3cdc1ae340661edcdf0e2f3eae98b21078cd0aadd78242b559d981fc1a2de33b,79CE38B5FE696070C805DCC8F60158C28706817C42196A6E884225B51FA1BB17,200,37655,1594825697819,1594825735474,1ED9JQEE1
1594825714214,1594825735530,21316,sls-uks-dev-tub-elasticity-benchmark.azurewebsites.net,1594824098537,RD501AC58E7C02,7500695,false,win32,v10.19.0,ACF,RD501AC58E7C02,UK South,1ED9MTB5C,8981f56a85dfc241755a616e51e3fb08ea434f52549fb30b82f52659ed72140d,79CE38B5FE696070C805DCC8F60158C28706817C42196A6E884225B51FA1BB17,200,22807,1594825712920,1594825735727,1ED9N531Q
1594825731800,1594825735316,3516,sls-uks-dev-tub-elasticity-benchmark.azurewebsites.net,1594825731362,RD501AC58E947E,7500192,false,win32,v10.19.0,ACF,RD501AC58E947E,UK South,1ED9LCNCH,e0e54be0bdd932eda7f3142e1a7c4fe99e4e2e1d04f7ee153339f967240872e2,79CE38B5FE696070C805DCC8F60158C28706817C42196A6E884225B51FA1BB17,200,4722,1594825731252,1594825735974,1ED9L6TOL
1594825729877,1594825733733,3856,sls-uks-dev-tub-elasticity-benchmark.azurewebsites.net,1594825729576,RD501AC58E9A70,7500975,false,win32,v10.19.0,ACF,RD501AC58E9A70,UK South,1ED9L3VNS,58959f315ae110c77c27b360c2c2aa988f5fa92288eacf5bf282dfe6e588a5e9,79CE38B5FE696070C805DCC8F60158C28706817C42196A6E884225B51FA1BB17,200,6747,1594825729401,1594825736148,1ED9PN3C2
1594825733078,1594825736206,3128,sls-uks-dev-tub-elasticity-benchmark.azurewebsites.net,1594824157176,RD501AC58EA6E1,7500036,false,win32,v10.19.0,ACF,RD501AC58EA6E1,UK South,1ED9LQGI5,f07a91c9a574b6d90e80eb6389925c1685786555a675c772a501bd6bbf1cf01f,79CE38B5FE696070C805DCC8F60158C28706817C42196A6E884225B51FA1BB17,200,4257,1594825732436,1594825736693,1ED9LO1BR
,,,,,,,,,,,,,,,,503,999,1594825736635,1594825737634,1ED9KUO21
,,,,,,,,,,,,,,,,503,933,1594825736702,1594825737635,1ED9PAB2M
,,,,,,,,,,,,,,,,503,2570,1594825735084,1594825737654,1ED9OLUU9
,,,,,,,,,,,,,,,,503,935,1594825736720,1594825737655,1ED9IMO3J
1594825734010,1594825737437,3427,sls-uks-dev-tub-elasticity-benchmark.azurewebsites.net,1594824898768,RD501AC58E883C,7500979,true,win32,v10.19.0,ACF,RD501AC58E883C,UK South,1ED9HUL63,04bed633f23e09623dac6b627accce6240efa1e9739ec9328a5f0adccfa09faa,79CE38B5FE696070C805DCC8F60158C28706817C42196A6E884225B51FA1BB17,200,4261,1594825733419,1594825737680,1ED9LN05S
,,,,,,,,,,,,,,,,503,335,1594825737385,1594825737720,1ED9HINRI
,,,,,,,,,,,,,,,,503,169,1594825737552,1594825737721,1ED9GPFC1
,,,,,,,,,,,,,,,,503,198,1594825737586,1594825737784,1ED9IN5MD
,,,,,,,,,,,,,,,,503,190,1594825737601,1594825737791,1ED9I3K6N
,,,,,,,,,,,,,,,,503,154,1594825737668,1594825737822,1ED9M60A9
,,,,,,,,,,,,,,,,503,176,1594825737651,1594825737827,1ED9KSPKS
,,,,,,,,,,,,,,,,503,157,1594825737755,1594825737912,1ED9KSUCE
,,,,,,,,,,,,,,,,503,213,1594825737702,1594825737915,1ED9HM9CP
,,,,,,,,,,,,,,,,503,155,1594825737769,1594825737924,1ED9IAHMT
,,,,,,,,,,,,,,,,503,129,1594825737803,1594825737932,1ED9N61BN
,,,,,,,,,,,,,,,,503,140,1594825737818,1594825737958,1ED9LN0K8
,,,,,,,,,,,,,,,,503,129,1594825737836,1594825737965,1ED9P51M5
1594825725322,1594825737572,12250,sls-uks-dev-tub-elasticity-benchmark.azurewebsites.net,1594824891363,RD501AC58E99E6,7500431,false,win32,v10.19.0,ACF,RD501AC58E99E6,UK South,1ED9JIB63,c9c5ac10a2a3acce64c4c83492d4e994359e3ba79b70d407cb71e2dcd6449249,79CE38B5FE696070C805DCC8F60158C28706817C42196A6E884225B51FA1BB17,200,13369,1594825724668,1594825738037,1ED9GJ6A5
,,,,,,,,,,,,,,,,503,230,1594825737886,1594825738116,1ED9OATEC
,,,,,,,,,,,,,,,,503,294,1594825737952,1594825738246,1ED9O9C3E
,,,,,,,,,,,,,,,,503,314,1594825737935,1594825738249,1ED9MEFA2
1594825735544,1594825738453,2909,sls-uks-dev-tub-elasticity-benchmark.azurewebsites.net,1594825735106,RD501AC58E947D,7500906,false,win32,v10.19.0,ACF,RD501AC58E947D,UK South,1ED9KDJ7U,c6f29867043fc4d89919a10a8b4f179c6019ba9f45ee19561219d7cdc0fa20ba,79CE38B5FE696070C805DCC8F60158C28706817C42196A6E884225B51FA1BB17,200,4538,1594825734972,1594825739510,1ED9JODIA
,,,,,,,,,,,,,,,,503,499,1594825739302,1594825739801,1ED9LQ560
,,,,,,,,,,,,,,,,503,1165,1594825738637,1594825739802,1ED9GVTDA
,,,,,,,,,,,,,,,,503,2569,1594825737235,1594825739804,1ED9P2QUM
,,,,,,,,,,,,,,,,503,1070,1594825738735,1594825739805,1ED9HI8UQ
,,,,,,,,,,,,,,,,503,135,1594825739671,1594825739806,1ED9GT142
,,,,,,,,,,,,,,,,503,124,1594825739701,1594825739825,1ED9GI141
,,,,,,,,,,,,,,,,503,145,1594825739685,1594825739830,1ED9IKLEB
,,,,,,,,,,,,,,,,503,118,1594825739717,1594825739835,1ED9OAC81
,,,,,,,,,,,,,,,,503,122,1594825739734,1594825739856,1ED9PJ80C
1594825726604,1594825730055,3451,sls-uks-dev-tub-elasticity-benchmark.azurewebsites.net,1594824147950,RD501AC58EC51A,7500262,false,win32,v10.19.0,ACF,RD501AC58EC51A,UK South,1ED9ISLNH,2eb853d994119e16dbefa0bf0996d872d5b9a541171f12c973492461ac012e48,79CE38B5FE696070C805DCC8F60158C28706817C42196A6E884225B51FA1BB17,200,16673,1594825723186,1594825739859,1ED9M3RPU
,,,,,,,,,,,,,,,,503,125,1594825739752,1594825739877,1ED9O043U
,,,,,,,,,,,,,,,,503,132,1594825739785,1594825739917,1ED9GGMFK
,,,,,,,,,,,,,,,,503,124,1594825739802,1594825739926,1ED9MID5J
,,,,,,,,,,,,,,,,503,116,1594825739835,1594825739951,1ED9MLAJP
,,,,,,,,,,,,,,,,503,126,1594825739851,1594825739977,1ED9OD08R
,,,,,,,,,,,,,,,,503,120,1594825739868,1594825739988,1ED9O5CHL
,,,,,,,,,,,,,,,,503,132,1594825739884,1594825740016,1ED9HC08E
,,,,,,,,,,,,,,,,503,118,1594825739902,1594825740020,1ED9OANAG
,,,,,,,,,,,,,,,,503,114,1594825739919,1594825740033,1ED9LF9NT
,,,,,,,,,,,,,,,,503,116,1594825739934,1594825740050,1ED9GNJDC
,,,,,,,,,,,,,,,,503,626,1594825739436,1594825740062,1ED9OOB04
,,,,,,,,,,,,,,,,503,124,1594825739952,1594825740076,1ED9KS0PT
,,,,,,,,,,,,,,,,503,133,1594825739968,1594825740101,1ED9PMC1R
,,,,,,,,,,,,,,,,503,122,1594825739985,1594825740107,1ED9NOON0
,,,,,,,,,,,,,,,,503,155,1594825740004,1594825740159,1ED9IF9BK
,,,,,,,,,,,,,,,,503,142,1594825740020,1594825740162,1ED9MGP7D
1594825732523,1594825736039,3516,sls-uks-dev-tub-elasticity-benchmark.azurewebsites.net,1594825732149,RD501AC58ECAD2,7500313,true,win32,v10.19.0,ACF,RD501AC58ECAD2,UK South,1ED9MANJM,e6f24eb4d319e773b8a35736f11b30eacde896adab586211f1dfa88ef0624c3c,79CE38B5FE696070C805DCC8F60158C28706817C42196A6E884225B51FA1BB17,200,8204,1594825732053,1594825740257,1ED9LGCGC
1594825738727,1594825741649,2922,sls-uks-dev-tub-elasticity-benchmark.azurewebsites.net,1594824903758,RD501AC58ED752,7500868,false,win32,v10.19.0,ACF,RD501AC58ED752,UK South,1ED9OTVOV,d10f0419032c189b7376eb951a63d13b0331a1d05f5810a56a49aa01ffbc7c16,79CE38B5FE696070C805DCC8F60158C28706817C42196A6E884225B51FA1BB17,200,4532,1594825737269,1594825741801,1ED9JDIPM
1594825738778,1594825741433,2655,sls-uks-dev-tub-elasticity-benchmark.azurewebsites.net,1594825738308,RD501AC58EB251,7500339,false,win32,v10.19.0,ACF,RD501AC58EB251,UK South,1ED9ICEA7,6292c0852d4106d8d402e77f96be4df8ca5b6471ec9ce8e48ad873e547be2f88,79CE38B5FE696070C805DCC8F60158C28706817C42196A6E884225B51FA1BB17,200,4035,1594825737987,1594825742022,1ED9HD5TK
,,,,,,,,,,,,,,,,503,607,1594825741485,1594825742092,1ED9OU39D
,,,,,,,,,,,,,,,,503,1442,1594825740651,1594825742093,1ED9HVO3M
,,,,,,,,,,,,,,,,503,1592,1594825740502,1594825742094,1ED9KB4SM
,,,,,,,,,,,,,,,,503,597,1594825741502,1594825742099,1ED9O853C
,,,,,,,,,,,,,,,,503,539,1594825741585,1594825742124,1ED9O2KHG
,,,,,,,,,,,,,,,,503,459,1594825741668,1594825742127,1ED9NUQQG
1594825738484,1594825741969,3485,sls-uks-dev-tub-elasticity-benchmark.azurewebsites.net,1594825735106,RD501AC58E947D,7500228,false,win32,v10.19.0,ACF,RD501AC58E947D,UK South,1ED9KDJ7U,c6f29867043fc4d89919a10a8b4f179c6019ba9f45ee19561219d7cdc0fa20ba,79CE38B5FE696070C805DCC8F60158C28706817C42196A6E884225B51FA1BB17,200,7610,1594825734985,1594825742595,1ED9JIRDA
1594825717930,1594825720400,2470,sls-uks-dev-tub-elasticity-benchmark.azurewebsites.net,1594825712305,RD501AC58EA028,7500252,false,win32,v10.19.0,ACF,RD501AC58EA028,UK South,1ED9PFKE6,f798a5d59f1c3d1489a4b197779bfa953c88b216f7c0c1aadd6e5cb7de62688d,79CE38B5FE696070C805DCC8F60158C28706817C42196A6E884225B51FA1BB17,200,31058,1594825712285,1594825743343,1ED9LARG8
1594825727495,1594825730630,3135,sls-uks-dev-tub-elasticity-benchmark.azurewebsites.net,1594825723959,RD501AC58EB255,7500708,false,win32,v10.19.0,ACF,RD501AC58EB255,UK South,1ED9NHT65,edf65957aa7a757b92ee45bdffd25ac95b16ccb74c4771549a2ad90cfc1ac7ab,79CE38B5FE696070C805DCC8F60158C28706817C42196A6E884225B51FA1BB17,200,19881,1594825723768,1594825743649,1ED9P0398
1594825711405,1594825714249,2844,sls-uks-dev-tub-elasticity-benchmark.azurewebsites.net,1594824920124,RD501AC58EBE29,7500344,false,win32,v10.19.0,ACF,RD501AC58EBE29,UK South,1ED9KLJV2,121b711f0e11522d571394752c155c5d22b9b452e606e0eda63992fb10cda496,79CE38B5FE696070C805DCC8F60158C28706817C42196A6E884225B51FA1BB17,200,34384,1594825709418,1594825743802,1ED9H0CCC
1594825740527,1594825743324,2797,sls-uks-dev-tub-elasticity-benchmark.azurewebsites.net,1594825740277,RD501AC58EB91C,7500513,false,win32,v10.19.0,ACF,RD501AC58EB91C,UK South,1ED9P8OM6,a0a3f47ad735dc7c3e465ec7bf95d2ee75cadf9caa059ce7d3f9d834721babe9,79CE38B5FE696070C805DCC8F60158C28706817C42196A6E884225B51FA1BB17,200,4320,1594825740052,1594825744372,1ED9P8MMS
1594825727093,1594825730402,3309,sls-uks-dev-tub-elasticity-benchmark.azurewebsites.net,1594825722535,RD501AC58E93F3,7500696,false,win32,v10.19.0,ACF,RD501AC58E93F3,UK South,1ED9IR411,77743af56a6bf521815a88593c4b2d31a45008862c9fa2eb80b3e8c4cf754400,79CE38B5FE696070C805DCC8F60158C28706817C42196A6E884225B51FA1BB17,200,22232,1594825722468,1594825744700,1ED9MQJTR
1594825723353,1594825726587,3234,sls-uks-dev-tub-elasticity-benchmark.azurewebsites.net,1594825720260,RD501AC58E8DBF,7500946,false,win32,v10.19.0,ACF,RD501AC58E8DBF,UK South,1ED9I3S7S,599eb307cd5b621d0a5a7e16cf90c05cd45519ee326a9eae00bf89d0bffa694f,79CE38B5FE696070C805DCC8F60158C28706817C42196A6E884225B51FA1BB17,200,24723,1594825720051,1594825744774,1ED9IV561
1594825742489,1594825744739,2250,sls-uks-dev-tub-elasticity-benchmark.azurewebsites.net,1594825742360,RD501AC58E81CB,7500589,false,win32,v10.19.0,ACF,RD501AC58E81CB,UK South,1ED9MPD2C,c015407f2340ab83319171108305fa1072c8452284bc5ef903dfd906b4fd7902,79CE38B5FE696070C805DCC8F60158C28706817C42196A6E884225B51FA1BB17,200,3604,1594825741568,1594825745172,1ED9MVGHV
1594825708563,1594825711486,2923,sls-uks-dev-tub-elasticity-benchmark.azurewebsites.net,1594824979144,RD501AC58EBF09,7500576,false,win32,v10.19.0,ACF,RD501AC58EBF09,UK South,1ED9KTCJ8,1f60989b44864eefba16713aac0ae8ea496c1da3b1ab90af4c426429c885bac8,79CE38B5FE696070C805DCC8F60158C28706817C42196A6E884225B51FA1BB17,200,39553,1594825706002,1594825745555,1ED9IIQPO
1594825723001,1594825745735,22734,sls-uks-dev-tub-elasticity-benchmark.azurewebsites.net,1594824146761,RD501AC58ECB5B,7500614,false,win32,v10.19.0,ACF,RD501AC58ECB5B,UK South,1ED9KUH5I,66fd797874a59e3b48b3f8f323613356093446f768a5afa384140df14e0f7d34,79CE38B5FE696070C805DCC8F60158C28706817C42196A6E884225B51FA1BB17,200,24510,1594825721619,1594825746129,1ED9LS3PB
,,,,,,,,,,,,,,,,503,1604,1594825744752,1594825746356,1ED9GCRDD
,,,,,,,,,,,,,,,,503,3872,1594825742503,1594825746375,1ED9GETBN
,,,,,,,,,,,,,,,,503,3825,1594825742551,1594825746376,1ED9GV0H4
,,,,,,,,,,,,,,,,503,3725,1594825742652,1594825746377,1ED9NHISS
,,,,,,,,,,,,,,,,503,3677,1594825742701,1594825746378,1ED9HEJ66
,,,,,,,,,,,,,,,,503,3593,1594825742787,1594825746380,1ED9OTKQU
,,,,,,,,,,,,,,,,503,3695,1594825742686,1594825746381,1ED9LB50J
,,,,,,,,,,,,,,,,503,248,1594825746268,1594825746516,1ED9KP3OE
,,,,,,,,,,,,,,,,503,188,1594825746334,1594825746522,1ED9P5QCD
,,,,,,,,,,,,,,,,503,154,1594825746369,1594825746523,1ED9KV5FU
,,,,,,,,,,,,,,,,503,205,1594825746318,1594825746523,1ED9LAHN5
,,,,,,,,,,,,,,,,503,223,1594825746301,1594825746524,1ED9JPVIN
,,,,,,,,,,,,,,,,503,240,1594825746285,1594825746525,1ED9K93I1
,,,,,,,,,,,,,,,,503,1883,1594825744651,1594825746534,1ED9I37Q9
,,,,,,,,,,,,,,,,503,1652,1594825744886,1594825746538,1ED9JC881
,,,,,,,,,,,,,,,,503,1636,1594825744903,1594825746539,1ED9OR09H
,,,,,,,,,,,,,,,,503,1805,1594825744735,1594825746540,1ED9MP7S2
,,,,,,,,,,,,,,,,503,1823,1594825744718,1594825746541,1ED9NU94E
,,,,,,,,,,,,,,,,503,128,1594825746418,1594825746546,1ED9GKHRA
,,,,,,,,,,,,,,,,503,273,1594825746517,1594825746790,1ED9KKET0
,,,,,,,,,,,,,,,,503,291,1594825746502,1594825746793,1ED9MILAK
,,,,,,,,,,,,,,,,503,214,1594825746585,1594825746799,1ED9MC5CG
,,,,,,,,,,,,,,,,503,247,1594825746552,1594825746799,1ED9OL6J9
,,,,,,,,,,,,,,,,503,185,1594825746618,1594825746803,1ED9J8BE7
,,,,,,,,,,,,,,,,503,135,1594825746669,1594825746804,1ED9LUQ4V
,,,,,,,,,,,,,,,,503,128,1594825746702,1594825746830,1ED9K8FIO
,,,,,,,,,,,,,,,,503,117,1594825746719,1594825746836,1ED9GFGK5
,,,,,,,,,,,,,,,,503,131,1594825746736,1594825746867,1ED9NRDEM
,,,,,,,,,,,,,,,,503,145,1594825746751,1594825746896,1ED9HQQVI
,,,,,,,,,,,,,,,,503,129,1594825746767,1594825746896,1ED9O6B5G
,,,,,,,,,,,,,,,,503,145,1594825746801,1594825746946,1ED9KMRF5
,,,,,,,,,,,,,,,,503,129,1594825746818,1594825746947,1ED9PJQOK
,,,,,,,,,,,,,,,,503,165,1594825746784,1594825746949,1ED9INFIO
,,,,,,,,,,,,,,,,503,170,1594825746834,1594825747004,1ED9MFDMT
,,,,,,,,,,,,,,,,503,137,1594825746868,1594825747005,1ED9GV3PD
,,,,,,,,,,,,,,,,503,155,1594825746851,1594825747006,1ED9ML74Q
,,,,,,,,,,,,,,,,503,129,1594825746886,1594825747015,1ED9NKU6A
,,,,,,,,,,,,,,,,503,127,1594825746901,1594825747028,1ED9LAVRD
1594825743387,1594825746668,3281,sls-uks-dev-tub-elasticity-benchmark.azurewebsites.net,1594825740277,RD501AC58EB91C,7500820,false,win32,v10.19.0,ACF,RD501AC58EB91C,UK South,1ED9P8OM6,a0a3f47ad735dc7c3e465ec7bf95d2ee75cadf9caa059ce7d3f9d834721babe9,79CE38B5FE696070C805DCC8F60158C28706817C42196A6E884225B51FA1BB17,200,7107,1594825740069,1594825747176,1ED9OLBF7
,,,,,,,,,,,,,,,,503,274,1594825746920,1594825747194,1ED9ID3BG
,,,,,,,,,,,,,,,,503,470,1594825746936,1594825747406,1ED9NUTQH
,,,,,,,,,,,,,,,,503,476,1594825746951,1594825747427,1ED9N09QD
,,,,,,,,,,,,,,,,503,246,1594825747202,1594825747448,1ED9KJAJL
,,,,,,,,,,,,,,,,503,397,1594825747052,1594825747449,1ED9NG5OD
,,,,,,,,,,,,,,,,503,465,1594825746985,1594825747450,1ED9PA2G7
,,,,,,,,,,,,,,,,503,429,1594825747021,1594825747450,1ED9L05L5
,,,,,,,,,,,,,,,,503,161,1594825747301,1594825747462,1ED9L7DU9
,,,,,,,,,,,,,,,,503,139,1594825747335,1594825747474,1ED9POKPN
,,,,,,,,,,,,,,,,503,129,1594825747351,1594825747480,1ED9MG0T5
1594825736236,1594825739062,2826,sls-uks-dev-tub-elasticity-benchmark.azurewebsites.net,1594824157176,RD501AC58EA6E1,7500400,false,win32,v10.19.0,ACF,RD501AC58EA6E1,UK South,1ED9LQGI5,f07a91c9a574b6d90e80eb6389925c1685786555a675c772a501bd6bbf1cf01f,79CE38B5FE696070C805DCC8F60158C28706817C42196A6E884225B51FA1BB17,200,15059,1594825732635,1594825747694,1ED9L8285
1594825714764,1594825717937,3173,sls-uks-dev-tub-elasticity-benchmark.azurewebsites.net,1594824919045,RD501AC58ED730,7500193,false,win32,v10.19.0,ACF,RD501AC58ED730,UK South,1ED9NHH1M,519d0f33e8ca84402abccb6f29ac6c309c2c7ff7da03b262009aadabb8e93a20,79CE38B5FE696070C805DCC8F60158C28706817C42196A6E884225B51FA1BB17,200,39675,1594825708752,1594825748427,1ED9OU1B8
1594825724443,1594825727297,2854,sls-uks-dev-tub-elasticity-benchmark.azurewebsites.net,1594825717662,RD501AC58EE385,7500831,false,win32,v10.19.0,ACF,RD501AC58EE385,UK South,1ED9GRO0N,deac3c942b2a72b721942f97372cf2a3052effbe4aa0b896664f8887a4bd559d,79CE38B5FE696070C805DCC8F60158C28706817C42196A6E884225B51FA1BB17,200,30821,1594825717687,1594825748508,1ED9L8HK1
,,,,,,,,,,,,,,,,503,2014,1594825747102,1594825749116,1ED9MHGSG
,,,,,,,,,,,,,,,,503,2040,1594825747085,1594825749125,1ED9NCO53
,,,,,,,,,,,,,,,,503,1992,1594825747134,1594825749126,1ED9KFU86
,,,,,,,,,,,,,,,,503,2126,1594825747000,1594825749126,1ED9MN1QP
,,,,,,,,,,,,,,,,503,2158,1594825746968,1594825749126,1ED9PQ3NQ
,,,,,,,,,,,,,,,,503,265,1594825749020,1594825749285,1ED9OUTL1
,,,,,,,,,,,,,,,,503,255,1594825749034,1594825749289,1ED9MT41A
,,,,,,,,,,,,,,,,503,191,1594825749101,1594825749292,1ED9GPKT3
,,,,,,,,,,,,,,,,503,239,1594825749053,1594825749292,1ED9LVTGQ
,,,,,,,,,,,,,,,,503,226,1594825749067,1594825749293,1ED9IO1K1
,,,,,,,,,,,,,,,,503,129,1594825749168,1594825749297,1ED9H91OM
,,,,,,,,,,,,,,,,503,255,1594825749185,1594825749440,1ED9I7OCC
1594825746678,1594825749428,2750,sls-uks-dev-tub-elasticity-benchmark.azurewebsites.net,1594825746538,RD501AC58ED6F0,7500864,false,win32,v10.19.0,ACF,RD501AC58ED6F0,UK South,1ED9L4EFB,49bebddfbfbcb9dcd2a70d70e9b082ec4829e284dab9ea24934811435e68d200,79CE38B5FE696070C805DCC8F60158C28706817C42196A6E884225B51FA1BB17,200,3576,1594825746434,1594825750010,1ED9N1MKU
,,,,,,,,,,,,,,,,503,1022,1594825750503,1594825751525,1ED9OSJ2E
,,,,,,,,,,,,,,,,503,1192,1594825750336,1594825751528,1ED9PJ1UR
,,,,,,,,,,,,,,,,503,2198,1594825749335,1594825751533,1ED9O8V1K
,,,,,,,,,,,,,,,,503,1280,1594825750253,1594825751533,1ED9HPKR6
,,,,,,,,,,,,,,,,503,2182,1594825749352,1594825751534,1ED9K02GU
,,,,,,,,,,,,,,,,503,1231,1594825750303,1594825751534,1ED9PQPEE
,,,,,,,,,,,,,,,,503,123,1594825751436,1594825751559,1ED9PEDG9
,,,,,,,,,,,,,,,,503,107,1594825751469,1594825751576,1ED9JDUD2
,,,,,,,,,,,,,,,,503,126,1594825751453,1594825751579,1ED9GDLFF
1594825724924,1594825751884,26960,sls-uks-dev-tub-elasticity-benchmark.azurewebsites.net,1594824150018,RD501AC58EB2B4,7500343,false,win32,v10.19.0,ACF,RD501AC58EB2B4,UK South,1ED9GVIJ6,705be9feb20d53ec94c0fe3c8c439b3c0da6689a7d1d9e8ebd3352da6cfd2823,79CE38B5FE696070C805DCC8F60158C28706817C42196A6E884225B51FA1BB17,200,27936,1594825724285,1594825752221,1ED9MGBAC
1594825718199,1594825752342,34143,sls-uks-dev-tub-elasticity-benchmark.azurewebsites.net,1594824869574,RD0050F2BD0570,7500421,false,win32,v10.19.0,ACF,RD0050F2BD0570,UK South,1ED9NKGA1,efd9231352bcf6a4533ee27955f539e8af02bda068b358fda80f0e3b0a32f7c0,79CE38B5FE696070C805DCC8F60158C28706817C42196A6E884225B51FA1BB17,200,35204,1594825717535,1594825752739,1ED9KEOE6
1594825749588,1594825752428,2840,sls-uks-dev-tub-elasticity-benchmark.azurewebsites.net,1594825746538,RD501AC58ED6F0,7500509,false,win32,v10.19.0,ACF,RD501AC58ED6F0,UK South,1ED9L4EFB,49bebddfbfbcb9dcd2a70d70e9b082ec4829e284dab9ea24934811435e68d200,79CE38B5FE696070C805DCC8F60158C28706817C42196A6E884225B51FA1BB17,200,6327,1594825746469,1594825752796,1ED9PHDVF
1594825744782,1594825748016,3234,sls-uks-dev-tub-elasticity-benchmark.azurewebsites.net,1594825742360,RD501AC58E81CB,7500458,false,win32,v10.19.0,ACF,RD501AC58E81CB,UK South,1ED9MPD2C,c015407f2340ab83319171108305fa1072c8452284bc5ef903dfd906b4fd7902,79CE38B5FE696070C805DCC8F60158C28706817C42196A6E884225B51FA1BB17,200,10939,1594825742002,1594825752941,1ED9HJ0VV
1594825749646,1594825752678,3032,sls-uks-dev-tub-elasticity-benchmark.azurewebsites.net,1594825749444,RD501AC58EE37E,7500647,false,win32,v10.19.0,ACF,RD501AC58EE37E,UK South,1ED9N706H,26c27d9b4db1cd6cb039a914976734989ff799d730fa1ce937577b944c031681,79CE38B5FE696070C805DCC8F60158C28706817C42196A6E884225B51FA1BB17,200,4052,1594825749203,1594825753255,1ED9P6NBO
,,,,,,,,,,,,,,,,503,2290,1594825751403,1594825753693,1ED9OHR0I
,,,,,,,,,,,,,,,,503,2157,1594825751536,1594825753693,1ED9P0606
,,,,,,,,,,,,,,,,503,2424,1594825751269,1594825753693,1ED9JC2AO
,,,,,,,,,,,,,,,,503,2091,1594825751603,1594825753694,1ED9L87RE
,,,,,,,,,,,,,,,,503,2326,1594825751369,1594825753695,1ED9GO5EA
,,,,,,,,,,,,,,,,503,2060,1594825751636,1594825753696,1ED9K6UG5
,,,,,,,,,,,,,,,,503,130,1594825753586,1594825753716,1ED9NMNE3
,,,,,,,,,,,,,,,,503,121,1594825753603,1594825753724,1ED9JTMGM
,,,,,,,,,,,,,,,,503,110,1594825753636,1594825753746,1ED9J3DIM
,,,,,,,,,,,,,,,,503,135,1594825753619,1594825753754,1ED9MNPJT
,,,,,,,,,,,,,,,,503,112,1594825753653,1594825753765,1ED9LRKDK
,,,,,,,,,,,,,,,,503,1353,1594825752669,1594825754022,1ED9GSQGN
,,,,,,,,,,,,,,,,503,1454,1594825752586,1594825754040,1ED9GM4N1
,,,,,,,,,,,,,,,,503,1237,1594825752803,1594825754040,1ED9PN1KR
,,,,,,,,,,,,,,,,503,521,1594825753519,1594825754040,1ED9GTJDS
,,,,,,,,,,,,,,,,503,562,1594825753486,1594825754048,1ED9K54OT
,,,,,,,,,,,,,,,,503,513,1594825753536,1594825754049,1ED9OC1BO
,,,,,,,,,,,,,,,,503,131,1594825753919,1594825754050,1ED9PGRT8
1594825751936,1594825754425,2489,sls-uks-dev-tub-elasticity-benchmark.azurewebsites.net,1594825751686,RD501AC58E8DD4,7500133,false,win32,v10.19.0,ACF,RD501AC58E8DD4,UK South,1ED9GHROG,3d5e7515b09bdf10213a4ce09a6760b3b14b3a546f917e51f96d1557044f64a5,79CE38B5FE696070C805DCC8F60158C28706817C42196A6E884225B51FA1BB17,200,3516,1594825751486,1594825755002,1ED9PFSQ9
,,,,,,,,,,,,,,,,503,697,1594825754636,1594825755333,1ED9GKBG2
,,,,,,,,,,,,,,,,503,531,1594825754803,1594825755334,1ED9P26EA
,,,,,,,,,,,,,,,,503,790,1594825754553,1594825755343,1ED9K4EU3
,,,,,,,,,,,,,,,,503,1474,1594825753869,1594825755343,1ED9MHKKI
,,,,,,,,,,,,,,,,503,757,1594825754586,1594825755343,1ED9O2DV8
,,,,,,,,,,,,,,,,503,181,1594825755253,1594825755434,1ED9PRHU0
,,,,,,,,,,,,,,,,503,166,1594825755269,1594825755435,1ED9NP0ED
,,,,,,,,,,,,,,,,503,201,1594825755236,1594825755437,1ED9N774B
,,,,,,,,,,,,,,,,503,140,1594825755303,1594825755443,1ED9KDH2I
,,,,,,,,,,,,,,,,503,120,1594825755336,1594825755456,1ED9IC3KU
1594825706006,1594825708887,2881,sls-uks-dev-tub-elasticity-benchmark.azurewebsites.net,1594824926871,RD501AC58EA03E,7500567,false,win32,v10.19.0,ACF,RD501AC58EA03E,UK South,1ED9P1NCC,622409e3d6a6e54cace781a8d35ff4326cb4a49584a7244661d27fa0d03111dc,79CE38B5FE696070C805DCC8F60158C28706817C42196A6E884225B51FA1BB17,200,55497,1594825700786,1594825756283,1ED9ITI45
1594825741480,1594825744655,3175,sls-uks-dev-tub-elasticity-benchmark.azurewebsites.net,1594825738308,RD501AC58EB251,7500466,false,win32,v10.19.0,ACF,RD501AC58EB251,UK South,1ED9ICEA7,6292c0852d4106d8d402e77f96be4df8ca5b6471ec9ce8e48ad873e547be2f88,79CE38B5FE696070C805DCC8F60158C28706817C42196A6E884225B51FA1BB17,200,18703,1594825738085,1594825756788,1ED9P6KNH
1594825754233,1594825756514,2281,sls-uks-dev-tub-elasticity-benchmark.azurewebsites.net,1594825753904,RD501AC58E8DDF,7500971,false,win32,v10.19.0,ACF,RD501AC58E8DDF,UK South,1ED9LSIM0,c354aaef437b76d8ededfe5bdc9d74323b723378ca720209f87708f2ff1a26f5,79CE38B5FE696070C805DCC8F60158C28706817C42196A6E884225B51FA1BB17,200,3426,1594825753669,1594825757095,1ED9KMVRQ
1594825754412,1594825756724,2312,sls-uks-dev-tub-elasticity-benchmark.azurewebsites.net,1594825754240,RD501AC58EB268,7500245,false,win32,v10.19.0,ACF,RD501AC58EB268,UK South,1ED9OBTOJ,7a1db6e34919d328a6b342958b148ee6050587aa891006760e2f1856efac5f26,79CE38B5FE696070C805DCC8F60158C28706817C42196A6E884225B51FA1BB17,200,3323,1594825753953,1594825757276,1ED9PGQ98
,,,,,,,,,,,,,,,,503,2310,1594825755619,1594825757929,1ED9MGN58
,,,,,,,,,,,,,,,,503,1510,1594825756419,1594825757929,1ED9O7O7Q
,,,,,,,,,,,,,,,,503,2278,1594825755653,1594825757931,1ED9LGM9H
,,,,,,,,,,,,,,,,503,1895,1594825756036,1594825757931,1ED9PAIC0
,,,,,,,,,,,,,,,,503,2112,1594825755819,1594825757931,1ED9J802H
,,,,,,,,,,,,,,,,503,2235,1594825755703,1594825757938,1ED9L9O7A
,,,,,,,,,,,,,,,,503,121,1594825757836,1594825757957,1ED9JJU3V
,,,,,,,,,,,,,,,,503,120,1594825757886,1594825758006,1ED9K53Q4
,,,,,,,,,,,,,,,,503,138,1594825757869,1594825758007,1ED9JULEA
,,,,,,,,,,,,,,,,503,163,1594825757853,1594825758016,1ED9JS54T
,,,,,,,,,,,,,,,,503,126,1594825757919,1594825758045,1ED9MENUL
1594825748341,1594825756231,7890,sls-uks-dev-tub-elasticity-benchmark.azurewebsites.net,1594825747650,RD501AC58E9A67,7500044,false,win32,v10.19.0,ACF,RD501AC58E9A67,UK South,1ED9MJ7UN,9bfc5d1cc011b1d989c47453347b28e7ed30ce1227470a6d28ed0f9ce4bf3802,79CE38B5FE696070C805DCC8F60158C28706817C42196A6E884225B51FA1BB17,200,10665,1594825747384,1594825758049,1ED9JATIA
,,,,,,,,,,,,,,,,503,153,1594825757953,1594825758106,1ED9HOG7I
,,,,,,,,,,,,,,,,503,153,1594825758003,1594825758156,1ED9O2JCM
,,,,,,,,,,,,,,,,503,172,1594825757986,1594825758158,1ED9J7H2H
,,,,,,,,,,,,,,,,503,190,1594825757969,1594825758159,1ED9PJTGQ
,,,,,,,,,,,,,,,,503,121,1594825758053,1594825758174,1ED9M1LVO
,,,,,,,,,,,,,,,,503,156,1594825758019,1594825758175,1ED9IFA8E
,,,,,,,,,,,,,,,,503,116,1594825758069,1594825758185,1ED9KPSD2
,,,,,,,,,,,,,,,,503,674,1594825757519,1594825758193,1ED9H37UT
,,,,,,,,,,,,,,,,503,142,1594825758086,1594825758228,1ED9KC8HF
,,,,,,,,,,,,,,,,503,135,1594825758103,1594825758238,1ED9O04N6
,,,,,,,,,,,,,,,,503,124,1594825758153,1594825758277,1ED9MO1C5
,,,,,,,,,,,,,,,,503,144,1594825758136,1594825758280,1ED9GTJ2J
,,,,,,,,,,,,,,,,503,121,1594825758186,1594825758307,1ED9NCKHI
,,,,,,,,,,,,,,,,503,123,1594825758203,1594825758326,1ED9HACN3
,,,,,,,,,,,,,,,,503,1222,1594825757136,1594825758358,1ED9H8SEE
,,,,,,,,,,,,,,,,503,1443,1594825756919,1594825758362,1ED9LO3VM
,,,,,,,,,,,,,,,,503,180,1594825758236,1594825758416,1ED9L8OTS
,,,,,,,,,,,,,,,,503,197,1594825758219,1594825758416,1ED9N33PO
,,,,,,,,,,,,,,,,503,680,1594825757819,1594825758499,1ED9K396N
,,,,,,,,,,,,,,,,503,716,1594825757786,1594825758502,1ED9K2PCC
,,,,,,,,,,,,,,,,503,262,1594825758286,1594825758548,1ED9I92G4
,,,,,,,,,,,,,,,,503,313,1594825758319,1594825758632,1ED9IFFO1
,,,,,,,,,,,,,,,,503,285,1594825758353,1594825758638,1ED9IOGEL
,,,,,,,,,,,,,,,,503,305,1594825758336,1594825758641,1ED9KGKLT
1594825735366,1594825738662,3296,sls-uks-dev-tub-elasticity-benchmark.azurewebsites.net,1594825731362,RD501AC58E947E,7500992,false,win32,v10.19.0,ACF,RD501AC58E947E,UK South,1ED9LCNCH,e0e54be0bdd932eda7f3142e1a7c4fe99e4e2e1d04f7ee153339f967240872e2,79CE38B5FE696070C805DCC8F60158C28706817C42196A6E884225B51FA1BB17,200,27532,1594825731219,1594825758751,1ED9N6UUS
1594825730423,1594825759504,29081,sls-uks-dev-tub-elasticity-benchmark.azurewebsites.net,1594824152724,RD501AC58EE9A3,7500263,false,win32,v10.19.0,ACF,RD501AC58EE9A3,UK South,1ED9F6K1H,09501af96bca33a762575f9785d2d912140c874a93815b37167b6b0b87302106,79CE38B5FE696070C805DCC8F60158C28706817C42196A6E884225B51FA1BB17,200,29884,1594825729803,1594825759687,1ED9P0E2K
1594825755833,1594825758977,3144,sls-uks-dev-tub-elasticity-benchmark.azurewebsites.net,1594825755602,RD501AC58E87D2,7500458,false,win32,v10.19.0,ACF,RD501AC58E87D2,UK South,1ED9LAJ2S,77b2b22b62b6e0d158b9023c2ed0c9ea4be870072240a45c1bef0e3480502c58,79CE38B5FE696070C805DCC8F60158C28706817C42196A6E884225B51FA1BB17,200,4538,1594825755369,1594825759907,1ED9J174F
,,,,,,,,,,,,,,,,503,1016,1594825759236,1594825760252,1ED9GE45Q
1594825756818,1594825759896,3078,sls-uks-dev-tub-elasticity-benchmark.azurewebsites.net,1594825754240,RD501AC58EB268,7500040,false,win32,v10.19.0,ACF,RD501AC58EB268,UK South,1ED9OBTOJ,7a1db6e34919d328a6b342958b148ee6050587aa891006760e2f1856efac5f26,79CE38B5FE696070C805DCC8F60158C28706817C42196A6E884225B51FA1BB17,200,6292,1594825753986,1594825760278,1ED9K30DC
1594825756561,1594825759889,3328,sls-uks-dev-tub-elasticity-benchmark.azurewebsites.net,1594825753904,RD501AC58E8DDF,7500672,false,win32,v10.19.0,ACF,RD501AC58E8DDF,UK South,1ED9LSIM0,c354aaef437b76d8ededfe5bdc9d74323b723378ca720209f87708f2ff1a26f5,79CE38B5FE696070C805DCC8F60158C28706817C42196A6E884225B51FA1BB17,200,6613,1594825753686,1594825760299,1ED9JKPFR
,,,,,,,,,,,,,,,,503,1521,1594825758919,1594825760440,1ED9N93KP
,,,,,,,,,,,,,,,,503,1754,1594825758686,1594825760440,1ED9KDRL1
,,,,,,,,,,,,,,,,503,1555,1594825758886,1594825760441,1ED9PBTV5
,,,,,,,,,,,,,,,,503,1474,1594825758969,1594825760443,1ED9JKHBO
,,,,,,,,,,,,,,,,503,367,1594825760153,1594825760520,1ED9I0SJ7
1594825721943,1594825725408,3465,sls-uks-dev-tub-elasticity-benchmark.azurewebsites.net,1594825718768,RD501AC58EB8A5,7500970,false,win32,v10.19.0,ACF,RD501AC58EB8A5,UK South,1ED9L8F4R,8e7cdee1ecdd5dfad33ea440b6f63a06f52a808430d262066bd20433f51db698,79CE38B5FE696070C805DCC8F60158C28706817C42196A6E884225B51FA1BB17,200,43218,1594825718052,1594825761270,1ED9H18HM
1594825709027,1594825711386,2359,sls-uks-dev-tub-elasticity-benchmark.azurewebsites.net,1594824912007,RD501AC58E75EB,7500337,false,win32,v10.19.0,ACF,RD501AC58E75EB,UK South,1ED9J24VS,d4eb535f9cc94a935cb48cc280916c3f1f99f876a634d892e873c91171b5d1a7,79CE38B5FE696070C805DCC8F60158C28706817C42196A6E884225B51FA1BB17,200,59312,1594825701986,1594825761298,1ED9PLGNR
1594825758619,1594825761025,2406,sls-uks-dev-tub-elasticity-benchmark.azurewebsites.net,1594825758478,RD501AC58E8DED,7500047,false,win32,v10.19.0,ACF,RD501AC58E8DED,UK South,1ED9GJTGO,75baef7a71ce601044a0dfc470f1808515c5445cb3a72e4998322789605c7acb,79CE38B5FE696070C805DCC8F60158C28706817C42196A6E884225B51FA1BB17,200,3290,1594825758253,1594825761543,1ED9NFUOP
1594825712293,1594825715236,2943,sls-uks-dev-tub-elasticity-benchmark.azurewebsites.net,1594824944862,RD501AC58EE32F,7500942,false,win32,v10.19.0,ACF,RD501AC58EE32F,UK South,1ED9NEV65,21e2c8f2e1bf6111d2a91f3bceb99d2c65a6012731b4daed5fa0dd8e020b51dc,79CE38B5FE696070C805DCC8F60158C28706817C42196A6E884225B51FA1BB17,200,54935,1594825707102,1594825762037,1ED9KDA72
1594825759040,1594825761960,2920,sls-uks-dev-tub-elasticity-benchmark.azurewebsites.net,1594825755602,RD501AC58E87D2,7500860,false,win32,v10.19.0,ACF,RD501AC58E87D2,UK South,1ED9LAJ2S,77b2b22b62b6e0d158b9023c2ed0c9ea4be870072240a45c1bef0e3480502c58,79CE38B5FE696070C805DCC8F60158C28706817C42196A6E884225B51FA1BB17,200,6824,1594825755453,1594825762277,1ED9OVBPE
,,,,,,,,,,,,,,,,503,2325,1594825761136,1594825763461,1ED9JTNL0
,,,,,,,,,,,,,,,,503,2409,1594825761052,1594825763461,1ED9HVNSM
,,,,,,,,,,,,,,,,503,2675,1594825760786,1594825763461,1ED9GFHMU
,,,,,,,,,,,,,,,,503,2911,1594825760552,1594825763463,1ED9I4PEA
,,,,,,,,,,,,,,,,503,3163,1594825760302,1594825763465,1ED9N8IRV
,,,,,,,,,,,,,,,,503,2395,1594825761086,1594825763481,1ED9NS39A
1594825736673,1594825763187,26514,sls-uks-dev-tub-elasticity-benchmark.azurewebsites.net,1594824901842,RD0050F2BD056D,7500660,false,win32,v10.19.0,ACF,RD0050F2BD056D,UK South,1ED9OI90M,868786186e3c17960209aaa1ea18d4353be7034d65219671a72f3592f78e6b05,79CE38B5FE696070C805DCC8F60158C28706817C42196A6E884225B51FA1BB17,200,27484,1594825736035,1594825763519,1ED9MC7EG
,,,,,,,,,,,,,,,,503,225,1594825763352,1594825763577,1ED9M15C3
,,,,,,,,,,,,,,,,503,183,1594825763402,1594825763585,1ED9H3P31
,,,,,,,,,,,,,,,,503,170,1594825763419,1594825763589,1ED9NF61K
,,,,,,,,,,,,,,,,503,159,1594825763436,1594825763595,1ED9OD4HS
,,,,,,,,,,,,,,,,503,146,1594825763452,1594825763598,1ED9MHEVD
,,,,,,,,,,,,,,,,503,121,1594825763486,1594825763607,1ED9P5J6B
,,,,,,,,,,,,,,,,503,126,1594825763502,1594825763628,1ED9ODBPD
1594825760701,1594825763091,2390,sls-uks-dev-tub-elasticity-benchmark.azurewebsites.net,1594825760499,RD501AC58E87E2,7500099,false,win32,v10.19.0,ACF,RD501AC58E87E2,UK South,1ED9MBGNA,dfef65d5d005decdf16ca6c5670ca470d3b3147889c1170e73f46a07f21ca5ae,79CE38B5FE696070C805DCC8F60158C28706817C42196A6E884225B51FA1BB17,200,3386,1594825760353,1594825763739,1ED9LUBIT
,,,,,,,,,,,,,,,,503,226,1594825763519,1594825763745,1ED9I1TF9
1594825739079,1594825741734,2655,sls-uks-dev-tub-elasticity-benchmark.azurewebsites.net,1594824157176,RD501AC58EA6E1,7500815,false,win32,v10.19.0,ACF,RD501AC58EA6E1,UK South,1ED9LQGI5,f07a91c9a574b6d90e80eb6389925c1685786555a675c772a501bd6bbf1cf01f,79CE38B5FE696070C805DCC8F60158C28706817C42196A6E884225B51FA1BB17,200,32916,1594825731385,1594825764301,1ED9GBRQ3
1594825734311,1594825764344,30033,sls-uks-dev-tub-elasticity-benchmark.azurewebsites.net,1594824160361,RD501AC58EB915,7500814,false,win32,v10.19.0,ACF,RD501AC58EB915,UK South,1ED9ITL47,edaab1b44b4aec8dffc151e07cfd01e6833e6c7c708d987ff69326fb64ca72cf,79CE38B5FE696070C805DCC8F60158C28706817C42196A6E884225B51FA1BB17,200,31013,1594825733684,1594825764697,1ED9J7M7J
1594825721836,1594825724524,2688,sls-uks-dev-tub-elasticity-benchmark.azurewebsites.net,1594825715509,RD501AC58EE39C,7500496,false,win32,v10.19.0,ACF,RD501AC58EE39C,UK South,1ED9J40VN,e81fdc6ba350a5d391684e8a00ce9d8d0c39cc9c99bfa5f795f1331dba9fe0f6,79CE38B5FE696070C805DCC8F60158C28706817C42196A6E884225B51FA1BB17,200,49215,1594825715502,1594825764717,1ED9H57FK
1594825737448,1594825740964,3516,sls-uks-dev-tub-elasticity-benchmark.azurewebsites.net,1594824898768,RD501AC58E883C,7500058,false,win32,v10.19.0,ACF,RD501AC58E883C,UK South,1ED9HUL63,04bed633f23e09623dac6b627accce6240efa1e9739ec9328a5f0adccfa09faa,79CE38B5FE696070C805DCC8F60158C28706817C42196A6E884225B51FA1BB17,200,30494,1594825734252,1594825764746,1ED9KNMKS
1594825763172,1594825765624,2452,sls-uks-dev-tub-elasticity-benchmark.azurewebsites.net,1594825760499,RD501AC58E87E2,7500089,false,win32,v10.19.0,ACF,RD501AC58E87E2,UK South,1ED9MBGNA,dfef65d5d005decdf16ca6c5670ca470d3b3147889c1170e73f46a07f21ca5ae,79CE38B5FE696070C805DCC8F60158C28706817C42196A6E884225B51FA1BB17,200,5708,1594825760402,1594825766110,1ED9I0GLQ
1594825759656,1594825763060,3404,sls-uks-dev-tub-elasticity-benchmark.azurewebsites.net,1594825758686,RD501AC58E87DE,7500805,false,win32,v10.19.0,ACF,RD501AC58E87DE,UK South,1ED9PFGT5,6431c4049d794a4845846c5c4074b4a99ca7608076e12415bf06a68dd41f2e24,79CE38B5FE696070C805DCC8F60158C28706817C42196A6E884225B51FA1BB17,200,7959,1594825758369,1594825766328,1ED9ICBGT
1594825710159,1594825713422,3263,sls-uks-dev-tub-elasticity-benchmark.azurewebsites.net,1594824906595,RD501AC58EE9BD,7500207,false,win32,v10.19.0,ACF,RD501AC58EE9BD,UK South,1ED9LCG79,8aa2b582726f44867162c2bf51dead73752c20d4401403c095e15b470ca5dba2,79CE38B5FE696070C805DCC8F60158C28706817C42196A6E884225B51FA1BB17,200,60069,1594825707303,1594825767372,1ED9ONOQA
1594825741727,1594825744883,3156,sls-uks-dev-tub-elasticity-benchmark.azurewebsites.net,1594824903758,RD501AC58ED752,7500048,false,win32,v10.19.0,ACF,RD501AC58ED752,UK South,1ED9OTVOV,d10f0419032c189b7376eb951a63d13b0331a1d05f5810a56a49aa01ffbc7c16,79CE38B5FE696070C805DCC8F60158C28706817C42196A6E884225B51FA1BB17,200,29053,1594825738369,1594825767422,1ED9OHE9J
1594825752760,1594825756396,3636,sls-uks-dev-tub-elasticity-benchmark.azurewebsites.net,1594825749444,RD501AC58EE37E,7500787,false,win32,v10.19.0,ACF,RD501AC58EE37E,UK South,1ED9N706H,26c27d9b4db1cd6cb039a914976734989ff799d730fa1ce937577b944c031681,79CE38B5FE696070C805DCC8F60158C28706817C42196A6E884225B51FA1BB17,200,20795,1594825749218,1594825770013,1ED9JJSID
1594825736101,1594825740150,4049,sls-uks-dev-tub-elasticity-benchmark.azurewebsites.net,1594825732149,RD501AC58ECAD2,7500380,false,win32,v10.19.0,ACF,RD501AC58ECAD2,UK South,1ED9MANJM,e6f24eb4d319e773b8a35736f11b30eacde896adab586211f1dfa88ef0624c3c,79CE38B5FE696070C805DCC8F60158C28706817C42196A6E884225B51FA1BB17,200,38504,1594825732069,1594825770573,1ED9OA5QT
1594825730074,1594825733201,3127,sls-uks-dev-tub-elasticity-benchmark.azurewebsites.net,1594824147950,RD501AC58EC51A,7500296,false,win32,v10.19.0,ACF,RD501AC58EC51A,UK South,1ED9ISLNH,2eb853d994119e16dbefa0bf0996d872d5b9a541171f12c973492461ac012e48,79CE38B5FE696070C805DCC8F60158C28706817C42196A6E884225B51FA1BB17,200,50317,1594825721668,1594825771985,1ED9LUKD6
1594825764139,1594825768227,4088,sls-uks-dev-tub-elasticity-benchmark.azurewebsites.net,1594825763776,RD0050F2BD362E,7500809,false,win32,v10.19.0,ACF,RD0050F2BD362E,UK South,1ED9HQPEI,75f431076bfbcb7a538f8cfa3394da65bdbb77e8cc3c7589ce5fade1f7d11756,79CE38B5FE696070C805DCC8F60158C28706817C42196A6E884225B51FA1BB17,200,8491,1594825763536,1594825772027,1ED9PEEOT
1594825761056,1594825763915,2859,sls-uks-dev-tub-elasticity-benchmark.azurewebsites.net,1594825758478,RD501AC58E8DED,7500966,false,win32,v10.19.0,ACF,RD501AC58E8DED,UK South,1ED9GJTGO,75baef7a71ce601044a0dfc470f1808515c5445cb3a72e4998322789605c7acb,79CE38B5FE696070C805DCC8F60158C28706817C42196A6E884225B51FA1BB17,200,14094,1594825757936,1594825772030,1ED9KPJGS
1594825754535,1594825757458,2923,sls-uks-dev-tub-elasticity-benchmark.azurewebsites.net,1594825751686,RD501AC58E8DD4,7500525,false,win32,v10.19.0,ACF,RD501AC58E8DD4,UK South,1ED9GHROG,3d5e7515b09bdf10213a4ce09a6760b3b14b3a546f917e51f96d1557044f64a5,79CE38B5FE696070C805DCC8F60158C28706817C42196A6E884225B51FA1BB17,200,23084,1594825751503,1594825774587,1ED9HOVB1
1594825733913,1594825737958,4045,sls-uks-dev-tub-elasticity-benchmark.azurewebsites.net,1594825729242,RD501AC58E8879,7500184,false,win32,v10.19.0,ACF,RD501AC58E8879,UK South,1ED9MO5RG,1a38fc841f1a08a55eaa60e77a84bc3bb4f3ae37cf09e20744df63e59d8396c6,79CE38B5FE696070C805DCC8F60158C28706817C42196A6E884225B51FA1BB17,200,47812,1594825729168,1594825776980,1ED9GRV7T
1594825733825,1594825738371,4546,sls-uks-dev-tub-elasticity-benchmark.azurewebsites.net,1594825729576,RD501AC58E9A70,7500422,false,win32,v10.19.0,ACF,RD501AC58E9A70,UK South,1ED9L3VNS,58959f315ae110c77c27b360c2c2aa988f5fa92288eacf5bf282dfe6e588a5e9,79CE38B5FE696070C805DCC8F60158C28706817C42196A6E884225B51FA1BB17,200,47595,1594825729453,1594825777048,1ED9GT8Q6
1594825741981,1594825745044,3063,sls-uks-dev-tub-elasticity-benchmark.azurewebsites.net,1594825735106,RD501AC58E947D,7500124,false,win32,v10.19.0,ACF,RD501AC58E947D,UK South,1ED9KDJ7U,c6f29867043fc4d89919a10a8b4f179c6019ba9f45ee19561219d7cdc0fa20ba,79CE38B5FE696070C805DCC8F60158C28706817C42196A6E884225B51FA1BB17,200,47780,1594825735036,1594825782816,1ED9HQPCS
1594825744883,1594825747867,2984,sls-uks-dev-tub-elasticity-benchmark.azurewebsites.net,1594824903758,RD501AC58ED752,7500759,false,win32,v10.19.0,ACF,RD501AC58ED752,UK South,1ED9OTVOV,d10f0419032c189b7376eb951a63d13b0331a1d05f5810a56a49aa01ffbc7c16,79CE38B5FE696070C805DCC8F60158C28706817C42196A6E884225B51FA1BB17,200,45388,1594825738251,1594825783639,1ED9MIV08
1594825746699,1594825749934,3235,sls-uks-dev-tub-elasticity-benchmark.azurewebsites.net,1594825740277,RD501AC58EB91C,7500287,false,win32,v10.19.0,ACF,RD501AC58EB91C,UK South,1ED9P8OM6,a0a3f47ad735dc7c3e465ec7bf95d2ee75cadf9caa059ce7d3f9d834721babe9,79CE38B5FE696070C805DCC8F60158C28706817C42196A6E884225B51FA1BB17,200,58914,1594825740136,1594825799050,1ED9H76IJ
1594825752444,1594825754975,2531,sls-uks-dev-tub-elasticity-benchmark.azurewebsites.net,1594825746538,RD501AC58ED6F0,7500149,false,win32,v10.19.0,ACF,RD501AC58ED6F0,UK South,1ED9L4EFB,49bebddfbfbcb9dcd2a70d70e9b082ec4829e284dab9ea24934811435e68d200,79CE38B5FE696070C805DCC8F60158C28706817C42196A6E884225B51FA1BB17,200,54640,1594825746484,1594825801124,1ED9I4O20
1594825761980,1594825764400,2420,sls-uks-dev-tub-elasticity-benchmark.azurewebsites.net,1594825755602,RD501AC58E87D2,7500993,false,win32,v10.19.0,ACF,RD501AC58E87D2,UK South,1ED9LAJ2S,77b2b22b62b6e0d158b9023c2ed0c9ea4be870072240a45c1bef0e3480502c58,79CE38B5FE696070C805DCC8F60158C28706817C42196A6E884225B51FA1BB17,200,48616,1594825755486,1594825804102,1ED9OCEBM
1594825768727,1594825774133,5406,sls-uks-dev-tub-elasticity-benchmark.azurewebsites.net,1594825763776,RD0050F2BD362E,7500032,false,win32,v10.19.0,ACF,RD0050F2BD362E,UK South,1ED9HQPEI,75f431076bfbcb7a538f8cfa3394da65bdbb77e8cc3c7589ce5fade1f7d11756,79CE38B5FE696070C805DCC8F60158C28706817C42196A6E884225B51FA1BB17,200,46712,1594825763602,1594825810314,1ED9GIHH6
1594825759896,1594825762677,2781,sls-uks-dev-tub-elasticity-benchmark.azurewebsites.net,1594825754240,RD501AC58EB268,7500380,false,win32,v10.19.0,ACF,RD501AC58EB268,UK South,1ED9OBTOJ,7a1db6e34919d328a6b342958b148ee6050587aa891006760e2f1856efac5f26,79CE38B5FE696070C805DCC8F60158C28706817C42196A6E884225B51FA1BB17,200,59304,1594825754003,1594825813307,1ED9MH8R1
,,,,,,,,,,,,,,,,503,2887,1594825830666,1594825833553,1ED9LPN66
,,,,,,,,,,,,,,,,503,1487,1594825832066,1594825833553,1ED9L45JR
,,,,,,,,,,,,,,,,503,1687,1594825831866,1594825833553,1ED9JVR5C
,,,,,,,,,,,,,,,,503,1407,1594825832150,1594825833557,1ED9IR57K
,,,,,,,,,,,,,,,,503,2010,1594825831550,1594825833560,1ED9NEF7M
,,,,,,,,,,,,,,,,503,283,1594825833433,1594825833716,1ED9I9AQL
1594825834108,1594825838097,3989,sls-uks-dev-tub-elasticity-benchmark.azurewebsites.net,1594825833749,RD0050F2BD3630,7500621,false,win32,v10.19.0,ACF,RD0050F2BD3630,UK South,1ED9IOQUF,f6b0ad74f2fb0fac1757395cc07478888ea0fbd4924902216639f4363488295a,79CE38B5FE696070C805DCC8F60158C28706817C42196A6E884225B51FA1BB17,200,8140,1594825833483,1594825841623,1ED9NF9IC
,,,,,,,,,,,,,,,,503,1438,1594825865848,1594825867286,1ED9HMIIK
,,,,,,,,,,,,,,,,503,1854,1594825865432,1594825867286,1ED9N7V27
,,,,,,,,,,,,,,,,503,1071,1594825866215,1594825867286,1ED9JLJE2
,,,,,,,,,,,,,,,,503,1304,1594825865982,1594825867286,1ED9JULMK
,,,,,,,,,,,,,,,,503,1523,1594825865765,1594825867288,1ED9PRINN
,,,,,,,,,,,,,,,,503,857,1594825866431,1594825867288,1ED9KB0GE
,,,,,,,,,,,,,,,,503,523,1594825866765,1594825867288,1ED9K3D4K
,,,,,,,,,,,,,,,,503,1107,1594825866182,1594825867289,1ED9K7TUV
,,,,,,,,,,,,,,,,503,158,1594825867231,1594825867389,1ED9LBN8B
,,,,,,,,,,,,,,,,503,159,1594825867249,1594825867408,1ED9L4D1J
,,,,,,,,,,,,,,,,503,213,1594825867198,1594825867411,1ED9LRRIN
,,,,,,,,,,,,,,,,503,452,1594825866965,1594825867417,1ED9MDGPC
,,,,,,,,,,,,,,,,503,135,1594825867282,1594825867417,1ED9MEV23
,,,,,,,,,,,,,,,,503,121,1594825867315,1594825867436,1ED9L5EDO
,,,,,,,,,,,,,,,,503,121,1594825867331,1594825867452,1ED9JA7E1
1594825867848,1594825871112,3264,sls-uks-dev-tub-elasticity-benchmark.azurewebsites.net,1594825867677,RD501AC58E87AE,7500873,false,win32,v10.19.0,ACF,RD501AC58E87AE,UK South,1ED9H4B6F,fa1ef8d7e73d18acff5c962939f83e2f0baa37d6660ad24d79682e5efb6ded39,79CE38B5FE696070C805DCC8F60158C28706817C42196A6E884225B51FA1BB17,200,4862,1594825867381,1594825872243,1ED9K4HIM