executionStartTime,executionEndTime,executionLatency,containerId,containerStartTime,vmId,osType,nodeVersion,statusCode,requestResponseLatency,requestTime,responseTime,requestId
1567700884259,1567700884465,206,1DK19G1I0,1567700872229,1946707673,win32,v8.11.1,200,20420,1567700864538,1567700884958,1DK1CAKGL
1567700886784,1567700895065,8281,1DK149U61,1567700881282,-1877664704,win32,v8.11.1,200,18250,1567700878338,1567700896588,1DK18OS4T
1567700904812,1567700905187,375,1DK16R3CJ,1567700883247,-81327636,win32,v8.11.1,200,26344,1567700879437,1567700905781,1DK18B2TC
,,,,,,,,429,1267,1567700905840,1567700907107,1DK14E7JE
,,,,,,,,429,1159,1567700906240,1567700907399,1DK19HFRQ
1567700904283,1567700906876,2593,1DK17J6NN,1567700895491,-1962390447,win32,v8.11.1,200,15877,1567700891737,1567700907614,1DK15U9K5
,,,,,,,,429,486,1567700907340,1567700907826,1DK1CUHOM
,,,,,,,,429,887,1567700907040,1567700907927,1DK1B56OU
,,,,,,,,429,687,1567700907240,1567700907927,1DK1CAQ2E
,,,,,,,,429,1446,1567700906640,1567700908086,1DK168VSL
,,,,,,,,429,1747,1567700906340,1567700908087,1DK147MTN
,,,,,,,,429,3146,1567700905540,1567700908686,1DK171OIQ
,,,,,,,,429,2246,1567700906440,1567700908686,1DK18PR65
,,,,,,,,429,3624,1567700905640,1567700909264,1DK1CSN7M
,,,,,,,,429,3322,1567700905942,1567700909264,1DK192GP2
,,,,,,,,429,2729,1567700906540,1567700909269,1DK19OI5H
,,,,,,,,429,3888,1567700905740,1567700909628,1DK19QNEN
,,,,,,,,429,3589,1567700906040,1567700909629,1DK1C7A12
,,,,,,,,429,2778,1567700907440,1567700910218,1DK18468S
,,,,,,,,429,3600,1567700906740,1567700910340,1DK1CKGL1
,,,,,,,,429,1670,1567700909041,1567700910711,1DK1854B4
,,,,,,,,429,1571,1567700909140,1567700910711,1DK18OOND
,,,,,,,,429,1378,1567700909340,1567700910718,1DK153S3G
,,,,,,,,429,781,1567700909940,1567700910721,1DK15VEVF
,,,,,,,,429,4834,1567700906140,1567700910974,1DK1CFNVS
,,,,,,,,429,4122,1567700906940,1567700911062,1DK15IVCF
,,,,,,,,429,5831,1567700905440,1567700911271,1DK1CNALO
1567700908721,1567700908788,67,1DK1A37U5,1567700890307,-307347241,win32,v8.11.1,200,26939,1567700884537,1567700911476,1DK16IJ0N
1567700909925,1567700910818,893,1DK18OAFR,1567700902566,-934822262,win32,v8.11.1,200,10863,1567700900637,1567700911500,1DK17T8M5
,,,,,,,,429,2712,1567700908940,1567700911652,1DK1B949K
,,,,,,,,429,2813,1567700908840,1567700911653,1DK1D2QSK
,,,,,,,,429,3022,1567700908740,1567700911762,1DK15RNOV
,,,,,,,,429,924,1567700911040,1567700911964,1DK1A31J5
,,,,,,,,429,2873,1567700909240,1567700912113,1DK1CK4DE
,,,,,,,,429,3044,1567700909440,1567700912484,1DK196DI0
,,,,,,,,429,2863,1567700909741,1567700912604,1DK19J652
,,,,,,,,429,1561,1567700911640,1567700913201,1DK14UI88
,,,,,,,,429,6251,1567700907140,1567700913391,1DK16QIQR
,,,,,,,,429,3893,1567700909640,1567700913533,1DK151LJ3
,,,,,,,,429,1124,1567700912540,1567700913664,1DK19HMP2
,,,,,,,,429,1232,1567700913140,1567700914372,1DK1C12CG
,,,,,,,,429,1143,1567700913840,1567700914983,1DK17LOF8
,,,,,,,,429,616,1567700914440,1567700915056,1DK1B3OQ1
,,,,,,,,429,2123,1567700913040,1567700915163,1DK184HS7
,,,,,,,,429,2911,1567700912254,1567700915165,1DK17I39P
,,,,,,,,429,2607,1567700912640,1567700915247,1DK1BKCM8
,,,,,,,,429,2508,1567700912740,1567700915248,1DK19T63O
,,,,,,,,429,3961,1567700911540,1567700915501,1DK14HNC6
,,,,,,,,429,482,1567700915640,1567700916122,1DK161252
,,,,,,,,429,2415,1567700913740,1567700916155,1DK1DCDTR
,,,,,,,,429,1916,1567700914240,1567700916156,1DK1BA39L
,,,,,,,,429,1521,1567700914840,1567700916361,1DK1CHLM7
,,,,,,,,429,399,1567700916140,1567700916539,1DK14VMOB
,,,,,,,,429,1641,1567700914940,1567700916581,1DK1B2F9G
,,,,,,,,429,645,1567700915940,1567700916585,1DK19D6IM
,,,,,,,,429,1578,1567700915140,1567700916718,1DK1BF583
,,,,,,,,429,1524,1567700915240,1567700916764,1DK1C3R7V
,,,,,,,,429,2774,1567700914340,1567700917114,1DK15336V
,,,,,,,,429,2574,1567700914540,1567700917114,1DK196M5K
,,,,,,,,429,1827,1567700915340,1567700917167,1DK1DI9IB
,,,,,,,,429,1627,1567700915540,1567700917167,1DK14RAAQ
,,,,,,,,429,1727,1567700915440,1567700917167,1DK1CEH22
,,,,,,,,429,900,1567700916440,1567700917340,1DK15AMS8
,,,,,,,,429,1028,1567700916540,1567700917568,1DK173TSB
,,,,,,,,429,1635,1567700916040,1567700917675,1DK1BOBT7
,,,,,,,,429,1152,1567700916640,1567700917792,1DK1B3ULQ
,,,,,,,,429,921,1567700916940,1567700917861,1DK148Q8H
1567700917301,1567700917331,30,1DK18OAFR,1567700902566,-934822262,win32,v8.11.1,200,19173,1567700898838,1567700918011,1DK188IT4
,,,,,,,,429,934,1567700917640,1567700918574,1DK17D5MR
,,,,,,,,429,1143,1567700917540,1567700918683,1DK15J0QP
,,,,,,,,429,1593,1567700917140,1567700918733,1DK146QMQ
,,,,,,,,429,1694,1567700917040,1567700918734,1DK1CJDIR
,,,,,,,,429,1394,1567700917340,1567700918734,1DK1B9QM6
,,,,,,,,429,1015,1567700918140,1567700919155,1DK1D1J14
,,,,,,,,429,1461,1567700917740,1567700919201,1DK156HJT
,,,,,,,,429,2032,1567700917440,1567700919472,1DK1CDJNF
,,,,,,,,429,1304,1567700918240,1567700919544,1DK1DESBR
,,,,,,,,429,1569,1567700918540,1567700920109,1DK1C0RCG
,,,,,,,,429,770,1567700919340,1567700920110,1DK1B7UI9
,,,,,,,,429,1371,1567700918740,1567700920111,1DK1BV4NU
,,,,,,,,429,1871,1567700918340,1567700920211,1DK183740
,,,,,,,,429,2178,1567700918040,1567700920218,1DK170I99
,,,,,,,,429,555,1567700919840,1567700920395,1DK17V7TK
,,,,,,,,429,3285,1567700917240,1567700920525,1DK14V59M
,,,,,,,,429,1001,1567700919640,1567700920641,1DK19JNJ4
,,,,,,,,429,2198,1567700919140,1567700921338,1DK1D49PL
,,,,,,,,429,2097,1567700919241,1567700921338,1DK190NCJ
,,,,,,,,429,1598,1567700919740,1567700921338,1DK1BFIRT
,,,,,,,,429,873,1567700920540,1567700921413,1DK18Q7SU
,,,,,,,,429,849,1567700920840,1567700921689,1DK17QDML
1567700916091,1567700920851,4760,1DK17N1OA,1567700914651,-1955252132,win32,v8.11.1,200,11091,1567700910640,1567700921731,1DK1A4IE9
,,,,,,,,429,1472,1567700920340,1567700921812,1DK1DK6EA
,,,,,,,,429,1170,1567700920740,1567700921910,1DK1BSJQ5
,,,,,,,,429,1154,1567700921340,1567700922494,1DK18KPK2
,,,,,,,,429,3676,1567700918840,1567700922516,1DK1BSENM
,,,,,,,,429,4079,1567700918640,1567700922719,1DK18GCD5
,,,,,,,,429,1186,1567700921540,1567700922726,1DK19TCK6
,,,,,,,,429,1196,1567700921740,1567700922936,1DK15OT7F
,,,,,,,,429,1257,1567700921840,1567700923097,1DK1B3CJ1
,,,,,,,,429,1238,1567700922040,1567700923278,1DK16HNPN
,,,,,,,,429,1139,1567700922140,1567700923279,1DK18NI5A
1567700922599,1567700922648,49,1DK18OAFR,1567700902566,-934822262,win32,v8.11.1,200,24648,1567700898637,1567700923285,1DK16U0R9
,,,,,,,,429,819,1567700922540,1567700923359,1DK14SQUM
,,,,,,,,429,484,1567700923140,1567700923624,1DK1BDEG0
,,,,,,,,429,899,1567700923040,1567700923939,1DK1ARQSV
,,,,,,,,429,1501,1567700922640,1567700924141,1DK15T42U
,,,,,,,,429,709,1567700923640,1567700924349,1DK1AU7P1
,,,,,,,,429,813,1567700923540,1567700924353,1DK17I3IQ
,,,,,,,,429,654,1567700923940,1567700924594,1DK1DEOT5
,,,,,,,,429,707,1567700924440,1567700925147,1DK1D1E37
,,,,,,,,429,1549,1567700923740,1567700925289,1DK1721O4
,,,,,,,,429,1227,1567700924240,1567700925467,1DK188AFO
,,,,,,,,429,1127,1567700924340,1567700925467,1DK15LQE1
,,,,,,,,429,546,1567700924940,1567700925486,1DK17F94V
,,,,,,,,429,1009,1567700924740,1567700925749,1DK1BH2VC
,,,,,,,,429,685,1567700925240,1567700925925,1DK1AJRFH
,,,,,,,,429,2161,1567700923840,1567700926001,1DK161TPL
,,,,,,,,429,667,1567700925440,1567700926107,1DK1AHLQF
,,,,,,,,429,1639,1567700924840,1567700926479,1DK1938AJ
,,,,,,,,429,740,1567700925740,1567700926480,1DK18N5T0
,,,,,,,,429,729,1567700925840,1567700926569,1DK16NV1N
,,,,,,,,429,2680,1567700924140,1567700926820,1DK19DKIK
,,,,,,,,429,587,1567700926540,1567700927127,1DK1ARRAL
,,,,,,,,429,352,1567700927040,1567700927392,1DK1B75AJ
,,,,,,,,429,388,1567700927440,1567700927828,1DK147LQS
,,,,,,,,429,434,1567700927540,1567700927974,1DK14GS5E
,,,,,,,,429,945,1567700927340,1567700928285,1DK1A9KFT
,,,,,,,,429,1160,1567700927140,1567700928300,1DK18IMR0
,,,,,,,,429,459,1567700927940,1567700928399,1DK18JIJ7
,,,,,,,,429,1664,1567700926940,1567700928604,1DK19L2AD
,,,,,,,,429,632,1567700928040,1567700928672,1DK14O3AR
,,,,,,,,429,630,1567700928740,1567700929370,1DK19DKNS
,,,,,,,,429,524,1567700929140,1567700929664,1DK159LME
,,,,,,,,429,1092,1567700928640,1567700929732,1DK14OL5P
,,,,,,,,429,739,1567700929643,1567700930382,1DK146ECG
,,,,,,,,429,579,1567700930142,1567700930721,1DK162AHR
,,,,,,,,429,526,1567700930340,1567700930866,1DK18HSFU
,,,,,,,,429,1687,1567700929240,1567700930927,1DK1DDNJH
1567700929940,1567700929950,10,1DK190SNA,1567700916154,-934714072,win32,v8.11.1,200,18588,1567700912340,1567700930928,1DK14C5CQ
,,,,,,,,429,759,1567700930240,1567700930999,1DK149E6I
,,,,,,,,429,457,1567700930740,1567700931197,1DK174Q3C
1567700930979,1567700931137,158,1DK192K7P,1567700917685,1863598568,win32,v8.11.1,200,12173,1567700919040,1567700931213,1DK15IDNH
,,,,,,,,429,799,1567700931240,1567700932039,1DK16QGJ7
,,,,,,,,429,1790,1567700930840,1567700932630,1DK1C2BT0
,,,,,,,,429,1291,1567700931340,1567700932631,1DK15TM1S
,,,,,,,,429,1021,1567700931640,1567700932661,1DK1AGC6Q
,,,,,,,,429,412,1567700932340,1567700932752,1DK15293O
,,,,,,,,429,600,1567700932240,1567700932840,1DK1C1NFK
,,,,,,,,429,702,1567700932640,1567700933342,1DK17SM4E
,,,,,,,,429,586,1567700932840,1567700933426,1DK1BUBJR
1567700930160,1567700933241,3081,1DK1AM2TV,1567700927472,-1251542748,win32,v8.11.1,200,10797,1567700923340,1567700934137,1DK1AETUQ
,,,,,,,,429,706,1567700933840,1567700934546,1DK1AEAOJ
,,,,,,,,429,3244,1567700931440,1567700934684,1DK1D6O1F
,,,,,,,,429,833,1567700933940,1567700934773,1DK14SD49
1567700935181,1567700935742,561,1DK17N1OA,1567700914651,-1955252132,win32,v8.11.1,200,25637,1567700910740,1567700936377,1DK14T5SH
,,,,,,,,429,403,1567700936140,1567700936543,1DK184D56
,,,,,,,,429,2491,1567700934340,1567700936831,1DK19H1UL
,,,,,,,,429,1701,1567700935140,1567700936841,1DK1CK87M
,,,,,,,,429,985,1567700936040,1567700937025,1DK18KR3M
,,,,,,,,429,1886,1567700935640,1567700937526,1DK1DDREN
,,,,,,,,429,807,1567700936840,1567700937647,1DK1ADMU0
,,,,,,,,429,1770,1567700936640,1567700938410,1DK1CA8F6
,,,,,,,,429,2134,1567700936540,1567700938674,1DK15RQLU
,,,,,,,,429,898,1567700937840,1567700938738,1DK1BTPKA
,,,,,,,,429,669,1567700938240,1567700938909,1DK172093
,,,,,,,,429,1832,1567700937340,1567700939172,1DK1DGM2A
,,,,,,,,429,416,1567700939040,1567700939456,1DK14GODK
,,,,,,,,429,1673,1567700938040,1567700939713,1DK1C8SLT
,,,,,,,,429,1978,1567700938340,1567700940318,1DK198IA9
,,,,,,,,429,970,1567700939540,1567700940510,1DK17TQIS
,,,,,,,,429,471,1567700940040,1567700940511,1DK1CTG9E
,,,,,,,,429,2137,1567700938740,1567700940877,1DK1BI81Q
,,,,,,,,429,1937,1567700938940,1567700940877,1DK1869M5
,,,,,,,,429,1826,1567700939141,1567700940967,1DK1CNAM0
,,,,,,,,429,969,1567700940140,1567700941109,1DK1C1D6A
,,,,,,,,429,1084,1567700940240,1567700941324,1DK15O9GU
,,,,,,,,429,741,1567700940640,1567700941381,1DK174IP2
,,,,,,,,429,1568,1567700940540,1567700942108,1DK1D49LF
,,,,,,,,429,1081,1567700941340,1567700942421,1DK15L0PT
,,,,,,,,429,2392,1567700940440,1567700942832,1DK19PSKG
,,,,,,,,429,793,1567700942240,1567700943033,1DK18IH3C
,,,,,,,,429,1687,1567700941740,1567700943427,1DK18ID92
,,,,,,,,429,1438,1567700942140,1567700943578,1DK16U6R2
,,,,,,,,429,757,1567700942840,1567700943597,1DK1D7H0S
,,,,,,,,429,1453,1567700942340,1567700943793,1DK17TJBS
,,,,,,,,429,560,1567700943440,1567700944000,1DK184FPF
,,,,,,,,429,2898,1567700941240,1567700944138,1DK18UUFD
,,,,,,,,429,3102,1567700941040,1567700944142,1DK1798NS
,,,,,,,,429,829,1567700944140,1567700944969,1DK1C5H1N
,,,,,,,,429,3161,1567700941840,1567700945001,1DK1BTS98
,,,,,,,,429,1362,1567700943640,1567700945002,1DK15UDR1
,,,,,,,,429,836,1567700944540,1567700945376,1DK14R049
1567700943682,1567700944682,1000,1DK192K7P,1567700917685,1863598568,win32,v8.11.1,200,25989,1567700919440,1567700945429,1DK1D7PNF
,,,,,,,,429,1985,1567700943540,1567700945525,1DK176MRC
,,,,,,,,429,1787,1567700943840,1567700945627,1DK15K973
,,,,,,,,429,927,1567700945040,1567700945967,1DK17JV9F
,,,,,,,,429,2246,1567700943940,1567700946186,1DK16E03C
,,,,,,,,429,1372,1567700944940,1567700946312,1DK19VNRC
,,,,,,,,429,1106,1567700945740,1567700946846,1DK1D2IK1
,,,,,,,,429,4154,1567700942740,1567700946894,1DK1B8TNO
,,,,,,,,429,1051,1567700946140,1567700947191,1DK1BFCQL
,,,,,,,,429,1692,1567700945540,1567700947232,1DK1AOCDV
,,,,,,,,429,714,1567700946840,1567700947554,1DK182AB3
,,,,,,,,429,529,1567700947240,1567700947769,1DK1DA3C2
,,,,,,,,429,733,1567700947040,1567700947773,1DK1DARF3
,,,,,,,,429,1458,1567700946340,1567700947798,1DK17IG6L
,,,,,,,,429,1965,1567700946240,1567700948205,1DK159V1C
,,,,,,,,429,1720,1567700946540,1567700948260,1DK167NVR
,,,,,,,,429,1620,1567700946640,1567700948260,1DK166R6V
,,,,,,,,429,4417,1567700944040,1567700948457,1DK1ANT9K
1567700947972,1567700948014,42,1DK1B6GI0,1567700926767,-1962491073,win32,v8.11.1,200,26261,1567700922240,1567700948501,1DK1AGUPO
,,,,,,,,429,2556,1567700946040,1567700948596,1DK19C5G3
,,,,,,,,429,797,1567700947840,1567700948637,1DK1D2AI7
,,,,,,,,429,598,1567700948040,1567700948638,1DK19REF1
,,,,,,,,429,922,1567700947940,1567700948862,1DK1CHLQH
,,,,,,,,429,1329,1567700947540,1567700948869,1DK1CD81D
,,,,,,,,429,2063,1567700947140,1567700949203,1DK1D2C6V
,,,,,,,,429,1864,1567700947340,1567700949204,1DK1A4ISU
,,,,,,,,429,1055,1567700948340,1567700949395,1DK197AC7
,,,,,,,,429,685,1567700949440,1567700950125,1DK15A308
,,,,,,,,429,1348,1567700948940,1567700950288,1DK14DRE8
,,,,,,,,429,2049,1567700948240,1567700950289,1DK1ABGCE
,,,,,,,,429,1374,1567700949240,1567700950614,1DK168TGR
,,,,,,,,429,1089,1567700949540,1567700950629,1DK15EHAU
,,,,,,,,429,1645,1567700949340,1567700950985,1DK1AJ272
1567700950643,1567700950769,126,1DK1AM2TV,1567700927472,-1251542748,win32,v8.11.1,200,26597,1567700924640,1567700951237,1DK156UHT
,,,,,,,,429,821,1567700950540,1567700951361,1DK168OAU
,,,,,,,,429,1051,1567700950640,1567700951691,1DK155C81
,,,,,,,,429,1870,1567700949940,1567700951810,1DK15C6U7
,,,,,,,,429,666,1567700951640,1567700952306,1DK15P4PK
,,,,,,,,429,400,1567700952140,1567700952540,1DK1COMVH
,,,,,,,,429,1775,1567700951140,1567700952915,1DK15FJKG
,,,,,,,,429,628,1567700952340,1567700952968,1DK168EPL
,,,,,,,,429,550,1567700952440,1567700952990,1DK174JEN
,,,,,,,,429,1437,1567700951740,1567700953177,1DK156656
,,,,,,,,429,359,1567700952940,1567700953299,1DK19CD6A
,,,,,,,,429,652,1567700953140,1567700953792,1DK17BPA0
,,,,,,,,429,5399,1567700948440,1567700953839,1DK14ED8C
,,,,,,,,429,4999,1567700948840,1567700953839,1DK19I96E
,,,,,,,,429,5299,1567700948540,1567700953839,1DK18VAVA
,,,,,,,,429,1216,1567700952740,1567700953956,1DK1BFO5R
,,,,,,,,429,643,1567700953940,1567700954583,1DK154J7O
,,,,,,,,429,743,1567700953840,1567700954583,1DK15HUQH
,,,,,,,,429,730,1567700954140,1567700954870,1DK1AGKJM
,,,,,,,,429,2127,1567700952840,1567700954967,1DK1DGD35
,,,,,,,,429,1639,1567700953340,1567700954979,1DK16FQO3
,,,,,,,,429,830,1567700954540,1567700955370,1DK1CUG16
,,,,,,,,429,479,1567700955040,1567700955519,1DK1BAN39
,,,,,,,,429,1667,1567700954040,1567700955707,1DK17B0RG
,,,,,,,,429,4620,1567700951241,1567700955861,1DK14CAHO
,,,,,,,,429,144,1567700956240,1567700956384,1DK1D8ES9
,,,,,,,,429,1301,1567700955140,1567700956441,1DK19K53L
,,,,,,,,429,723,1567700956140,1567700956863,1DK19I2G4
,,,,,,,,429,4760,1567700952240,1567700957000,1DK18Q811
,,,,,,,,429,991,1567700956040,1567700957031,1DK1A8FH0
,,,,,,,,429,455,1567700956740,1567700957195,1DK16F2K4
,,,,,,,,429,601,1567700956840,1567700957441,1DK198B4T
,,,,,,,,429,2030,1567700955840,1567700957870,1DK15UVSO
,,,,,,,,429,362,1567700957740,1567700958102,1DK1C55QD
,,,,,,,,429,1020,1567700957163,1567700958183,1DK1CLPHH
,,,,,,,,429,768,1567700957540,1567700958308,1DK18IED7
,,,,,,,,429,1623,1567700957242,1567700958865,1DK1DDQTM
,,,,,,,,429,924,1567700958440,1567700959364,1DK19GRKI
1567700946738,1567700957551,10813,1DK157TK9,1567700944770,-1961967018,win32,v8.11.1,200,17838,1567700941540,1567700959378,1DK1CU8K0
,,,,,,,,429,835,1567700958740,1567700959575,1DK197CV8
,,,,,,,,429,793,1567700958840,1567700959633,1DK1CIE90
,,,,,,,,429,846,1567700958940,1567700959786,1DK1CBBRG
1567700958343,1567700958497,154,1DK1C6LP9,1567700937091,1289168371,win32,v8.11.1,200,27196,1567700932740,1567700959936,1DK14SNHG
,,,,,,,,429,647,1567700959340,1567700959987,1DK1CS6GF
,,,,,,,,429,901,1567700959240,1567700960141,1DK148S2T
,,,,,,,,429,6538,1567700953740,1567700960278,1DK1DAUB3
,,,,,,,,429,5340,1567700954940,1567700960280,1DK16FNDL
,,,,,,,,429,3240,1567700957040,1567700960280,1DK1C5IPQ
,,,,,,,,429,1524,1567700959040,1567700960564,1DK14GI2Q
,,,,,,,,429,1043,1567700959740,1567700960783,1DK185M3G
,,,,,,,,429,847,1567700960440,1567700961287,1DK1490AB
1567700957036,1567700959603,2567,1DK16O32E,1567700952146,-1253258102,win32,v8.11.1,200,16032,1567700945340,1567700961372,1DK1A6ESS
,,,,,,,,429,1445,1567700960140,1567700961585,1DK16470Q
,,,,,,,,429,2018,1567700959840,1567700961858,1DK169A7H
,,,,,,,,429,2059,1567700960640,1567700962699,1DK1B1BO5
,,,,,,,,429,1203,1567700962040,1567700963243,1DK1AR4HD
,,,,,,,,429,1030,1567700962640,1567700963670,1DK19AHJA
,,,,,,,,429,1365,1567700962340,1567700963705,1DK1AS3OF
,,,,,,,,429,1481,1567700962540,1567700964021,1DK14I3MA
,,,,,,,,429,4249,1567700960340,1567700964589,1DK147DHQ
,,,,,,,,429,1350,1567700963240,1567700964590,1DK147TUA
,,,,,,,,429,869,1567700963740,1567700964609,1DK18VC89
,,,,,,,,429,1646,1567700963140,1567700964786,1DK153AHI
1567700962393,1567700962490,97,1DK14AS2D,1567700950442,-144963882,win32,v8.11.1,200,19550,1567700945240,1567700964790,1DK171UF3
,,,,,,,,429,672,1567700964140,1567700964812,1DK1CMDV6
,,,,,,,,429,1350,1567700963540,1567700964890,1DK1C7KNC
,,,,,,,,429,1784,1567700964240,1567700966024,1DK1CRK0A
,,,,,,,,429,888,1567700965440,1567700966328,1DK15BJ3T
,,,,,,,,429,3116,1567700963340,1567700966456,1DK1BSTKJ
,,,,,,,,429,957,1567700965544,1567700966501,1DK1AIAJK
,,,,,,,,429,3332,1567700963640,1567700966972,1DK17LK1C
,,,,,,,,429,987,1567700966040,1567700967027,1DK1755K5
,,,,,,,,429,2297,1567700964740,1567700967037,1DK14N9E8
,,,,,,,,429,2620,1567700964540,1567700967160,1DK1ASU7C
,,,,,,,,429,2320,1567700964840,1567700967160,1DK1C7FR1
,,,,,,,,429,1109,1567700966440,1567700967549,1DK15C947
,,,,,,,,429,2027,1567700965940,1567700967967,1DK14FR2O
,,,,,,,,429,8321,1567700960240,1567700968561,1DK18KJSF
,,,,,,,,429,6621,1567700961940,1567700968561,1DK16O6GC
,,,,,,,,429,7722,1567700960840,1567700968562,1DK1APKUM
,,,,,,,,429,692,1567700968240,1567700968932,1DK17FEO9
,,,,,,,,429,1960,1567700967040,1567700969000,1DK1ASBPD
1567700967678,1567700967709,31,1DK16O32E,1567700952146,-1253258102,win32,v8.11.1,200,24691,1567700944740,1567700969431,1DK1A4KH0
,,,,,,,,429,950,1567700968640,1567700969590,1DK17QDD1
,,,,,,,,429,2201,1567700967440,1567700969641,1DK1DFUHT
,,,,,,,,429,2701,1567700966940,1567700969641,1DK17UBFO
,,,,,,,,429,878,1567700968840,1567700969718,1DK185D9N
1567700968706,1567700969909,1203,1DK178LG3,1567700961316,-1962182685,win32,v8.11.1,200,13023,1567700957440,1567700970463,1DK1A0M49
,,,,,,,,429,3376,1567700967140,1567700970516,1DK17BAOJ
,,,,,,,,429,2876,1567700967641,1567700970517,1DK1AC5E5
,,,,,,,,429,2377,1567700968140,1567700970517,1DK1BG70L
,,,,,,,,429,1675,1567700968940,1567700970615,1DK149E52
,,,,,,,,429,650,1567700970840,1567700971490,1DK14HJ49
,,,,,,,,429,603,1567700971040,1567700971643,1DK18O1B5
,,,,,,,,429,1583,1567700970340,1567700971923,1DK1AKIT6
,,,,,,,,429,2223,1567700969840,1567700972063,1DK167M46
1567700971773,1567700971962,189,1DK16O32E,1567700952146,-1253258102,win32,v8.11.1,200,28990,1567700943240,1567700972230,1DK15L0EP
,,,,,,,,429,1113,1567700971340,1567700972453,1DK19GMNR
,,,,,,,,429,325,1567700972240,1567700972565,1DK19BF1S
,,,,,,,,429,978,1567700971640,1567700972618,1DK1CIU3U
,,,,,,,,429,225,1567700973040,1567700973265,1DK16IMP2
,,,,,,,,429,1755,1567700971559,1567700973314,1DK1594PG
,,,,,,,,429,501,1567700973140,1567700973641,1DK1AAGP4
,,,,,,,,429,1887,1567700972140,1567700974027,1DK1D62JL
,,,,,,,,429,2293,1567700971740,1567700974033,1DK1751TA
,,,,,,,,429,840,1567700973240,1567700974080,1DK1C4T3M
,,,,,,,,429,1682,1567700972440,1567700974122,1DK17IO4T
,,,,,,,,429,1583,1567700972540,1567700974123,1DK15QD3V
,,,,,,,,429,1483,1567700972640,1567700974123,1DK1CUAUN
,,,,,,,,429,753,1567700974140,1567700974893,1DK19FHCR
,,,,,,,,429,776,1567700974240,1567700975016,1DK1BRCBB
,,,,,,,,429,845,1567700974841,1567700975686,1DK178HIC
,,,,,,,,429,2014,1567700973940,1567700975954,1DK14V2NN
,,,,,,,,429,2115,1567700973840,1567700975955,1DK1AD75A
,,,,,,,,429,1472,1567700975340,1567700976812,1DK1CC4JU
,,,,,,,,429,679,1567700976340,1567700977019,1DK192L6U
,,,,,,,,429,1131,1567700976440,1567700977571,1DK180JT2
,,,,,,,,429,2440,1567700975140,1567700977580,1DK17NGVI
,,,,,,,,429,1944,1567700975740,1567700977684,1DK1BDDJA
,,,,,,,,429,1951,1567700975940,1567700977891,1DK16NMEQ
,,,,,,,,429,887,1567700977040,1567700977927,1DK1BI401
,,,,,,,,429,840,1567700977140,1567700977980,1DK15EU4K
,,,,,,,,429,1298,1567700976940,1567700978238,1DK1D6F99
1567700977217,1567700977875,658,1DK1AECUL,1567700964030,-1661342523,win32,v8.11.1,200,18217,1567700960040,1567700978257,1DK1612TM
,,,,,,,,429,2303,1567700976040,1567700978343,1DK14A5IK
,,,,,,,,429,967,1567700977440,1567700978407,1DK16ROA5
,,,,,,,,429,994,1567700977540,1567700978534,1DK188OQ7
,,,,,,,,429,1734,1567700976840,1567700978574,1DK15QU5B
1567700968822,1567700976072,7250,1DK191C7T,1567700966011,-1661738021,win32,v8.11.1,200,17638,1567700960940,1567700978578,1DK182K1R
,,,,,,,,429,803,1567700977840,1567700978643,1DK1AEGSA
1567700978024,1567700978403,379,1DK14Q2HD,1567700954745,-935621876,win32,v8.11.1,200,28105,1567700950840,1567700978945,1DK18KJ73
,,,,,,,,429,1814,1567700977340,1567700979154,1DK1B14EU
,,,,,,,,429,605,1567700978640,1567700979245,1DK183POL
,,,,,,,,429,788,1567700978840,1567700979628,1DK16GUTF
,,,,,,,,429,2048,1567700977642,1567700979690,1DK15LK4D
,,,,,,,,429,1965,1567700978240,1567700980205,1DK19RBTM
,,,,,,,,429,970,1567700979240,1567700980210,1DK1BDQ6M
,,,,,,,,429,702,1567700979740,1567700980442,1DK19CPVO
,,,,,,,,429,1190,1567700979840,1567700981030,1DK1CG4L1
,,,,,,,,429,1058,1567700980240,1567700981298,1DK1CLG3A
,,,,,,,,429,959,1567700980340,1567700981299,1DK1CFJHV
,,,,,,,,429,2764,1567700978540,1567700981304,1DK1ATF4S
,,,,,,,,429,2564,1567700978740,1567700981304,1DK14HQ8C
,,,,,,,,429,2706,1567700979040,1567700981746,1DK1DLRVK
,,,,,,,,429,1789,1567700980040,1567700981829,1DK1DKTDF
,,,,,,,,429,607,1567700981340,1567700981947,1DK197JSC
,,,,,,,,429,1195,1567700980840,1567700982035,1DK1A15J9
,,,,,,,,429,2642,1567700979640,1567700982282,1DK16N5S5
,,,,,,,,429,7107,1567700975240,1567700982347,1DK17DOFN
,,,,,,,,429,5707,1567700976640,1567700982347,1DK1ARI5D
,,,,,,,,429,6507,1567700975840,1567700982347,1DK173S0M
,,,,,,,,429,1875,1567700980540,1567700982415,1DK16CRAO
,,,,,,,,429,1180,1567700981240,1567700982420,1DK1CVFO9
1567700980941,1567700982487,1546,1DK14AS2D,1567700950442,-144963882,win32,v8.11.1,200,27420,1567700955240,1567700982660,1DK189I73
1567700982189,1567700982655,466,1DK169I7V,1567700973840,719869388,win32,v8.11.1,200,13351,1567700969340,1567700982691,1DK19M1BV
,,,,,,,,429,1153,1567700982040,1567700983193,1DK17ABGC
,,,,,,,,429,662,1567700982740,1567700983402,1DK16EO92
,,,,,,,,429,1802,1567700981740,1567700983542,1DK1A803O
,,,,,,,,429,338,1567700983240,1567700983578,1DK177PKC
1567700981678,1567700983338,1660,1DK1A97AM,1567700961256,288557553,win32,v8.11.1,200,28093,1567700955640,1567700983733,1DK19GNBA
,,,,,,,,429,708,1567700983040,1567700983748,1DK155AC3
,,,,,,,,429,1623,1567700982440,1567700984063,1DK19G7VN
,,,,,,,,429,711,1567700983840,1567700984551,1DK16ALRB
1567700973575,1567700983180,9605,1DK14A465,1567700968353,-1677567097,win32,v8.11.1,200,19056,1567700965640,1567700984696,1DK17SAF2
,,,,,,,,429,1010,1567700983741,1567700984751,1DK14SKVA
,,,,,,,,429,2570,1567700982240,1567700984810,1DK1BFMRM
,,,,,,,,429,644,1567700984254,1567700984898,1DK19EQVQ
,,,,,,,,429,585,1567700984640,1567700985225,1DK1BQ6L6
,,,,,,,,429,1142,1567700984440,1567700985582,1DK196CSD
1567700985036,1567700985115,79,1DK16VDAH,1567700973098,-1016501833,win32,v8.11.1,200,16296,1567700969440,1567700985736,1DK1BVRJ7
,,,,,,,,429,883,1567700985440,1567700986323,1DK1B3IHD
,,,,,,,,429,703,1567700985640,1567700986343,1DK15TACB
1567700983403,1567700985906,2503,1DK1AIUM7,1567700982277,1289168309,win32,v8.11.1,200,6060,1567700980440,1567700986500,1DK15RGUV
,,,,,,,,429,396,1567700986140,1567700986536,1DK1ATENE
,,,,,,,,429,1176,1567700986340,1567700987516,1DK14GH6U
,,,,,,,,429,1076,1567700986440,1567700987516,1DK190HNR
,,,,,,,,429,1597,1567700985940,1567700987537,1DK1D8439
,,,,,,,,429,800,1567700987140,1567700987940,1DK16ON77
,,,,,,,,429,637,1567700987340,1567700987977,1DK14R3G3
,,,,,,,,429,1679,1567700986840,1567700988519,1DK198SHO
,,,,,,,,429,2011,1567700986640,1567700988651,1DK16HHB9
,,,,,,,,429,780,1567700987940,1567700988720,1DK1ABP9H
,,,,,,,,429,1814,1567700987440,1567700989254,1DK158UTB
,,,,,,,,429,557,1567700988740,1567700989297,1DK1AMRSD
,,,,,,,,429,1196,1567700988340,1567700989536,1DK19PC9V
,,,,,,,,429,564,1567700989040,1567700989604,1DK1B06MH
,,,,,,,,429,1490,1567700988140,1567700989630,1DK15UQAL
,,,,,,,,429,1790,1567700987840,1567700989630,1DK175EPB
,,,,,,,,429,768,1567700989140,1567700989908,1DK1B7G75
,,,,,,,,429,7080,1567700982940,1567700990020,1DK14JFTE
,,,,,,,,429,4680,1567700985340,1567700990020,1DK1CG6JK
,,,,,,,,429,1458,1567700988640,1567700990098,1DK1BLLI4
,,,,,,,,429,1268,1567700988840,1567700990108,1DK17F0IU
,,,,,,,,429,582,1567700989840,1567700990422,1DK1ARRTA
,,,,,,,,429,1377,1567700989340,1567700990717,1DK14GDAO
,,,,,,,,429,1176,1567700989640,1567700990816,1DK1BUUPM
,,,,,,,,429,889,1567700990140,1567700991029,1DK14UAV0
1567700989058,1567700990710,1652,1DK1DGS1H,1567700976633,-1251795894,win32,v8.11.1,200,18721,1567700972340,1567700991061,1DK1AFQ7T
,,,,,,,,429,2309,1567700989542,1567700991851,1DK1CTB6B
,,,,,,,,429,455,1567700991441,1567700991896,1DK17THGT
1567700988292,1567700991775,3483,1DK17LLDD,1567700986884,-144964037,win32,v8.11.1,200,9967,1567700982540,1567700992507,1DK17SD2R
,,,,,,,,429,1284,1567700991240,1567700992524,1DK1537DI
,,,,,,,,429,1591,1567700991040,1567700992631,1DK17IR8V
,,,,,,,,429,1221,1567700991840,1567700993061,1DK18TUSE
,,,,,,,,429,1022,1567700992040,1567700993062,1DK146PMN
,,,,,,,,429,1212,1567700992240,1567700993452,1DK161BU2
,,,,,,,,429,2615,1567700990840,1567700993455,1DK16TK5U
,,,,,,,,429,1075,1567700992540,1567700993615,1DK15LGCG
,,,,,,,,429,1774,1567700992440,1567700994214,1DK17F7BE
,,,,,,,,429,906,1567700993540,1567700994446,1DK1634MD
1567700993532,1567700994112,580,1DK1BVCKV,1567700968440,-655323203,win32,v8.11.1,200,27257,1567700967340,1567700994597,1DK1BC7C3
,,,,,,,,429,1838,1567700993140,1567700994978,1DK15IM6V
,,,,,,,,429,2038,1567700993740,1567700995778,1DK1C09I4
,,,,,,,,429,1187,1567700994640,1567700995827,1DK17EF1B
,,,,,,,,429,699,1567700995140,1567700995839,1DK1943G8
,,,,,,,,429,1465,1567700994540,1567700996005,1DK18EVGV
,,,,,,,,429,451,1567700996140,1567700996591,1DK17F6CR
,,,,,,,,429,443,1567700996240,1567700996683,1DK18T5FO
,,,,,,,,429,1347,1567700995440,1567700996787,1DK1DKD4I
,,,,,,,,429,1123,1567700995840,1567700996963,1DK17BU98
,,,,,,,,429,917,1567700996440,1567700997357,1DK17SOGL
,,,,,,,,429,1450,1567700996340,1567700997790,1DK196UIB
,,,,,,,,429,1698,1567700996640,1567700998338,1DK1622D5
1567700997058,1567700997305,247,1DK1BB45U,1567700993198,719869419,win32,v8.11.1,200,7071,1567700991340,1567700998411,1DK1B1AK0
,,,,,,,,429,907,1567700997640,1567700998547,1DK1BO1US
,,,,,,,,429,633,1567700997940,1567700998573,1DK1AS1O7
,,,,,,,,429,1213,1567700998040,1567700999253,1DK1DCS6L
1567700995673,1567700998517,2844,1DK17UN9M,1567700975799,-81131065,win32,v8.11.1,200,21366,1567700978141,1567700999507,1DK1A1P97
,,,,,,,,429,847,1567700998840,1567700999687,1DK15KJ60
,,,,,,,,429,859,1567700999040,1567700999899,1DK16CPOQ
,,,,,,,,429,956,1567700999340,1567701000296,1DK1CHCAF
,,,,,,,,429,1047,1567700999540,1567701000587,1DK1BHSV2
,,,,,,,,429,920,1567701000240,1567701001160,1DK1496GP
,,,,,,,,429,1054,1567701000140,1567701001194,1DK1CO29Q
,,,,,,,,429,495,1567701001340,1567701001835,1DK1A0M8L
,,,,,,,,429,1851,1567701000042,1567701001893,1DK1DJ0LF
,,,,,,,,429,1950,1567701000540,1567701002490,1DK14STAO
,,,,,,,,429,6565,1567700995940,1567701002505,1DK16EIHL
,,,,,,,,429,3372,1567700999140,1567701002512,1DK191JKF
1567700999424,1567701002320,2896,1DK18L41O,1567700990206,394961808,win32,v8.11.1,200,14857,1567700987740,1567701002597,1DK1D0A4G
,,,,,,,,429,1995,1567701000740,1567701002735,1DK1CV893
,,,,,,,,429,1247,1567701002040,1567701003287,1DK14P3MM
,,,,,,,,429,1999,1567701001440,1567701003439,1DK1D6VJR
,,,,,,,,429,2239,1567701001240,1567701003479,1DK1ANRLS
,,,,,,,,429,714,1567701003040,1567701003754,1DK189MI5
,,,,,,,,429,414,1567701003340,1567701003754,1DK1DDMKQ
,,,,,,,,429,897,1567701002940,1567701003837,1DK15OGC3
,,,,,,,,429,1513,1567701002740,1567701004253,1DK1DJ91I
1567701002936,1567701004090,1154,1DK1AIUM7,1567700982277,1289168309,win32,v8.11.1,200,26823,1567700977940,1567701004763,1DK1AN2GP
1567701003987,1567701004502,515,1DK17UN9M,1567700975799,-81131065,win32,v8.11.1,200,22653,1567700982340,1567701004993,1DK1CPLUG
,,,,,,,,429,1396,1567701003940,1567701005336,1DK1CTVDG
,,,,,,,,429,1307,1567701004740,1567701006047,1DK187KQ7
,,,,,,,,429,1458,1567701005040,1567701006498,1DK15QR9A
,,,,,,,,429,1340,1567701005240,1567701006580,1DK1DMEH5
1567701004611,1567701006302,1691,1DK17V0E3,1567700991486,-935336986,win32,v8.11.1,200,16540,1567700990040,1567701006580,1DK17N204
,,,,,,,,429,1666,1567701005440,1567701007106,1DK191889
,,,,,,,,429,1253,1567701006440,1567701007693,1DK17DI8R
,,,,,,,,429,1429,1567701006340,1567701007769,1DK17DDG3
,,,,,,,,429,1124,1567701007140,1567701008264,1DK17CS5L
,,,,,,,,429,1640,1567701006840,1567701008480,1DK154JJO
,,,,,,,,429,1254,1567701007640,1567701008894,1DK1B0TR1
,,,,,,,,429,1107,1567701007840,1567701008947,1DK1CPN8F
,,,,,,,,429,1692,1567701007440,1567701009132,1DK16IVP3
,,,,,,,,429,1446,1567701007940,1567701009386,1DK1DLO34
,,,,,,,,429,791,1567701008840,1567701009631,1DK1A772R
,,,,,,,,429,883,1567701009044,1567701009927,1DK1AJB1D
1567701009159,1567701009422,263,1DK18O5FU,1567700985895,-308538850,win32,v8.11.1,200,29936,1567700980140,1567701010076,1DK164V26
,,,,,,,,429,978,1567701009140,1567701010118,1DK15J0NG
,,,,,,,,429,604,1567701009540,1567701010144,1DK16FC5B
,,,,,,,,429,7741,1567701002540,1567701010281,1DK1AVU0C
,,,,,,,,429,1774,1567701008540,1567701010314,1DK18RVNH
,,,,,,,,429,1899,1567701008440,1567701010339,1DK154UOK
,,,,,,,,429,1197,1567701010240,1567701011437,1DK1C091R
,,,,,,,,429,1452,1567701010140,1567701011592,1DK16D39U
1567701007926,1567701010406,2480,1DK17UN9M,1567700975799,-81131065,win32,v8.11.1,200,26616,1567700985040,1567701011657,1DK15KVL7
,,,,,,,,429,647,1567701011240,1567701011887,1DK1A9AOJ
,,,,,,,,429,455,1567701011640,1567701012095,1DK197D55
,,,,,,,,429,1767,1567701010340,1567701012107,1DK14QKDI
,,,,,,,,429,1102,1567701011140,1567701012242,1DK17E6J0
,,,,,,,,429,903,1567701011540,1567701012443,1DK1AKEOR
,,,,,,,,429,818,1567701011840,1567701012658,1DK1B577Q
,,,,,,,,429,389,1567701012340,1567701012729,1DK16GSAG
1567701010581,1567701013395,2814,1DK18L41O,1567700990206,394961808,win32,v8.11.1,200,25076,1567700988441,1567701013517,1DK1A7668
,,,,,,,,429,1158,1567701012440,1567701013598,1DK19MK61
,,,,,,,,429,1602,1567701012040,1567701013642,1DK18NIUO
,,,,,,,,429,6152,1567701007740,1567701013892,1DK17FK0A
,,,,,,,,429,1239,1567701012840,1567701014079,1DK166Q0S
,,,,,,,,429,687,1567701013440,1567701014127,1DK1ANMGQ
1567701013858,1567701014267,409,1DK1A13VI,1567701004874,-696276319,win32,v8.11.1,200,11531,1567701003140,1567701014671,1DK19LUGI
,,,,,,,,429,804,1567701014140,1567701014944,1DK16U6QQ
,,,,,,,,429,805,1567701014440,1567701015245,1DK176OJ3
1567701012634,1567701014823,2189,1DK18N7V2,1567701009680,-1191209008,win32,v8.11.1,200,11049,1567701004340,1567701015389,1DK1ANBQF
,,,,,,,,429,1191,1567701014840,1567701016031,1DK19U618
,,,,,,,,429,725,1567701015340,1567701016065,1DK18840G
,,,,,,,,429,925,1567701015140,1567701016065,1DK1A5VPU
,,,,,,,,429,637,1567701016040,1567701016677,1DK185GRF
,,,,,,,,429,1511,1567701015540,1567701017051,1DK14GH38
,,,,,,,,429,933,1567701016140,1567701017073,1DK1C2TKO
,,,,,,,,429,894,1567701016340,1567701017234,1DK15RN75
1567701014532,1567701016566,2034,1DK17V0E3,1567700991486,-935336986,win32,v8.11.1,200,22360,1567700995040,1567701017400,1DK1B8UBB
1567701016881,1567701016975,94,1DK1DFKHT,1567700997817,395345991,win32,v8.11.1,200,17591,1567700999840,1567701017431,1DK1888OM
,,,,,,,,429,580,1567701017640,1567701018220,1DK1631E3
,,,,,,,,429,1567,1567701016740,1567701018307,1DK19HABC
,,,,,,,,429,880,1567701017540,1567701018420,1DK1A1BLD
1567701015760,1567701018664,2904,1DK18MN0F,1567701010291,-307600418,win32,v8.11.1,200,12198,1567701007040,1567701019238,1DK1BU054
,,,,,,,,429,1126,1567701018140,1567701019266,1DK17UDTA
1567701011925,1567701018172,6247,1DK176OTO,1567701011797,2099282059,win32,v8.11.1,200,10071,1567701009340,1567701019411,1DK19Q3C1
,,,,,,,,429,880,1567701018542,1567701019422,1DK16292J
,,,,,,,,429,1759,1567701018240,1567701019999,1DK15KPUD
,,,,,,,,429,1223,1567701019240,1567701020463,1DK16AG1V
,,,,,,,,429,1052,1567701019940,1567701020992,1DK19JMVN
,,,,,,,,429,392,1567701021040,1567701021432,1DK1AKUTJ
,,,,,,,,429,1260,1567701020440,1567701021700,1DK17OC8E
,,,,,,,,429,1714,1567701020040,1567701021754,1DK1833BC
,,,,,,,,429,2221,1567701019840,1567701022061,1DK16MOMV
,,,,,,,,429,1439,1567701021140,1567701022579,1DK168C1S
,,,,,,,,429,804,1567701021940,1567701022744,1DK18UAOS
,,,,,,,,429,499,1567701022440,1567701022939,1DK1BAMRM
,,,,,,,,429,2010,1567701020940,1567701022950,1DK15ER30
,,,,,,,,429,602,1567701023140,1567701023742,1DK1D3QEE
,,,,,,,,429,1539,1567701022240,1567701023779,1DK1AJQ58
1567701022550,1567701022906,356,1DK176OTO,1567701011797,2099282059,win32,v8.11.1,200,16273,1567701007540,1567701023813,1DK185NQG
,,,,,,,,429,1849,1567701022041,1567701023890,1DK16KAND
1567701021160,1567701023506,2346,1DK1DFKHT,1567700997817,395345991,win32,v8.11.1,200,21587,1567701002341,1567701023928,1DK19NB9H
,,,,,,,,429,493,1567701023640,1567701024133,1DK154VI9
,,,,,,,,429,367,1567701024140,1567701024507,1DK153847
,,,,,,,,429,718,1567701023840,1567701024558,1DK1A9BQC
,,,,,,,,429,1445,1567701023240,1567701024685,1DK15J3MH
1567701023353,1567701024224,871,1DK146S0F,1567701003584,1372241206,win32,v8.11.1,200,25116,1567700999640,1567701024756,1DK14TAVK
,,,,,,,,429,1259,1567701023940,1567701025199,1DK164F15
,,,,,,,,429,776,1567701024440,1567701025216,1DK19T8QS
1567701022915,1567701024837,1922,1DK1BB45U,1567700993198,719869419,win32,v8.11.1,200,26814,1567700998440,1567701025254,1DK15UI7H
,,,,,,,,429,365,1567701025140,1567701025505,1DK16IS4J
,,,,,,,,429,1231,1567701025040,1567701026271,1DK17A72R
,,,,,,,,429,944,1567701025340,1567701026284,1DK17SE6F
,,,,,,,,429,1437,1567701024940,1567701026377,1DK1BUAQ5
1567701026188,1567701026325,137,1DK1CCN33,1567700989058,-1661737773,win32,v8.11.1,200,28036,1567700998740,1567701026776,1DK15I6JH
,,,,,,,,429,1273,1567701025640,1567701026913,1DK17GIG5
,,,,,,,,429,720,1567701026340,1567701027060,1DK1D8BBN
1567701024345,1567701026611,2266,1DK1CVGPP,1567700994124,-307600790,win32,v8.11.1,200,28559,1567700998540,1567701027099,1DK1B26EL
,,,,,,,,429,937,1567701026640,1567701027577,1DK1D290K
1567701027433,1567701027491,58,1DK18N7V2,1567701009680,-1191209008,win32,v8.11.1,200,23320,1567701004640,1567701027960,1DK18LQUF
1567701024862,1567701027271,2409,1DK1B0T7J,1567701014945,-654385174,win32,v8.11.1,200,18026,1567701010040,1567701028066,1DK1BCTET
,,,,,,,,429,434,1567701027740,1567701028174,1DK17NFNG
,,,,,,,,429,741,1567701027540,1567701028281,1DK1DC1MP
,,,,,,,,429,544,1567701028140,1567701028684,1DK17FUCE
,,,,,,,,429,943,1567701028240,1567701029183,1DK162VAS
,,,,,,,,429,843,1567701028340,1567701029183,1DK15BRO1
,,,,,,,,429,1853,1567701028740,1567701030593,1DK17AHPH
,,,,,,,,429,692,1567701029940,1567701030632,1DK14PC8V
1567701028772,1567701030722,1950,1DK1B0T7J,1567701014945,-654385174,win32,v8.11.1,200,20221,1567701010940,1567701031161,1DK1A4ADO
1567701029254,1567701030664,1410,1DK1DFKHT,1567700997817,395345991,win32,v8.11.1,200,29446,1567701002640,1567701032086,1DK1DDMNN
,,,,,,,,429,766,1567701031440,1567701032206,1DK1987PK
,,,,,,,,429,3469,1567701028840,1567701032309,1DK199UIP
,,,,,,,,429,1390,1567701032140,1567701033530,1DK1C6JI5
1567701028830,1567701032272,3442,1DK1DDOC3,1567701028333,-1269333805,win32,v8.11.1,200,8286,1567701025440,1567701033726,1DK16KKCD
,,,,,,,,429,910,1567701032940,1567701033850,1DK16HDHB
,,,,,,,,429,832,1567701033240,1567701034072,1DK1BKJD2
1567701033845,1567701034001,156,1DK17PLTK,1567701025814,-307085880,win32,v8.11.1,200,11868,1567701022640,1567701034508,1DK1BHG1D
,,,,,,,,429,1081,1567701033440,1567701034521,1DK17PP5K
1567701033336,1567701034208,872,1DK1DFKHT,1567700997817,395345991,win32,v8.11.1,200,29719,1567701004840,1567701034559,1DK15E16F
,,,,,,,,429,665,1567701034940,1567701035605,1DK1BLME2
,,,,,,,,429,1944,1567701033840,1567701035784,1DK1ALMNF
,,,,,,,,429,1520,1567701034440,1567701035960,1DK172A7Q
1567701034845,1567701035410,565,1DK17E06B,1567701013860,1372370910,win32,v8.11.1,200,25288,1567701010840,1567701036128,1DK152SGU
,,,,,,,,429,2516,1567701033640,1567701036156,1DK17HTFL
1567701035224,1567701036112,888,1DK15GGA6,1567701000101,718382690,win32,v8.11.1,200,29581,1567701006740,1567701036321,1DK146ACL
,,,,,,,,429,735,1567701035940,1567701036675,1DK1A1MUK
,,,,,,,,429,984,1567701035840,1567701036824,1DK14JE9R
,,,,,,,,429,933,1567701036140,1567701037073,1DK1ASP18
,,,,,,,,429,290,1567701038640,1567701038930,1DK19N9CB
,,,,,,,,429,712,1567701038240,1567701038952,1DK1A45M9
,,,,,,,,429,1859,1567701037140,1567701038999,1DK19RSRG
,,,,,,,,429,894,1567701038140,1567701039034,1DK17A4ME
,,,,,,,,429,731,1567701038541,1567701039272,1DK1B7ULN
1567701038035,1567701038875,840,1DK176OTO,1567701011797,2099282059,win32,v8.11.1,200,20273,1567701019340,1567701039613,1DK1CP6MT
,,,,,,,,429,635,1567701039140,1567701039775,1DK1APD7D
,,,,,,,,429,344,1567701040440,1567701040784,1DK19B6L0
,,,,,,,,429,1659,1567701039240,1567701040899,1DK1ASQVD
,,,,,,,,429,1306,1567701039940,1567701041246,1DK17946K
,,,,,,,,429,946,1567701040340,1567701041286,1DK19UA1L
,,,,,,,,429,1326,1567701040040,1567701041366,1DK1CI6JF
,,,,,,,,429,691,1567701040740,1567701041431,1DK16QRSF
,,,,,,,,429,1619,1567701039840,1567701041459,1DK1BOAKD
1567701035473,1567701040692,5219,1DK1B7FBQ,1567701034911,1289756906,win32,v8.11.1,200,10522,1567701031140,1567701041662,1DK1807L4
,,,,,,,,429,1239,1567701040840,1567701042079,1DK19TQVQ
,,,,,,,,429,597,1567701041540,1567701042137,1DK17TG3M
1567701040100,1567701041163,1063,1DK15OGTF,1567701015495,-246609052,win32,v8.11.1,200,24650,1567701017940,1567701042590,1DK19RK20
,,,,,,,,429,585,1567701042340,1567701042925,1DK18JI0U
,,,,,,,,429,1054,1567701041940,1567701042994,1DK1AA7QR
,,,,,,,,429,1096,1567701042140,1567701043236,1DK187VPJ
,,,,,,,,429,927,1567701042540,1567701043467,1DK1DC341
,,,,,,,,429,922,1567701042940,1567701043862,1DK14RQTV
,,,,,,,,429,323,1567701043540,1567701043863,1DK16243U
,,,,,,,,429,825,1567701043240,1567701044065,1DK1AA38E
,,,,,,,,429,540,1567701043640,1567701044180,1DK16SL6T
1567701041901,1567701043618,1717,1DK18MN0F,1567701010291,-307600418,win32,v8.11.1,200,29245,1567701014940,1567701044185,1DK19M6LP
,,,,,,,,429,347,1567701044340,1567701044687,1DK1BONTI
,,,,,,,,429,612,1567701044440,1567701045052,1DK1CLDM5
,,,,,,,,429,619,1567701044640,1567701045259,1DK154N55
,,,,,,,,429,512,1567701044940,1567701045452,1DK15J8HN
,,,,,,,,429,335,1567701046140,1567701046475,1DK17LMS4
,,,,,,,,429,578,1567701045940,1567701046518,1DK1618NL
1567701045111,1567701046724,1613,1DK176OTO,1567701011797,2099282059,win32,v8.11.1,200,26833,1567701020640,1567701047473,1DK1CT1U9
,,,,,,,,429,564,1567701047140,1567701047704,1DK1D1JEK
1567701045634,1567701047792,2158,1DK18MN0F,1567701010291,-307600418,win32,v8.11.1,200,28838,1567701019140,1567701047978,1DK17FE32
,,,,,,,,429,679,1567701047540,1567701048219,1DK1BVE03
,,,,,,,,429,846,1567701048340,1567701049186,1DK1C895S
1567701048491,1567701048819,328,1DK15OGTF,1567701015495,-246609052,win32,v8.11.1,200,26465,1567701022840,1567701049305,1DK1CDCKA
1567701049472,1567701049847,375,1DK16V5TN,1567701032410,-307217444,win32,v8.11.1,200,22002,1567701027940,1567701049942,1DK14DHV0
1567701049332,1567701049567,235,1DK1B7FBQ,1567701034911,1289756906,win32,v8.11.1,200,19923,1567701030240,1567701050163,1DK185J48
,,,,,,,,429,1224,1567701049640,1567701050864,1DK1BC3DU
,,,,,,,,429,1191,1567701050040,1567701051231,1DK1BQS87
,,,,,,,,429,891,1567701050340,1567701051231,1DK16F6S8
1567701047854,1567701049961,2107,1DK1C7402,1567701033136,-1454503788,win32,v8.11.1,200,25387,1567701025940,1567701051327,1DK1CE0UM
,,,,,,,,429,2213,1567701049540,1567701051753,1DK1D8AB1
,,,,,,,,429,512,1567701051440,1567701051952,1DK15OB7Q
,,,,,,,,429,1440,1567701050840,1567701052280,1DK18T2E9
,,,,,,,,429,654,1567701051940,1567701052594,1DK16335J
,,,,,,,,429,1573,1567701052240,1567701053813,1DK18ONT2
,,,,,,,,429,1183,1567701052840,1567701054023,1DK17QODJ
,,,,,,,,429,1304,1567701053140,1567701054444,1DK1DOAME
,,,,,,,,429,587,1567701054040,1567701054627,1DK165ON0
,,,,,,,,429,667,1567701054540,1567701055207,1DK1C7FVO
,,,,,,,,429,1002,1567701055140,1567701056142,1DK16QHOQ
,,,,,,,,429,1313,1567701055342,1567701056655,1DK1C0GNE
1567701055210,1567701056071,861,1DK15OGTF,1567701015495,-246609052,win32,v8.11.1,200,29425,1567701027240,1567701056665,1DK14HHEH
,,,,,,,,429,543,1567701056840,1567701057383,1DK17K2DV
,,,,,,,,429,634,1567701057340,1567701057974,1DK1D2L6A
,,,,,,,,429,2260,1567701055840,1567701058100,1DK15OM2F
1567701052295,1567701054937,2642,1DK1B27LU,1567701024250,1863598227,win32,v8.11.1,200,27854,1567701031540,1567701059394,1DK1BLV3B
,,,,,,,,429,1158,1567701058940,1567701060098,1DK18L838
,,,,,,,,429,773,1567701061040,1567701061813,1DK1D240O
,,,,,,,,429,628,1567701061640,1567701062268,1DK1AUI6U
,,,,,,,,429,1105,1567701062142,1567701063247,1DK1C4BEI
,,,,,,,,429,701,1567701062640,1567701063341,1DK1AC8HM
,,,,,,,,429,1176,1567701063140,1567701064316,1DK1C5AAQ
,,,,,,,,429,977,1567701063340,1567701064317,1DK1A51MF
,,,,,,,,429,468,1567701065142,1567701065610,1DK171VBN
1567701064860,1567701065253,393,1DK17PLTK,1567701025814,-307085880,win32,v8.11.1,200,27202,1567701038740,1567701065942,1DK1C75CH
,,,,,,,,429,712,1567701065540,1567701066252,1DK15GGON
1567701065434,1567701065887,453,1DK1CBF2S,1567701033809,-1877763656,win32,v8.11.1,200,25733,1567701040640,1567701066373,1DK1BGLIF
,,,,,,,,429,934,1567701066040,1567701066974,1DK18U50D
,,,,,,,,429,413,1567701066640,1567701067053,1DK1AMP0R
,,,,,,,,429,2766,1567701064340,1567701067106,1DK1AMP7Q
,,,,,,,,429,2966,1567701064140,1567701067106,1DK17VGBC
,,,,,,,,429,490,1567701068040,1567701068530,1DK1AHJ4D
,,,,,,,,429,2650,1567701067040,1567701069690,1DK169TK0
,,,,,,,,429,804,1567701069240,1567701070044,1DK15KD6L
1567701068844,1567701069346,502,1DK1DH5CV,1567701027967,-1388253231,win32,v8.11.1,200,29053,1567701041040,1567701070093,1DK17GR9Q
,,,,,,,,429,912,1567701070240,1567701071152,1DK157FQS
,,,,,,,,429,799,1567701070940,1567701071739,1DK1CB14K
,,,,,,,,429,494,1567701071440,1567701071934,1DK173UN8
,,,,,,,,429,4110,1567701067840,1567701071950,1DK1D8BH7
,,,,,,,,429,419,1567701072140,1567701072559,1DK14FFRA
,,,,,,,,429,3320,1567701070540,1567701073860,1DK15DVJV
,,,,,,,,429,5320,1567701073040,1567701078360,1DK19SCDB
1567701083239,1567701083634,395,1DK1CDB9G,1567701078130,-1666845084,win32,v8.11.1,200,8503,1567701075840,1567701084343,1DK189H4G
1567701088684,1567701088684,0,1DK1CNJGE,1567701078278,-1347855672,win32,v8.11.1,200,13092,1567701076140,1567701089232,1DK1BJFJN
1567701090586,1567701090724,138,1DK1CDB9G,1567701078130,-1666845084,win32,v8.11.1,200,15773,1567701075440,1567701091213,1DK14M5P8
1567701087857,1567701095623,7766,1DK1BQCO7,1567701077686,862578291,win32,v8.11.1,200,21435,1567701074740,1567701096175,1DK178DJM
1567701087099,1567701097814,10715,1DK1A434S,1567701081333,-426846224,win32,v8.11.1,200,20163,1567701078040,1567701098203,1DK17SSB1
1567701093005,1567701098287,5282,1DK1CDB9G,1567701078130,-1666845084,win32,v8.11.1,200,23655,1567701075040,1567701098695,1DK17OBUJ
1567701087099,1567701101685,14586,1DK1A434S,1567701081333,-426846224,win32,v8.11.1,200,24238,1567701077640,1567701101878,1DK17448Q