statusCode,requestResponseLatency,requestTime,responseTime,requestId
429,887,1567712117022,1567712117909,1DK1HBBF4
429,803,1567712117122,1567712117925,1DK1G0QM0
429,704,1567712117222,1567712117926,1DK1ND6MG
429,1593,1567712117322,1567712118915,1DK1HF9A5
429,1492,1567712117423,1567712118915,1DK1HQI1B
429,1294,1567712117622,1567712118916,1DK1M3SUA
429,1395,1567712117522,1567712118917,1DK1GELI5
429,1102,1567712117822,1567712118924,1DK1M0GJO
429,1003,1567712117922,1567712118925,1DK1JPNU5
429,1211,1567712117722,1567712118933,1DK1HQ5LI
429,2454,1567712118022,1567712120476,1DK1N6OLT
429,2354,1567712118122,1567712120476,1DK1GAJBJ
429,2257,1567712118222,1567712120479,1DK1FG06V
429,1957,1567712118522,1567712120479,1DK1I0NIT
429,3981,1567712118622,1567712122603,1DK1MUGQU
429,3882,1567712118722,1567712122604,1DK1G8D50
429,3876,1567712118822,1567712122698,1DK1I5787
429,4377,1567712118322,1567712122699,1DK1NJOS9
429,4278,1567712118422,1567712122700,1DK1MV01A
429,3579,1567712119122,1567712122701,1DK1HTF07
429,3480,1567712119222,1567712122702,1DK1GMDM7
429,2604,1567712120122,1567712122726,1DK1LLHMR
429,2505,1567712120222,1567712122727,1DK1GPLQ8
429,2414,1567712120322,1567712122736,1DK1HKPKN
429,2152,1567712121322,1567712123474,1DK1HAUJH
429,4888,1567712118922,1567712123810,1DK1EPS7K
429,5022,1567712119024,1567712124046,1DK1HGJLU
429,3799,1567712120422,1567712124221,1DK1F7RLK
429,2101,1567712122122,1567712124223,1DK1IC9Q4
429,2501,1567712121722,1567712124223,1DK1GQ40E
429,2001,1567712122222,1567712124223,1DK1JKNUF
429,1902,1567712122322,1567712124224,1DK1FNUTU
429,1007,1567712123222,1567712124229,1DK1J259V
429,809,1567712123422,1567712124231,1DK1LJPJ3
429,2883,1567712122422,1567712125305,1DK1GPD92
429,1784,1567712123522,1567712125306,1DK1M5L8T
429,2061,1567712123622,1567712125683,1DK1J3AEA
429,1861,1567712123822,1567712125683,1DK1IE3IQ
429,1362,1567712124322,1567712125684,1DK1FRBNS
429,1263,1567712124422,1567712125685,1DK1KLT1B
429,1169,1567712124522,1567712125691,1DK1F3ES8
429,1070,1567712124622,1567712125692,1DK1NV727
429,771,1567712124922,1567712125693,1DK1IMD1B
429,972,1567712124722,1567712125694,1DK1KQ6AM
429,699,1567712125122,1567712125821,1DK1FLS1F
429,4921,1567712121422,1567712126343,1DK1LGSHG
429,4822,1567712121522,1567712126344,1DK1I1U5N
429,5514,1567712121622,1567712127136,1DK1KO7I3
429,5646,1567712122922,1567712128568,1DK1KAEVM
429,5746,1567712122822,1567712128568,1DK1G80MV
429,5453,1567712123122,1567712128575,1DK1HUJT4
429,5253,1567712123322,1567712128575,1DK1K8U0P
429,5553,1567712123022,1567712128575,1DK1NHTEJ
429,1969,1567712127622,1567712129591,1DK1O7IKE
429,2070,1567712127522,1567712129592,1DK1H9C9P
429,1576,1567712128022,1567712129598,1DK1MU3G2
429,1303,1567712128622,1567712129925,1DK1IJ54B
429,2504,1567712127422,1567712129926,1DK1N60DL
429,2205,1567712127722,1567712129927,1DK1O5EJ2
429,2106,1567712127822,1567712129928,1DK1IENP8
429,1811,1567712128122,1567712129933,1DK1FFK6B
429,2012,1567712127922,1567712129934,1DK1L8751
429,1625,1567712128422,1567712130047,1DK1GUVQJ
429,6146,1567712124122,1567712130268,1DK1F48GS
429,6047,1567712124222,1567712130269,1DK1NNV14
429,2206,1567712128322,1567712130528,1DK1MNNMA
429,2006,1567712128522,1567712130528,1DK1I17BE
429,1715,1567712128822,1567712130537,1DK1FQTDB
429,1815,1567712128722,1567712130537,1DK1NUSF4
429,1616,1567712128922,1567712130538,1DK1L5SV9
429,1516,1567712129022,1567712130538,1DK1GD0L3
429,7188,1567712123722,1567712130910,1DK1G9HBF
429,8643,1567712122522,1567712131165,1DK1MMNAK
429,7143,1567712124022,1567712131165,1DK1JNEMM
429,6344,1567712124822,1567712131166,1DK1HB9ST
429,6144,1567712125022,1567712131166,1DK1HQBN1
429,5652,1567712125522,1567712131174,1DK1JJG82
429,8453,1567712122722,1567712131175,1DK1M6I3H
429,8553,1567712122622,1567712131175,1DK1HFC27
429,1926,1567712129522,1567712131448,1DK1HK8HP
429,1828,1567712129622,1567712131450,1DK1KFK8G
429,1728,1567712129722,1567712131450,1DK1JNESF
429,5911,1567712125622,1567712131533,1DK1GUT3G
429,6317,1567712125226,1567712131543,1DK1HRHI8
429,6121,1567712125422,1567712131543,1DK1GEON9
429,6222,1567712125322,1567712131544,1DK1KPQRV
429,5623,1567712125922,1567712131545,1DK1HD2HL
429,5540,1567712126022,1567712131562,1DK1I9S3T
429,5441,1567712126122,1567712131563,1DK1LE39S
429,1844,1567712130522,1567712132366,1DK1NQ2JA
429,1744,1567712130622,1567712132366,1DK1O0TJB
429,1645,1567712130722,1567712132367,1DK1G74G2
429,1546,1567712130822,1567712132368,1DK1EPPF1
429,1346,1567712131022,1567712132368,1DK1KQROE
429,1447,1567712130922,1567712132369,1DK1G7NKO
429,2602,1567712131422,1567712134024,1DK1K82VV
429,2302,1567712131722,1567712134024,1DK1GTQ17
429,5812,1567712128222,1567712134034,1DK1JFM27
429,4468,1567712130122,1567712134590,1DK1LH8S9
429,4369,1567712130222,1567712134591,1DK1O81PQ
429,4269,1567712130322,1567712134591,1DK1K9BPH
429,5369,1567712129222,1567712134591,1DK1G5A8L
429,2154,1567712133622,1567712135776,1DK1KTAM2
429,1961,1567712133822,1567712135783,1DK1GEJS4
429,2661,1567712133123,1567712135784,1DK1N1JGI
429,1572,1567712134222,1567712135794,1DK1HLJ1P
429,1677,1567712134122,1567712135799,1DK1GL4P4
200,14891,1567712123922,1567712138813,1DK1G2UJ7
429,10203,1567712130422,1567712140625,1DK1JLK66
429,10704,1567712129922,1567712140626,1DK1H7297
429,10610,1567712130022,1567712140632,1DK1I66E8
429,5519,1567712135122,1567712140641,1DK1J6TBC
429,5421,1567712135222,1567712140643,1DK1M0IL0
200,15888,1567712126422,1567712142310,1DK1H29DN
429,16823,1567712125822,1567712142645,1DK1G5T89
429,16923,1567712125722,1567712142645,1DK1FEVD3
429,11444,1567712131522,1567712142966,1DK1IE9I4
429,11347,1567712131622,1567712142969,1DK1HDVBM
429,8652,1567712134322,1567712142974,1DK1NNJ5O
429,8320,1567712134822,1567712143142,1DK1JEPP6
429,8121,1567712135022,1567712143143,1DK1IT7AH
429,8221,1567712134922,1567712143143,1DK1I6KB5
429,2338,1567712141022,1567712143360,1DK1NM9UB
429,2112,1567712141522,1567712143634,1DK1J3F8L
429,2514,1567712141122,1567712143636,1DK1FM29M
429,2698,1567712141322,1567712144020,1DK1M1LVP
429,2598,1567712141422,1567712144020,1DK1G2C5D
429,10185,1567712133922,1567712144107,1DK1KMGA6
429,10094,1567712134022,1567712144116,1DK1NR13V
429,8695,1567712135422,1567712144117,1DK1KKHRF
429,12846,1567712131328,1567712144174,1DK1M2SRE
429,12253,1567712131922,1567712144175,1DK1M7RBI
429,12153,1567712132022,1567712144175,1DK1GLRDG
429,12053,1567712132122,1567712144175,1DK1JIO58
429,3227,1567712141822,1567712145049,1DK1M17Q4
429,2534,1567712142522,1567712145056,1DK1F2441
429,1035,1567712144022,1567712145057,1DK1NCSAB
429,2735,1567712142322,1567712145057,1DK1O9DF4
429,2636,1567712142422,1567712145058,1DK1ITVTU
429,3364,1567712141922,1567712145286,1DK1ND20E
429,16474,1567712129322,1567712145796,1DK1G20LC
429,16375,1567712129422,1567712145797,1DK1NJJ7U
429,14685,1567712131122,1567712145807,1DK1GA9VI
429,14586,1567712131222,1567712145808,1DK1IQSQD
429,13987,1567712131822,1567712145809,1DK1JLKHG
429,10730,1567712135522,1567712146252,1DK1GVVGG
429,10935,1567712135322,1567712146257,1DK1L0B0V
429,10650,1567712135622,1567712146272,1DK1FPUQC
429,344,1567712146222,1567712146566,1DK1KC6NV
429,4682,1567712142022,1567712146704,1DK1GMAOI
429,5083,1567712141622,1567712146705,1DK1II9BL
429,4485,1567712142222,1567712146707,1DK1NP9KI
429,3985,1567712142722,1567712146707,1DK1H0NGD
429,5960,1567712141722,1567712147682,1DK1KE024
429,5561,1567712142122,1567712147683,1DK1JL700
429,1411,1567712146422,1567712147833,1DK1F9RAE
429,5095,1567712142822,1567712147917,1DK1K1VR0
429,3496,1567712144422,1567712147918,1DK1LOP4M
429,3397,1567712144522,1567712147919,1DK1M6I9O
429,2002,1567712146522,1567712148524,1DK1LDN1N
429,1303,1567712147222,1567712148525,1DK1GR6I5
429,7045,1567712142622,1567712149667,1DK1JQ7FA
429,7031,1567712142922,1567712149953,1DK1HIOE1
429,6933,1567712143022,1567712149955,1DK1I3S8U
429,6833,1567712143122,1567712149955,1DK1M47K9
429,6734,1567712143222,1567712149956,1DK1KGSHK
429,6729,1567712143922,1567712150651,1DK1H9VAT
429,5930,1567712144722,1567712150652,1DK1M6E7K
429,5831,1567712144822,1567712150653,1DK1O83HD
429,5732,1567712144922,1567712150654,1DK1J27HP
429,6433,1567712144222,1567712150655,1DK1KP8TF
429,6683,1567712144122,1567712150805,1DK1I4EMA
429,6485,1567712144322,1567712150807,1DK1FAVCE
429,6193,1567712144622,1567712150815,1DK1L3TJC
429,7843,1567712143322,1567712151165,1DK1MO1NI
429,7743,1567712143422,1567712151165,1DK1ETF87
429,7539,1567712143722,1567712151261,1DK1KBHTO
429,7440,1567712143822,1567712151262,1DK1NT04K
429,8263,1567712143522,1567712151785,1DK1M46BN
429,8164,1567712143622,1567712151786,1DK1F9MPP
429,4899,1567712147522,1567712152421,1DK1HT6F9
429,10203,1567712145022,1567712155225,1DK1IHSN2
429,7808,1567712147422,1567712155230,1DK1O9T0A
429,9460,1567712147322,1567712156782,1DK1LEQHC
429,385,1567712156422,1567712156807,1DK1KBDAC
429,581,1567712156522,1567712157103,1DK1N1MM0
429,947,1567712156922,1567712157869,1DK1GSD32
429,839,1567712157122,1567712157961,1DK1ES7TB
429,960,1567712157222,1567712158182,1DK1N6N5U
429,860,1567712157322,1567712158182,1DK1F9VAF
429,399,1567712158522,1567712158921,1DK1KHSM7
429,2329,1567712156622,1567712158951,1DK1O3AME
429,456,1567712158722,1567712159178,1DK1F0G56
429,556,1567712158622,1567712159178,1DK1IRBMJ
429,728,1567712159022,1567712159750,1DK1LFAG3
429,489,1567712159522,1567712160011,1DK1MPHL2
429,390,1567712159622,1567712160012,1DK1LAS0H
429,924,1567712159122,1567712160046,1DK1KBTBP
429,502,1567712159722,1567712160224,1DK1LJ335
429,1321,1567712158922,1567712160243,1DK1KKNMP
429,621,1567712159922,1567712160543,1DK1KFRQ5
429,756,1567712160022,1567712160778,1DK1JTH2L
429,739,1567712160122,1567712160861,1DK1KMNHF
429,476,1567712160722,1567712161198,1DK1KNTLA
429,377,1567712160822,1567712161199,1DK1I2M3I
429,984,1567712160322,1567712161306,1DK1GGDG7
429,884,1567712160422,1567712161306,1DK1NDHEA
429,896,1567712160622,1567712161518,1DK1O6JS1
429,531,1567712161022,1567712161553,1DK1F5EBF
429,2733,1567712158822,1567712161555,1DK1IDUB5
429,669,1567712160922,1567712161591,1DK1MCLUS
429,1745,1567712160222,1567712161967,1DK1N74S4
429,886,1567712161122,1567712162008,1DK1F9F10
429,1636,1567712160522,1567712162158,1DK1FFPF3
429,6336,1567712155822,1567712162158,1DK1G6SLQ
429,8241,1567712156822,1567712165063,1DK1LTIJL
429,8041,1567712157022,1567712165063,1DK1K5LDU
200,29516,1567712135722,1567712165238,1DK1H7UO9
200,14206,1567712151122,1567712165328,1DK1KIN2J
200,19310,1567712146622,1567712165932,1DK1M9AUJ
429,1130,1567712167524,1567712168654,1DK1K3Q01
429,2444,1567712166424,1567712168868,1DK1JJ59T
429,993,1567712167925,1567712168918,1DK1HDKHQ
429,665,1567712168424,1567712169089,1DK1HK4SD
429,1090,1567712168024,1567712169114,1DK1GAAH1
429,3718,1567712166225,1567712169943,1DK1MCOQ2
429,1229,1567712168925,1567712170154,1DK1IITRU
429,565,1567712169625,1567712170190,1DK1N22CO
429,366,1567712171225,1567712171591,1DK1MAJGS
429,2467,1567712169125,1567712171592,1DK1NKTDC
429,1506,1567712170324,1567712171830,1DK1GK5EO
429,3142,1567712169024,1567712172166,1DK1H3E5M
429,1731,1567712172024,1567712173755,1DK1KSE8F
429,2937,1567712170824,1567712173761,1DK1KV67E
429,2495,1567712171526,1567712174021,1DK1JQNGF
429,3277,1567712171124,1567712174401,1DK1KTVKD
429,2705,1567712171824,1567712174529,1DK1H52RI
429,2605,1567712171925,1567712174530,1DK1H6EVJ
429,2210,1567712172324,1567712174534,1DK1JE2BL
429,1695,1567712173324,1567712175019,1DK1O5NOP
429,2585,1567712173824,1567712176409,1DK1L4OFM
200,14737,1567712162022,1567712176759,1DK1N5FUS
429,2843,1567712174524,1567712177367,1DK1ISC5R
429,1850,1567712175524,1567712177374,1DK1K89UK
429,2151,1567712175224,1567712177375,1DK1KDGAK
429,850,1567712176526,1567712177376,1DK1NT7JB
429,4885,1567712172874,1567712177759,1DK1IR7PA
429,2413,1567712175424,1567712177837,1DK1J297V
429,2118,1567712175724,1567712177842,1DK1HEAV6
429,2819,1567712175024,1567712177843,1DK1GTMIB
429,4506,1567712174224,1567712178730,1DK1IDII2
429,4806,1567712173925,1567712178731,1DK1FDQOQ
429,4006,1567712174725,1567712178731,1DK1OAQVE
429,2785,1567712177124,1567712179909,1DK1H63OV
429,3485,1567712176425,1567712179910,1DK1I470F
200,9630,1567712170724,1567712180354,1DK1GPJ2C
200,8424,1567712172124,1567712180548,1DK1FCJL6
429,6325,1567712174824,1567712181149,1DK1IBOQU
429,5125,1567712176025,1567712181150,1DK1L6R05
429,6826,1567712174325,1567712181151,1DK1MGR5E
429,4109,1567712177326,1567712181435,1DK1IBOC5
429,3517,1567712177925,1567712181442,1DK1I1CNK
429,3819,1567712177624,1567712181443,1DK1FGFH8
429,818,1567712180625,1567712181443,1DK1NPOFF
429,519,1567712180925,1567712181444,1DK1H28AB
200,29652,1567712151922,1567712181574,1DK1NN9ST
429,3601,1567712178124,1567712181725,1DK1M578U
429,2104,1567712179625,1567712181729,1DK1FJAG1
429,3305,1567712178424,1567712181729,1DK1J9T94
429,5043,1567712178825,1567712183868,1DK1FLSN8
429,4943,1567712178926,1567712183869,1DK1MNVGE
429,4746,1567712179124,1567712183870,1DK1FT6VB
429,4646,1567712179224,1567712183870,1DK1NOVS4
429,4545,1567712179326,1567712183871,1DK1OBEU7
429,3649,1567712180226,1567712183875,1DK1HGQ2R
429,4177,1567712179824,1567712184001,1DK1KFL25
429,3483,1567712180524,1567712184007,1DK1GJS0R
429,3282,1567712180726,1567712184008,1DK1JPDV9
200,19174,1567712166624,1567712185798,1DK1I3F9S
429,3140,1567712182925,1567712186065,1DK1FFJRG
429,5316,1567712181524,1567712186840,1DK1G869H
429,4713,1567712182128,1567712186841,1DK1IVHNA
429,5117,1567712181725,1567712186842,1DK1M6FBM
429,3117,1567712183726,1567712186843,1DK1J1KEA
200,27937,1567712159222,1567712187159,1DK1K719O
429,5434,1567712181925,1567712187359,1DK1N7VDI
429,3736,1567712183624,1567712187360,1DK1HBFB4
429,6905,1567712181024,1567712187929,1DK1K2TR9
429,6605,1567712181324,1567712187929,1DK1M4V6M
429,5606,1567712182324,1567712187930,1DK1NPEFA
429,5407,1567712182524,1567712187931,1DK1ETGBM
429,6809,1567712181124,1567712187933,1DK1F9ETO
429,4638,1567712183324,1567712187962,1DK1ITTOM
429,3647,1567712184324,1567712187971,1DK1NMH6S
429,622,1567712187725,1567712188347,1DK1JH28O
200,10178,1567712178224,1567712188402,1DK1L07UG
429,330,1567712188125,1567712188455,1DK1ETBQQ
200,16453,1567712172925,1567712189378,1DK1KIUJ0
429,4589,1567712185324,1567712189913,1DK1J4L4O
429,619,1567712189424,1567712190043,1DK1IP1OL
200,17816,1567712172424,1567712190240,1DK1FUNUP
429,1866,1567712188524,1567712190390,1DK1JPUA6
429,6637,1567712183824,1567712190461,1DK1IJJF5
429,6438,1567712184025,1567712190463,1DK1N9T43
429,5840,1567712184624,1567712190464,1DK1JDN80
429,6341,1567712184124,1567712190465,1DK1NQSOT
429,719,1567712190126,1567712190845,1DK1HETS6
429,1239,1567712189724,1567712190963,1DK1HLQGL
429,1968,1567712189625,1567712191593,1DK1FRO1H
429,572,1567712191125,1567712191697,1DK1GSO2N
429,6610,1567712185424,1567712192034,1DK1N942S
200,24529,1567712168124,1567712192653,1DK1GGGN4
429,1676,1567712191224,1567712192900,1DK1MLP79
200,10415,1567712182724,1567712193139,1DK1FKJO7
429,679,1567712192524,1567712193203,1DK1OAPOD
429,1441,1567712191829,1567712193270,1DK1JTQUM
429,1206,1567712192324,1567712193530,1DK1H2FD8
429,634,1567712193124,1567712193758,1DK1K4P8N
429,864,1567712193625,1567712194489,1DK1GADA8
429,3931,1567712190624,1567712194555,1DK1IO3GC
429,4032,1567712190524,1567712194556,1DK1HMD9P
429,4133,1567712190424,1567712194557,1DK1IND0B
429,3834,1567712190724,1567712194558,1DK1H6KHR
429,1275,1567712193425,1567712194700,1DK1K5RMA
429,592,1567712194124,1567712194716,1DK1IGO0K
429,1308,1567712193924,1567712195232,1DK1FHATM
429,424,1567712195024,1567712195448,1DK1IN2DM
429,552,1567712195524,1567712196076,1DK1MAE1H
429,3261,1567712193024,1567712196285,1DK1KAB0G
429,992,1567712195324,1567712196316,1DK1HCNNC
429,316,1567712196124,1567712196440,1DK1NT0BC
429,1398,1567712195424,1567712196822,1DK1HD6KL
429,2470,1567712194524,1567712196994,1DK1IHCV3
200,25381,1567712171725,1567712197106,1DK1K7GMO
429,1499,1567712195724,1567712197223,1DK1NI3U9
429,1649,1567712195824,1567712197473,1DK1JGE9D
200,10998,1567712186626,1567712197624,1DK1NTG7C
429,519,1567712198224,1567712198743,1DK1N6AVC
429,1363,1567712197625,1567712198988,1DK1HR2LR
429,1765,1567712197724,1567712199489,1DK1ETRFQ
429,707,1567712199124,1567712199831,1DK1ISEJ4
200,8374,1567712191524,1567712199898,1DK1NIVLH
429,1973,1567712198024,1567712199997,1DK1GCA64
429,1560,1567712198725,1567712200285,1DK1GE1N5
429,477,1567712199925,1567712200402,1DK1JRRPM
429,1413,1567712199624,1567712201037,1DK1LTGHR
429,418,1567712201324,1567712201742,1DK1FO9N8
200,13161,1567712189124,1567712202285,1DK1L2AMR
429,559,1567712202525,1567712203084,1DK1K2NF1
429,1389,1567712201724,1567712203113,1DK1H5P7V
429,388,1567712202824,1567712203212,1DK1I6BFG
429,1235,1567712202024,1567712203259,1DK1LTPI4
200,29649,1567712173624,1567712203273,1DK1LLMST
429,1970,1567712201424,1567712203394,1DK1KNDU6
429,445,1567712203624,1567712204069,1DK1HIIA3
429,406,1567712204324,1567712204730,1DK1ETSNC
429,2013,1567712203224,1567712205237,1DK1NLP73
429,804,1567712206024,1567712206828,1DK1NP9KV
429,1684,1567712206124,1567712207808,1DK1IDBMF
429,2077,1567712206824,1567712208901,1DK1H1G8J
429,2992,1567712205924,1567712208916,1DK1LEL1M
429,5265,1567712203724,1567712208989,1DK1F38P0
429,2206,1567712207424,1567712209630,1DK1LFUK5
429,1106,1567712208524,1567712209630,1DK1MDIJQ
429,797,1567712209726,1567712210523,1DK1O6UUB
429,600,1567712209924,1567712210524,1DK1I48C9
429,2347,1567712208724,1567712211071,1DK1GACK2
429,157,1567712210925,1567712211082,1DK1KCDKT
429,796,1567712210424,1567712211220,1DK1FCMPQ
429,597,1567712210624,1567712211221,1DK1IS3BG
429,404,1567712211124,1567712211528,1DK1K20A3
429,220,1567712211524,1567712211744,1DK1NR7K8
429,460,1567712211724,1567712212184,1DK1INC8S
429,844,1567712211624,1567712212468,1DK1I1D3U
429,1658,1567712211024,1567712212682,1DK1IDKJD
429,387,1567712212424,1567712212811,1DK1LSP9L
429,4265,1567712208925,1567712213190,1DK1GM8HD
429,1708,1567712211827,1567712213535,1DK1MFVNT
200,13575,1567712200424,1567712213999,1DK1FHIV5
200,24105,1567712190024,1567712214129,1DK1FMKAG
429,634,1567712213726,1567712214360,1DK1KPI5I
429,547,1567712213925,1567712214472,1DK1LT5R4
429,815,1567712215129,1567712215944,1DK1GDD9B
429,1154,1567712215324,1567712216478,1DK1HFARJ
429,1055,1567712215424,1567712216479,1DK1JHKJ8
429,1642,1567712215924,1567712217566,1DK1N5JGJ
429,1542,1567712217624,1567712219166,1DK1MRBMA
429,1642,1567712217525,1567712219167,1DK1IS62M
429,752,1567712220623,1567712221375,1DK1MDNHG
429,250,1567712221425,1567712221675,1DK1HMMVH
429,2585,1567712219124,1567712221709,1DK1H6395
429,616,1567712221924,1567712222540,1DK1NIFED
200,6252,1567712216624,1567712222876,1DK1JEJDF
200,13755,1567712209824,1567712223579,1DK1HUOG4
200,27602,1567712196524,1567712224126,1DK1IEFRI
429,666,1567712223825,1567712224491,1DK1G4E4C
200,14005,1567712210525,1567712224530,1DK1L53QN
200,8013,1567712216927,1567712224940,1DK1M3M6D
200,28774,1567712196324,1567712225098,1DK1ISGU8
200,18206,1567712207024,1567712225230,1DK1MLJBE
200,17604,1567712207626,1567712225230,1DK1M4K58
429,938,1567712225724,1567712226662,1DK1GFFIJ
429,355,1567712227124,1567712227479,1DK1ILV98
429,935,1567712226791,1567712227726,1DK1GGSD3
429,893,1567712227391,1567712228284,1DK1JDQMD
429,827,1567712227457,1567712228284,1DK1J79DB
429,813,1567712227792,1567712228605,1DK1OD99E
429,848,1567712228257,1567712229105,1DK1O6VU9
429,782,1567712228324,1567712229106,1DK1ND5PE
429,653,1567712228457,1567712229110,1DK1OD79N
429,556,1567712229457,1567712230013,1DK1M9JGC
429,1540,1567712228591,1567712230131,1DK1J618U
429,962,1567712229657,1567712230619,1DK1FDFE8
429,1119,1567712229592,1567712230711,1DK1IQAE6
429,1837,1567712229057,1567712230894,1DK1NOPH0
429,946,1567712230591,1567712231537,1DK1K2P4T
429,2074,1567712229524,1567712231598,1DK1NG3KQ
429,2149,1567712229791,1567712231940,1DK1L2N6B
429,1883,1567712230057,1567712231940,1DK1MA86D
429,1228,1567712230724,1567712231952,1DK1I09U0
429,1732,1567712231191,1567712232923,1DK1M1H42
429,2411,1567712230857,1567712233268,1DK1HAUHQ
429,1037,1567712232324,1567712233361,1DK1HQNLS
429,1304,1567712232057,1567712233361,1DK1JBSIS
200,18618,1567712215026,1567712233644,1DK1FDTJS
429,2609,1567712231524,1567712234133,1DK1G4B02
429,1742,1567712232391,1567712234133,1DK1HJNPT
429,1609,1567712232524,1567712234133,1DK1NBTUE
429,3412,1567712230791,1567712234203,1DK1JVFBS
429,1670,1567712232857,1567712234527,1DK1N62S9
429,1569,1567712233524,1567712235093,1DK1NL4QH
429,3227,1567712231991,1567712235218,1DK1I801M
429,1027,1567712234191,1567712235218,1DK1GVVR1
200,18112,1567712217324,1567712235436,1DK1M33TC
429,1086,1567712234524,1567712235610,1DK1JSDUI
429,1470,1567712234791,1567712236261,1DK1NLP6T
429,1804,1567712234457,1567712236261,1DK1JBR0K
429,1564,1567712234724,1567712236288,1DK1MMJ2Q
429,3079,1567712233324,1567712236403,1DK1KTL05
429,2703,1567712233791,1567712236494,1DK1GTL22
200,22380,1567712214526,1567712236906,1DK1MKC1D
429,2647,1567712234324,1567712236971,1DK1JMGFJ
429,2004,1567712234991,1567712236995,1DK1OAOSH
200,15633,1567712221524,1567712237158,1DK1G04JS
429,3350,1567712234124,1567712237474,1DK1JFS1V
429,3084,1567712234391,1567712237475,1DK1JT687
429,2818,1567712234657,1567712237475,1DK1GIEMD
429,1364,1567712236591,1567712237955,1DK1JS7H2
200,16837,1567712221124,1567712237961,1DK1O4MU1
429,910,1567712237257,1567712238167,1DK1F59KG
429,3951,1567712235124,1567712239075,1DK1KCV94
429,3068,1567712236457,1567712239525,1DK1KQH6Q
429,3469,1567712236924,1567712240393,1DK1O9LQA
429,4150,1567712237391,1567712241541,1DK1L08ER
429,3351,1567712238191,1567712241542,1DK1MINRC
429,4085,1567712237457,1567712241542,1DK1JSS2E
429,3783,1567712237924,1567712241707,1DK1MC8DR
429,2439,1567712239857,1567712242296,1DK1J9259
429,2923,1567712239391,1567712242314,1DK1LJOU5
429,1125,1567712241190,1567712242315,1DK1GFO2J
429,3126,1567712239191,1567712242317,1DK1HM7OU
429,2990,1567712239524,1567712242514,1DK1H8ETR
429,2449,1567712241057,1567712243506,1DK1O47T3
429,3315,1567712240191,1567712243506,1DK1I29D0
429,3597,1567712240457,1567712244054,1DK1O5OGG
429,1138,1567712242924,1567712244062,1DK1IF391
429,2707,1567712241657,1567712244364,1DK1K9BKV
429,2532,1567712242124,1567712244656,1DK1JAQKP
429,1332,1567712243324,1567712244656,1DK1JBVRU
200,11114,1567712233924,1567712245038,1DK1ITJS9
429,3060,1567712241990,1567712245050,1DK1I8R2L
429,6367,1567712238791,1567712245158,1DK1KSU8A
429,6106,1567712239057,1567712245163,1DK1HAIQ7
429,4603,1567712240657,1567712245260,1DK1MOJMO
429,4870,1567712240390,1567712245260,1DK1MPHRP
429,1876,1567712243659,1567712245535,1DK1MIILF
429,3135,1567712242457,1567712245592,1DK1GKQB8
429,2810,1567712242790,1567712245600,1DK1IKETF
429,3371,1567712242257,1567712245628,1DK1FN7NV
429,3305,1567712242324,1567712245629,1DK1M52KS
429,2973,1567712242657,1567712245630,1DK1IGQ64
429,908,1567712244724,1567712245632,1DK1I5NFE
200,17573,1567712228791,1567712246364,1DK1ILCLF
429,5428,1567712241457,1567712246885,1DK1O7CL6
429,5362,1567712241524,1567712246886,1DK1HIQM9
429,2771,1567712244124,1567712246895,1DK1ETEL6
429,2705,1567712244190,1567712246895,1DK1L4VK4
200,24916,1567712222625,1567712247541,1DK1O6LJR
429,4084,1567712243457,1567712247541,1DK1H37J2
429,4158,1567712244282,1567712248440,1DK1G3KN1
429,4114,1567712244326,1567712248440,1DK1FJTQO
429,3916,1567712244524,1567712248440,1DK1HE9R6
429,1784,1567712246657,1567712248441,1DK1GIASS
200,20116,1567712228724,1567712248840,1DK1IREE6
429,2914,1567712245990,1567712248904,1DK1GHE9N
200,20435,1567712228857,1567712249292,1DK1FTC9C
429,3330,1567712246590,1567712249920,1DK1OAM1F
429,7836,1567712242190,1567712250026,1DK1JQELD
429,5822,1567712245324,1567712251146,1DK1MELAK
429,6141,1567712245457,1567712251598,1DK1LHRUO
429,6341,1567712245257,1567712251598,1DK1H904V
429,5275,1567712246324,1567712251599,1DK1HG624
429,5809,1567712245790,1567712251599,1DK1JT64K
429,6076,1567712245524,1567712251600,1DK1NSPA5
200,25011,1567712226624,1567712251635,1DK1HU0S1
429,2203,1567712249590,1567712251793,1DK1FMRAS
429,4456,1567712247457,1567712251913,1DK1F9R16
429,934,1567712251190,1567712252124,1DK1K8M0M
429,3231,1567712249724,1567712252955,1DK1EVENS
429,2987,1567712249990,1567712252977,1DK1JVC0R
429,1987,1567712250990,1567712252977,1DK1HFTJ4
429,9301,1567712243992,1567712253293,1DK1JMKRB
429,9237,1567712244057,1567712253294,1DK1L8G92
429,6842,1567712246459,1567712253301,1DK1HIPAI
429,1319,1567712252124,1567712253443,1DK1KPIG7
429,865,1567712252790,1567712253655,1DK1KEK84
429,712,1567712253124,1567712253836,1DK1HCUI3
200,12815,1567712241124,1567712253939,1DK1N1AO7
429,9049,1567712245057,1567712254106,1DK1IKNC3
429,8983,1567712245124,1567712254107,1DK1IUUUU
200,24985,1567712229124,1567712254109,1DK1O2A9N
200,7055,1567712247124,1567712254179,1DK1NI091
429,2441,1567712251857,1567712254298,1DK1HK043
429,855,1567712253790,1567712254645,1DK1IDV0G
429,1459,1567712253590,1567712255049,1DK1HAPU2
429,2552,1567712252924,1567712255476,1DK1N2KJ3
429,2152,1567712253324,1567712255476,1DK1HMJB6
429,2069,1567712253524,1567712255593,1DK1KVDAJ
429,6736,1567712248857,1567712255593,1DK1KC6OC
200,16590,1567712239257,1567712255847,1DK1FJG9C
429,7112,1567712248790,1567712255902,1DK1I01OB
429,3378,1567712252524,1567712255902,1DK1G0LK0
429,5579,1567712250324,1567712255903,1DK1MA4GT
429,2713,1567712253190,1567712255903,1DK1NLKOK
429,2095,1567712254057,1567712256152,1DK1LI1RE
200,29574,1567712226924,1567712256498,1DK1N9ABD
429,2003,1567712254590,1567712256593,1DK1G67D1
429,2101,1567712254724,1567712256825,1DK1JPD5O
429,1466,1567712255990,1567712257456,1DK1FLFUF
429,875,1567712256790,1567712257665,1DK1JBMCE
429,12583,1567712245590,1567712258173,1DK1IV934
429,12516,1567712245657,1567712258173,1DK1M58PH
429,12250,1567712245924,1567712258174,1DK1FAA5E
429,11251,1567712246924,1567712258175,1DK1H6AA8
429,4185,1567712253990,1567712258175,1DK1O5L0M
429,1349,1567712256990,1567712258339,1DK1K5F6Q
429,425,1567712257924,1567712258349,1DK1LCLH0
429,5149,1567712253258,1567712258407,1DK1I230V
429,2558,1567712255857,1567712258415,1DK1KGQIP
429,6932,1567712251524,1567712258456,1DK1HOINA
429,5513,1567712252990,1567712258503,1DK1I1423
429,8600,1567712249924,1567712258524,1DK1LLNBP
429,1235,1567712257324,1567712258559,1DK1FHN06
200,10930,1567712247990,1567712258920,1DK1JUMOO
429,1005,1567712258257,1567712259262,1DK1MD45V
429,2319,1567712257124,1567712259443,1DK1JCGKD
429,1914,1567712257657,1567712259571,1DK1ITPNA
429,1105,1567712258924,1567712260029,1DK1LAIUH
429,4757,1567712256058,1567712260815,1DK1LGAMD
429,3291,1567712257524,1567712260815,1DK1LTTF1
429,3558,1567712257257,1567712260815,1DK1FVK4L
429,1935,1567712259057,1567712260992,1DK1KTT8P
429,1883,1567712259391,1567712261274,1DK1LJC8Q
429,1684,1567712259590,1567712261274,1DK1JQAVM
429,7177,1567712254457,1567712261634,1DK1IOGC6
429,5977,1567712255657,1567712261634,1DK1H6OK8
429,4149,1567712257590,1567712261739,1DK1NUHN6
429,6335,1567712255524,1567712261859,1DK1LIIN0
429,1634,1567712260257,1567712261891,1DK1HIJGG
429,1421,1567712260724,1567712262145,1DK1KCBPF
429,3798,1567712258457,1567712262255,1DK1KNNCU
429,3668,1567712258590,1567712262258,1DK1KC5BV
429,3468,1567712258790,1567712262258,1DK1GPJ1N
429,4141,1567712258324,1567712262465,1DK1FCMVO
429,3349,1567712259124,1567712262473,1DK1LH6I5
429,2749,1567712259724,1567712262473,1DK1L6GEB
429,3016,1567712259457,1567712262473,1DK1LPKMR
429,2683,1567712259790,1567712262473,1DK1HCAE6
200,20273,1567712242390,1567712262663,1DK1N85HH
429,1674,1567712261057,1567712262731,1DK1LU81D
429,1959,1567712260857,1567712262816,1DK1GFA0V
429,1642,1567712261190,1567712262832,1DK1GIJIL
429,842,1567712261990,1567712262832,1DK1JP293
429,1442,1567712261390,1567712262832,1DK1JT3VK
429,594,1567712262524,1567712263118,1DK1NK1EG
200,16035,1567712247390,1567712263425,1DK1HDB1G
429,782,1567712262657,1567712263439,1DK1G9AHJ
429,1864,1567712261857,1567712263721,1DK1NBS81
429,2294,1567712261590,1567712263884,1DK1LR5GD
200,15758,1567712248657,1567712264415,1DK1G9IDO
429,1512,1567712263124,1567712264636,1DK1JIFQT
429,1076,1567712263590,1567712264666,1DK1LRKE3
429,4896,1567712260390,1567712265286,1DK1I8NBR
429,4296,1567712260990,1567712265286,1DK1KIE8R
429,2568,1567712262857,1567712265425,1DK1IPPLM
429,2235,1567712263190,1567712265425,1DK1KG9J5
429,2102,1567712263324,1567712265426,1DK1NUD48
429,593,1567712264924,1567712265517,1DK1GFSDO
429,1194,1567712264657,1567712265851,1DK1IJQTF
429,727,1567712265124,1567712265851,1DK1O0R5T
429,2448,1567712263657,1567712266105,1DK1LDCD8
429,1781,1567712264324,1567712266105,1DK1KF2SD
429,2598,1567712263790,1567712266388,1DK1IIH92
429,4832,1567712261657,1567712266489,1DK1MVF5I
429,3765,1567712262790,1567712266555,1DK1L43RR
429,1329,1567712265590,1567712266919,1DK1KI4S1
429,2163,1567712265057,1567712267220,1DK1M18CN
429,2431,1567712264790,1567712267221,1DK1KV61A
429,1574,1567712265724,1567712267298,1DK1K2ETK
429,5056,1567712262390,1567712267446,1DK1J55H1
429,4990,1567712262457,1567712267447,1DK1KSRQB
200,20679,1567712247257,1567712267936,1DK1I1CLR
429,886,1567712267057,1567712267943,1DK1GK80H
429,5801,1567712262190,1567712267991,1DK1HAIPE
429,5668,1567712262324,1567712267992,1DK1F27KB
429,3208,1567712264990,1567712268198,1DK1ODJHQ
429,2995,1567712265324,1567712268319,1DK1FQLL8
429,2795,1567712265524,1567712268319,1DK1GMLKG
429,2930,1567712265390,1567712268320,1DK1EUJVV
429,2177,1567712266190,1567712268367,1DK1FKUNF
429,5315,1567712263390,1567712268705,1DK1IF02G
429,4848,1567712263857,1567712268705,1DK1N746J
429,2596,1567712266857,1567712269453,1DK1LQK2B
429,812,1567712268657,1567712269469,1DK1M4G60
429,991,1567712268990,1567712269981,1DK1GM773
429,3616,1567712266524,1567712270140,1DK1OE9KE
429,2039,1567712268457,1567712270496,1DK1O57EH
429,3089,1567712267724,1567712270813,1DK1HDI07
429,4020,1567712267124,1567712271144,1DK1MJH3L
429,855,1567712270324,1567712271179,1DK1KRPFE
429,2040,1567712269390,1567712271430,1DK1O7UBC
429,5535,1567712266390,1567712271925,1DK1G4VC2
429,3848,1567712268257,1567712272105,1DK1OAGCS
429,397,1567712272390,1567712272787,1DK1H4SHU
429,1861,1567712271123,1567712272984,1DK1EVTPI
429,8033,1567712265257,1567712273290,1DK1H6JDP
429,1741,1567712271857,1567712273598,1DK1JJ4MM
429,15483,1567712258124,1567712273607,1DK1KC0V0
429,13418,1567712260190,1567712273608,1DK1M2D5J
429,14884,1567712258724,1567712273608,1DK1I4B8V
429,13151,1567712260457,1567712273608,1DK1JTV2N
429,1694,1567712271924,1567712273618,1DK1LOLLB
200,12605,1567712261257,1567712273862,1DK1I6765
200,27330,1567712246790,1567712274120,1DK1K8EPS
429,6712,1567712267457,1567712274169,1DK1I0A6E
429,6779,1567712267390,1567712274169,1DK1GA9IU
429,6379,1567712267790,1567712274169,1DK1FUT4V
429,3712,1567712270457,1567712274169,1DK1G2B9E
429,2913,1567712271257,1567712274170,1DK1H2S91
429,1847,1567712272324,1567712274171,1DK1HP3PG
429,1325,1567712273057,1567712274382,1DK1EUN9F
429,1687,1567712272723,1567712274410,1DK1NQ1Q9
429,2490,1567712272057,1567712274547,1DK1KCETB
200,7432,1567712267257,1567712274689,1DK1LMUDN
429,2199,1567712272523,1567712274722,1DK1NHE47
200,25760,1567712248990,1567712274750,1DK1H83L2
429,774,1567712274190,1567712274964,1DK1FK3KC
429,2008,1567712273657,1567712275665,1DK1FM7DU
429,2509,1567712273323,1567712275832,1DK1G69CS
429,1535,1567712274323,1567712275858,1DK1NELT8
200,29248,1567712247190,1567712276438,1DK1LMUEG
429,1583,1567712274923,1567712276506,1DK1H88UD
429,1649,1567712274857,1567712276506,1DK1L9ERN
429,2149,1567712274457,1567712276606,1DK1NK1OL
429,1614,1567712275190,1567712276804,1DK1MKDA7
429,2014,1567712274790,1567712276804,1DK1FACJK
429,2230,1567712274657,1567712276887,1DK1KKTD8
200,20671,1567712256390,1567712277061,1DK1NS78B
429,1404,1567712276723,1567712278127,1DK1LH3S1
429,1365,1567712277190,1567712278555,1DK1JIVMG
429,6854,1567712271723,1567712278577,1DK1IK026
429,1305,1567712277663,1567712278968,1DK1GM6RG
429,5724,1567712273523,1567712279247,1DK1O6RUV
429,1604,1567712277857,1567712279461,1DK1G6EJ0
429,2791,1567712276990,1567712279781,1DK1GQ128
429,5812,1567712274123,1567712279935,1DK1JVIO5
429,2322,1567712277618,1567712279940,1DK1GFTJC
429,11074,1567712268924,1567712279998,1DK1F9LVP
429,1690,1567712278790,1567712280480,1DK1F099B
200,12949,1567712267657,1567712280606,1DK1NG4OP
429,2194,1567712278523,1567712280717,1DK1MKNT3
429,830,1567712279991,1567712280821,1DK1K7SG0
429,1923,1567712278990,1567712280913,1DK1F49SJ
429,882,1567712280790,1567712281672,1DK1H9HEI
429,749,1567712280923,1567712281672,1DK1L1TB8
429,921,1567712281190,1567712282111,1DK1GK1KA
429,396,1567712281725,1567712282121,1DK1KJSVU
429,693,1567712281590,1567712282283,1DK1I19F6
200,25771,1567712256657,1567712282428,1DK1K6TFU
200,13046,1567712269790,1567712282836,1DK1F46HO
429,6523,1567712276657,1567712283180,1DK1KLHB6
429,7057,1567712276123,1567712283180,1DK1IVCLF
429,4130,1567712279057,1567712283187,1DK1LIBL3
429,1607,1567712281790,1567712283397,1DK1G6I4R
429,7206,1567712276523,1567712283729,1DK1NLVTJ
429,1859,1567712281924,1567712283783,1DK1GOE0B
429,816,1567712283057,1567712283873,1DK1MOMHE
429,919,1567712283390,1567712284309,1DK1G036F
200,22465,1567712262124,1567712284589,1DK1N3KBU
429,2396,1567712282723,1567712285119,1DK1LE8S5
429,1597,1567712283523,1567712285120,1DK1LRJRS
429,1943,1567712283257,1567712285200,1DK1MU7IV
429,2478,1567712282923,1567712285401,1DK1LIEDA
429,1544,1567712283857,1567712285401,1DK1EUEC0
200,19516,1567712266057,1567712285573,1DK1M3SN9
200,29306,1567712256457,1567712285763,1DK1G6I4T
429,1294,1567712284857,1567712286151,1DK1NGMEK
200,10197,1567712275990,1567712286187,1DK1IJ7R0
429,1086,1567712285190,1567712286276,1DK1FNDRE
429,2061,1567712284323,1567712286384,1DK1FALQA
429,6570,1567712279859,1567712286429,1DK1JFMJ6
429,6240,1567712280190,1567712286430,1DK1G15CB
429,4174,1567712282257,1567712286431,1DK1MMU65
429,821,1567712285723,1567712286544,1DK1N0AA4
429,2229,1567712285323,1567712287552,1DK1IAGPK
429,2387,1567712285390,1567712287777,1DK1HQDA8
429,987,1567712286790,1567712287777,1DK1NCKVP
429,1326,1567712286457,1567712287783,1DK1L1SEK
429,2820,1567712285057,1567712287877,1DK1ODFVL
429,1287,1567712286990,1567712288277,1DK1LH65E
429,2116,1567712286323,1567712288439,1DK1MDNGV
429,1917,1567712286523,1567712288440,1DK1GV8BE
429,773,1567712287923,1567712288696,1DK1HB1MN
429,1575,1567712287457,1567712289032,1DK1I4M24
429,7686,1567712281390,1567712289076,1DK1I8717
429,7019,1567712282057,1567712289076,1DK1KH68M
429,2426,1567712286857,1567712289283,1DK1LT1VO
429,1693,1567712287590,1567712289283,1DK1N6SOL
429,1684,1567712287724,1567712289408,1DK1HE0NC
429,6616,1567712283123,1567712289739,1DK1M2ASS
429,5749,1567712283990,1567712289739,1DK1IRS38
200,17428,1567712272457,1567712289885,1DK1GS05O
429,2165,1567712287790,1567712289955,1DK1MA2UJ
429,1232,1567712288723,1567712289955,1DK1NKVB7
429,2890,1567712287123,1567712290013,1DK1LDOE2
429,6156,1567712284057,1567712290213,1DK1FEVDE
429,5090,1567712285123,1567712290213,1DK1FKMMC
429,4090,1567712286123,1567712290213,1DK1F9JTO
429,3556,1567712286657,1567712290213,1DK1I63KT
200,25090,1567712265190,1567712290280,1DK1NLGOG
429,1360,1567712289259,1567712290619,1DK1JDDEA
429,2148,1567712288590,1567712290738,1DK1M6F7R
200,10911,1567712280123,1567712291034,1DK1M18EL
429,1985,1567712289057,1567712291042,1DK1JBUBC
429,3837,1567712287257,1567712291094,1DK1MV4PK
429,742,1567712290657,1567712291399,1DK1GMUKB
429,2020,1567712289523,1567712291543,1DK1HA2BS
429,2353,1567712289190,1567712291543,1DK1K3I20
429,1085,1567712290523,1567712291608,1DK1F0PHG
200,17023,1567712274590,1567712291613,1DK1IFO6U
429,2126,1567712289923,1567712292049,1DK1K0SD6
200,8561,1567712283657,1567712292218,1DK1I57P4
429,2392,1567712289857,1567712292249,1DK1GKGMQ
429,521,1567712291857,1567712292378,1DK1JV4J3
429,1227,1567712291323,1567712292550,1DK1M33FN
429,1980,1567712291057,1567712293037,1DK1F5FIU
429,773,1567712292323,1567712293096,1DK1KCA32
429,870,1567712292390,1567712293260,1DK1G5LSN
429,1407,1567712293057,1567712294464,1DK1F6B58
429,746,1567712293857,1567712294603,1DK1LDHTK
200,26546,1567712268124,1567712294670,1DK1M3KTR
429,4924,1567712289790,1567712294714,1DK1LGU40
429,4591,1567712290123,1567712294714,1DK1MFP4A
429,3991,1567712290723,1567712294714,1DK1J3TFH
429,2330,1567712292990,1567712295320,1DK1I7RFC
429,1397,1567712293923,1567712295320,1DK1KCNI8
429,966,1567712294457,1567712295423,1DK1G1N03
200,26634,1567712268857,1567712295491,1DK1JAR6P
429,6277,1567712289390,1567712295667,1DK1FBIDI
429,1175,1567712294590,1567712295765,1DK1O35V8
429,1831,1567712294257,1567712296088,1DK1F8587
429,2298,1567712293790,1567712296088,1DK1HLV6T
429,1091,1567712295057,1567712296148,1DK1JC52M
429,2536,1567712294123,1567712296659,1DK1H520B
429,6698,1567712290190,1567712296888,1DK1NQAMA
429,4906,1567712291990,1567712296896,1DK1KTP3V
429,1396,1567712295657,1567712297053,1DK1GV4G1
429,1237,1567712296125,1567712297362,1DK1IU7L2
429,1147,1567712296590,1567712297737,1DK1G14FU
200,27718,1567712270390,1567712298108,1DK1GC62M
429,2152,1567712295990,1567712298142,1DK1N3JP7
429,1219,1567712296923,1567712298142,1DK1KQPM0
429,6397,1567712292190,1567712298587,1DK1JLKDK
200,25899,1567712272790,1567712298689,1DK1J4B40
429,605,1567712298857,1567712299462,1DK1NOLGV
429,1313,1567712298390,1567712299703,1DK1JOTID
429,884,1567712299190,1567712300074,1DK1HQH4C
429,629,1567712299457,1567712300086,1DK1IF9VR
429,603,1567712299657,1567712300260,1DK1F64EQ
429,2377,1567712298057,1567712300434,1DK1FK0HF
429,2244,1567712298190,1567712300434,1DK1LIROT
429,1107,1567712299390,1567712300497,1DK1EVDLA
429,5927,1567712294657,1567712300584,1DK1HMK7U
429,4533,1567712296057,1567712300590,1DK1JI0VL
429,683,1567712300057,1567712300740,1DK1IUEKA
429,807,1567712300390,1567712301197,1DK1JNDAS
429,528,1567712300923,1567712301451,1DK1M7DEA
429,728,1567712300723,1567712301451,1DK1IN7A3
429,1435,1567712300123,1567712301558,1DK1INGTF
429,1184,1567712300857,1567712302041,1DK1F0KR3
429,1052,1567712301190,1567712302242,1DK1JCLRA
429,895,1567712301390,1567712302285,1DK1I131I
429,828,1567712301723,1567712302551,1DK1N8HKN
429,7107,1567712295590,1567712302697,1DK1FH7MS
429,1444,1567712301257,1567712302701,1DK1MU6OG
429,761,1567712302190,1567712302951,1DK1MSDKH
429,4503,1567712298523,1567712303026,1DK1JJM35
429,4370,1567712298657,1567712303027,1DK1LE5ED
429,2571,1567712300457,1567712303028,1DK1F3QB5
429,1113,1567712302390,1567712303503,1DK1GA5UK
429,628,1567712303057,1567712303685,1DK1IEK9K
429,1605,1567712302657,1567712304262,1DK1MEE4N
429,1406,1567712302857,1567712304263,1DK1KV8SA
429,5377,1567712299057,1567712304434,1DK1KAGLT
429,4444,1567712299990,1567712304434,1DK1GQJRJ
429,406,1567712304123,1567712304529,1DK1LHT29
429,4994,1567712300554,1567712305548,1DK1OCVD9
429,4952,1567712300596,1567712305548,1DK1JFSK1
429,4028,1567712301523,1567712305551,1DK1J626D
429,2629,1567712302923,1567712305552,1DK1N0DGL
429,2563,1567712302990,1567712305553,1DK1ODQIU
200,25359,1567712281123,1567712306482,1DK1IKQF4
429,1445,1567712305190,1567712306635,1DK1G2L3E
429,1795,1567712304990,1567712306785,1DK1KP0HA
429,898,1567712306123,1567712307021,1DK1GOV6I
429,1071,1567712305990,1567712307061,1DK1FP82K
429,1187,1567712305923,1567712307110,1DK1HH7E0
429,1253,1567712305857,1567712307110,1DK1F3RNU
429,3913,1567712303523,1567712307436,1DK1G9M1G
429,992,1567712306656,1567712307648,1DK1GH75L
429,3466,1567712304456,1567712307922,1DK1L7EL3
200,26653,1567712281325,1567712307978,1DK1LP3Q6
200,26599,1567712281457,1567712308056,1DK1JH1SV
429,1643,1567712306790,1567712308433,1DK1H035I
429,1612,1567712306923,1567712308535,1DK1NMQUA
429,1548,1567712306990,1567712308538,1DK1EVLT7
429,3945,1567712304923,1567712308868,1DK1MH8FN
200,28292,1567712280590,1567712308882,1DK1GCFIG
429,2231,1567712306723,1567712308954,1DK1FGFAF
429,2283,1567712307056,1567712309339,1DK1H8PF8
429,437,1567712308923,1567712309360,1DK1KDRE2
429,6310,1567712303190,1567712309500,1DK1MFMH1
429,4052,1567712305456,1567712309508,1DK1HMU5O
429,3986,1567712305523,1567712309509,1DK1LLB22
429,1644,1567712307923,1567712309567,1DK1LAMQM
429,2422,1567712307390,1567712309812,1DK1O0QL6
429,1966,1567712308456,1567712310422,1DK1HJND5
429,1228,1567712309390,1567712310618,1DK1J3JF2
429,628,1567712309990,1567712310618,1DK1G1ROK
429,1299,1567712309656,1567712310955,1DK1GM2SC
429,1432,1567712309523,1567712310955,1DK1LPNNF
429,2141,1567712308856,1567712310997,1DK1F9P6E
200,27275,1567712284257,1567712311532,1DK1GD6SC
429,2896,1567712308790,1567712311686,1DK1MK4VO
429,1597,1567712310523,1567712312120,1DK1FVAIL
429,6547,1567712305590,1567712312137,1DK1LQEEF
429,6481,1567712305656,1567712312137,1DK1KI34P
429,4414,1567712307723,1567712312137,1DK1I1IDL
429,3614,1567712308523,1567712312137,1DK1OD3JK
429,3356,1567712309256,1567712312612,1DK1G84ED
429,3297,1567712309323,1567712312620,1DK1MG6E8
429,2923,1567712310390,1567712313313,1DK1MPPRR
429,1458,1567712311856,1567712313314,1DK1M54ML
429,3802,1567712310056,1567712313858,1DK1LRN3I
429,1770,1567712312123,1567712313893,1DK1NMDKK
429,1304,1567712312590,1567712313894,1DK1M612J
429,1371,1567712312523,1567712313894,1DK1NI8DP
429,4241,1567712309723,1567712313964,1DK1H7G9Q
429,794,1567712313590,1567712314384,1DK1NRDIQ
429,6972,1567712307590,1567712314562,1DK1MKGRH
429,6707,1567712307856,1567712314563,1DK1OB81O
429,6308,1567712308256,1567712314564,1DK1N5DIJ
429,3574,1567712310990,1567712314564,1DK1H4OJQ
429,4796,1567712309857,1567712314653,1DK1LEGAT
429,3797,1567712310856,1567712314653,1DK1KL19J
429,2565,1567712312456,1567712315021,1DK1KEG30
429,2471,1567712312992,1567712315463,1DK1L5A7L
429,2673,1567712312790,1567712315463,1DK1GERV9
429,714,1567712314923,1567712315637,1DK1G2K4E
429,1475,1567712314256,1567712315731,1DK1IBTSO
429,892,1567712315256,1567712316148,1DK1O4RVA
429,3083,1567712313256,1567712316339,1DK1KP93D
429,555,1567712315990,1567712316545,1DK1OC51N
429,1719,1567712314990,1567712316709,1DK1MAD43
429,4187,1567712312656,1567712316843,1DK1HFM9U
429,4520,1567712312323,1567712316843,1DK1GE4BJ
429,3920,1567712312923,1567712316843,1DK1LCO42
429,808,1567712316056,1567712316864,1DK1JUFBH
429,1639,1567712315923,1567712317562,1DK1FIT5E
429,3769,1567712314123,1567712317892,1DK1MB1N8
429,5136,1567712312856,1567712317992,1DK1O4ENI
429,855,1567712317523,1567712318378,1DK1L1TRU
429,3156,1567712315723,1567712318879,1DK1IH4S5
429,2224,1567712316656,1567712318880,1DK1II007
429,7275,1567712311990,1567712319265,1DK1H1FE6
429,2567,1567712316856,1567712319423,1DK1MPER1
429,2701,1567712316723,1567712319424,1DK1KLQLA
429,3045,1567712316390,1567712319435,1DK1IL1R2
429,548,1567712318990,1567712319538,1DK1N7832
429,682,1567712318856,1567712319538,1DK1HUN6J
429,1960,1567712317656,1567712319616,1DK1M0FQL
429,4245,1567712315390,1567712319635,1DK1N2IJC
429,5856,1567712313790,1567712319646,1DK1IP1F6
429,5724,1567712313923,1567712319647,1DK1FF3Q9
429,5657,1567712313990,1567712319647,1DK1N468B
429,5598,1567712314056,1567712319654,1DK1F8VFB
429,4599,1567712315056,1567712319655,1DK1KPEPK
429,4199,1567712315456,1567712319655,1DK1O2UUT
429,4336,1567712315523,1567712319859,1DK1I2I89
429,2002,1567712317857,1567712319859,1DK1L9UOG
429,3270,1567712316590,1567712319860,1DK1G6S7L
429,1737,1567712318123,1567712319860,1DK1KLT9V
429,1878,1567712318056,1567712319934,1DK1N0LDD
429,3411,1567712316523,1567712319934,1DK1N00ER
429,4053,1567712316123,1567712320176,1DK1KEVNJ
429,2151,1567712318523,1567712320674,1DK1MUNBH
429,2315,1567712318723,1567712321038,1DK1O2RGQ
429,1575,1567712320323,1567712321898,1DK1F2BFV
429,1909,1567712319990,1567712321899,1DK1NRLS2
429,2785,1567712319323,1567712322108,1DK1NC2S9
429,4323,1567712318190,1567712322513,1DK1M3HD6
429,8317,1567712314592,1567712322909,1DK1L540C
429,8185,1567712314724,1567712322909,1DK1ID1H6
429,8253,1567712314656,1567712322909,1DK1LEGVG
429,8453,1567712314456,1567712322910,1DK1GLETS
429,8363,1567712314547,1567712322910,1DK1K9162
429,8054,1567712314856,1567712322910,1DK1FL872
429,5188,1567712317723,1567712322911,1DK1IJNPR
429,3148,1567712319923,1567712323071,1DK1FRQ28
429,2947,1567712320125,1567712323072,1DK1MQ2QK
429,3432,1567712320456,1567712323888,1DK1G4UJA
429,3165,1567712320723,1567712323888,1DK1LGGQR
429,3013,1567712320923,1567712323936,1DK1M7UH9
429,4145,1567712319856,1567712324001,1DK1NE344
429,2479,1567712321590,1567712324069,1DK1K5R53
429,3344,1567712321456,1567712324800,1DK1FJBB8
429,5723,1567712319123,1567712324846,1DK1F0R78
429,2482,1567712322390,1567712324872,1DK1K9LNP
429,5796,1567712319190,1567712324986,1DK1ISD6I
429,5530,1567712319456,1567712324986,1DK1F1NGB
429,3573,1567712322123,1567712325696,1DK1MK5L5
429,5670,1567712320590,1567712326260,1DK1JPQPU
429,4967,1567712321390,1567712326357,1DK1JV2V7
429,3562,1567712323056,1567712326618,1DK1ISGVP
429,3888,1567712322790,1567712326678,1DK1L1017
429,2636,1567712324190,1567712326826,1DK1GHNIQ
429,510,1567712326323,1567712326833,1DK1J5HI0
429,4920,1567712322056,1567712326976,1DK1MBT35
429,3863,1567712323123,1567712326986,1DK1N0JKS
429,4497,1567712323256,1567712327753,1DK1GFU6E
429,2697,1567712325056,1567712327753,1DK1LBD4O
429,4138,1567712323723,1567712327861,1DK1MOVTT
429,8298,1567712319590,1567712327888,1DK1LRS66
429,9233,1567712318656,1567712327889,1DK1LNBMR
429,8234,1567712319656,1567712327890,1DK1L59TC
429,7700,1567712320190,1567712327890,1DK1FAAPC
429,7235,1567712320656,1567712327891,1DK1K98O4
429,7101,1567712320790,1567712327891,1DK1FRN1C
429,6634,1567712321257,1567712327891,1DK1FKDC0
429,6174,1567712321723,1567712327897,1DK1FH37A
429,5830,1567712322256,1567712328086,1DK1IKS2M
429,5503,1567712322590,1567712328093,1DK1IL2KH
429,2163,1567712326523,1567712328686,1DK1JBQUB
429,6990,1567712321790,1567712328780,1DK1M4E6U
429,6925,1567712321856,1567712328781,1DK1KI3Q7
429,6859,1567712321923,1567712328782,1DK1GTCFN
429,6260,1567712322523,1567712328783,1DK1JKE1H
429,2695,1567712326256,1567712328951,1DK1HNH5L
429,1813,1567712327456,1567712329269,1DK1N1U2E
429,2365,1567712328124,1567712330489,1DK1FJMRS
429,3313,1567712327590,1567712330903,1DK1G54HO
429,3153,1567712327990,1567712331143,1DK1LMUPV
429,3545,1567712327656,1567712331201,1DK1LQ969
429,4381,1567712326923,1567712331304,1DK1MBUC4
429,3581,1567712327723,1567712331304,1DK1NP72G
429,2644,1567712329256,1567712331900,1DK1JQ3Q7
429,8049,1567712323856,1567712331905,1DK1IIC08
429,6786,1567712325123,1567712331909,1DK1HT57E
429,1456,1567712330523,1567712331979,1DK1F5P4V
429,7870,1567712324256,1567712332126,1DK1IST6A
429,1208,1567712331390,1567712332598,1DK1GNAFH
429,5051,1567712327790,1567712332841,1DK1O4E08
429,5726,1567712327123,1567712332849,1DK1NFMCS
429,5659,1567712327190,1567712332849,1DK1HGU1G
429,5526,1567712327323,1567712332849,1DK1FCSI8
429,4396,1567712328456,1567712332852,1DK1L29IB
429,4463,1567712328390,1567712332853,1DK1HVUD2
429,5597,1567712327256,1567712332853,1DK1G9FDN
429,1752,1567712331590,1567712333342,1DK1N5DEE
429,906,1567712332523,1567712333429,1DK1LI52S
429,1043,1567712332723,1567712333766,1DK1NPTV2
429,7208,1567712326590,1567712333798,1DK1HS402
429,7955,1567712326056,1567712334011,1DK1NRM32
429,6148,1567712327923,1567712334071,1DK1G7EQD
429,4548,1567712329523,1567712334071,1DK1JSOTO
429,1712,1567712332390,1567712334102,1DK1HU7DK
429,4314,1567712330323,1567712334637,1DK1N4D73
429,2639,1567712332323,1567712334962,1DK1KO6E7
429,855,1567712334523,1567712335378,1DK1GOK8V
429,5669,1567712330056,1567712335725,1DK1IS7KD
429,858,1567712334924,1567712335782,1DK1HQ6A8
429,4687,1567712331190,1567712335877,1DK1HNI81
429,779,1567712335323,1567712336102,1DK1IGGLD
429,4454,1567712331856,1567712336310,1DK1KL8F7
429,3654,1567712332656,1567712336310,1DK1LJ77K
429,5572,1567712331256,1567712336828,1DK1LV8G8
429,5505,1567712331323,1567712336828,1DK1FQD4A
429,2907,1567712333923,1567712336830,1DK1KKGBJ
429,7871,1567712329056,1567712336927,1DK1J4CFU
429,5872,1567712331056,1567712336928,1DK1NKH79
429,1505,1567712335656,1567712337161,1DK1MAEU3
429,4457,1567712333256,1567712337713,1DK1GM0CG
429,6246,1567712332456,1567712338702,1DK1IA33R
429,10274,1567712328723,1567712338997,1DK1FV0KV
429,10207,1567712328790,1567712338997,1DK1GEQG8
429,10081,1567712328923,1567712339004,1DK1JL347
429,4505,1567712334590,1567712339095,1DK1M2O8Q
429,4310,1567712334792,1567712339102,1DK1F8H12
429,3069,1567712336056,1567712339125,1DK1L66MM
429,1542,1567712337589,1567712339131,1DK1N6JND
429,1143,1567712337989,1567712339132,1DK1L3FVV
429,910,1567712338256,1567712339166,1DK1LJ8K4
429,5364,1567712333990,1567712339354,1DK1G2PTC
429,5564,1567712333790,1567712339354,1DK1G0R22
429,4698,1567712334656,1567712339354,1DK1NGE4U
429,3632,1567712335723,1567712339355,1DK1H4BSD
429,1777,1567712338523,1567712340300,1DK1N3HA1
429,1444,1567712338856,1567712340300,1DK1N6DTJ
429,7456,1567712332856,1567712340312,1DK1IMJNN
429,7331,1567712332990,1567712340321,1DK1IBDKC
429,8266,1567712332056,1567712340322,1DK1IUUVH
429,7267,1567712333056,1567712340323,1DK1FM0UM
429,7533,1567712332790,1567712340323,1DK1L48GT
429,7475,1567712333856,1567712341331,1DK1I22NB
429,4992,1567712336456,1567712341448,1DK1LQOS7
429,5060,1567712336389,1567712341449,1DK1GFEMD
429,5193,1567712336256,1567712341449,1DK1OCM5N
429,3998,1567712337656,1567712341654,1DK1KODPC
429,5671,1567712336791,1567712342462,1DK1JL1HD
429,5606,1567712336856,1567712342462,1DK1O52LE
429,2710,1567712340789,1567712343499,1DK1LQL49
429,2376,1567712341123,1567712343499,1DK1ILK0Q
429,2310,1567712341189,1567712343499,1DK1IUITE
429,4740,1567712338989,1567712343729,1DK1MQD19
429,4811,1567712339056,1567712343867,1DK1NNUUB
429,4011,1567712339856,1567712343867,1DK1N2HLH
429,2078,1567712341789,1567712343867,1DK1L56UG
429,2945,1567712340923,1567712343868,1DK1MOH8U
429,5214,1567712338656,1567712343870,1DK1NE8PS
429,1096,1567712342789,1567712343885,1DK1G78LL
429,7186,1567712336723,1567712343909,1DK1H6K9U
429,1284,1567712343456,1567712344740,1DK1OC93A
429,278,1567712345189,1567712345467,1DK1JA6OG
429,5035,1567712340457,1567712345492,1DK1ME76C
429,4043,1567712341656,1567712345699,1DK1IBKCG
429,10392,1567712335789,1567712346181,1DK1KTB72
429,9267,1567712336923,1567712346190,1DK1K8T3A
429,1578,1567712344856,1567712346434,1DK1JE8HV
429,4098,1567712342389,1567712346487,1DK1JBUNC
429,3322,1567712343389,1567712346711,1DK1HFR5O
429,6279,1567712340989,1567712347268,1DK1LH9KN
429,7279,1567712339990,1567712347269,1DK1KJLS4
429,5146,1567712342123,1567712347269,1DK1O7QRA
429,762,1567712346656,1567712347418,1DK1M3KJL
429,1583,1567712346123,1567712347706,1DK1KFQA0
429,1183,1567712346523,1567712347706,1DK1J31KU
429,13689,1567712334190,1567712347879,1DK1MD5LL
429,8771,1567712339190,1567712347961,1DK1HICA9
429,8307,1567712339656,1567712347963,1DK1MT8GN
429,8245,1567712339723,1567712347968,1DK1HR7JD
429,8512,1567712339456,1567712347968,1DK1LAUFO
429,5046,1567712342923,1567712347969,1DK1NJD20
429,4980,1567712342989,1567712347969,1DK1JNI32
429,4914,1567712343056,1567712347970,1DK1IPS2O
429,4847,1567712343123,1567712347970,1DK1M0V80
429,4782,1567712343189,1567712347971,1DK1M47IS
429,4448,1567712343523,1567712347971,1DK1HS259
429,3315,1567712344656,1567712347971,1DK1KI8V4
429,4353,1567712343790,1567712348143,1DK1L8UN8
429,4222,1567712343923,1567712348145,1DK1NTR4I
429,1491,1567712346923,1567712348414,1DK1L7A9G
429,4297,1567712344256,1567712348553,1DK1I9909
429,4431,1567712344123,1567712348554,1DK1FDA9K
429,4165,1567712344389,1567712348554,1DK1M0TG1
429,8325,1567712340323,1567712348648,1DK1MU6F1
429,2614,1567712346323,1567712348937,1DK1GSK9L
200,8214,1567712341589,1567712349803,1DK1HGRTM
429,4200,1567712345656,1567712349856,1DK1ICHJB
429,4134,1567712345723,1567712349857,1DK1N654S
429,11867,1567712338190,1567712350057,1DK1FTSGF
429,11674,1567712338389,1567712350063,1DK1NMFS9
429,4258,1567712345856,1567712350114,1DK1LAC63
429,1796,1567712348389,1567712350185,1DK1H6GN2
429,1330,1567712348856,1567712350186,1DK1GHJAS
429,2930,1567712347256,1567712350186,1DK1NSDUK
429,1463,1567712348723,1567712350186,1DK1I7FUA
429,3121,1567712347389,1567712350510,1DK1FSEFI
429,5341,1567712346056,1567712351397,1DK1FUHGO
429,7233,1567712344190,1567712351423,1DK1F7R9E
429,6500,1567712344923,1567712351423,1DK1L1PRE
429,1743,1567712349789,1567712351532,1DK1LO2KV
429,1543,1567712349989,1567712351532,1DK1NCA86
429,7576,1567712344056,1567712351632,1DK1K5DQH
429,7776,1567712343856,1567712351632,1DK1F5KJK
429,4777,1567712346856,1567712351633,1DK1J3345
429,4739,1567712347323,1567712352062,1DK1HGMR1
429,1836,1567712350456,1567712352292,1DK1FRFQ7
429,13844,1567712338589,1567712352433,1DK1NQOK2
429,12644,1567712339789,1567712352433,1DK1LA34U
429,13711,1567712338723,1567712352434,1DK1OGJ5G
429,12911,1567712339523,1567712352434,1DK1GTS7L
429,10511,1567712341923,1567712352434,1DK1HFKLI
429,10446,1567712341989,1567712352435,1DK1LODD4
429,9847,1567712342589,1567712352436,1DK1GVEP8
429,4585,1567712347856,1567712352441,1DK1NQ0HB
429,5652,1567712346789,1567712352441,1DK1N42MH
429,5829,1567712346723,1567712352552,1DK1N8U3G
429,6963,1567712345589,1567712352552,1DK1N490E
429,6630,1567712345923,1567712352553,1DK1NBLMH
429,822,1567712351856,1567712352678,1DK1HQ8RO
429,420,1567712352258,1567712352678,1DK1O6ENM
429,5370,1567712347523,1567712352893,1DK1LEJMV
429,4437,1567712348456,1567712352893,1DK1HU9N8
429,5238,1567712347656,1567712352894,1DK1IRPQS
429,5305,1567712347589,1567712352894,1DK1HF5CI
429,4105,1567712348789,1567712352894,1DK1I4RV9
429,4238,1567712348656,1567712352894,1DK1LNUVE
429,2793,1567712350325,1567712353118,1DK1N9KML
429,1196,1567712352191,1567712353387,1DK1NS3VF
429,7275,1567712346389,1567712353664,1DK1IA9LB
429,395,1567712353389,1567712353784,1DK1K5VRG
429,1387,1567712352456,1567712353843,1DK1HR2OG
429,2520,1567712351323,1567712353843,1DK1KOHGK
429,2187,1567712351656,1567712353843,1DK1LI780
429,4932,1567712348923,1567712353855,1DK1F6V7L
429,1336,1567712352523,1567712353859,1DK1N06TM
429,204,1567712353656,1567712353860,1DK1H9HDS
429,6838,1567712347056,1567712353894,1DK1KG6TF
429,6772,1567712347123,1567712353895,1DK1KUHDC
429,5772,1567712348123,1567712353895,1DK1JG46C
429,5645,1567712348256,1567712353901,1DK1JKKG9
429,6913,1567712346989,1567712353902,1DK1JBDHB
429,5713,1567712348189,1567712353902,1DK1JF9FU
429,5913,1567712347989,1567712353902,1DK1M095A
429,5380,1567712348523,1567712353903,1DK1MPVG1
429,4914,1567712348989,1567712353903,1DK1GKCGC
429,4647,1567712349256,1567712353903,1DK1L964A
429,4188,1567712349723,1567712353911,1DK1LC0AJ
429,4255,1567712349656,1567712353911,1DK1O6VMO
429,2855,1567712351056,1567712353911,1DK1L7402
429,480,1567712353723,1567712354203,1DK1KKTCU
429,5301,1567712349323,1567712354624,1DK1HPIGJ
429,1657,1567712353189,1567712354846,1DK1G6UME
429,1594,1567712353256,1567712354850,1DK1FD95V
429,1486,1567712353589,1567712355075,1DK1O55RS
429,5011,1567712351123,1567712356134,1DK1G2C81
429,8369,1567712348589,1567712356958,1DK1JCET9
429,7503,1567712349456,1567712356959,1DK1LE8KA
429,7436,1567712349523,1567712356959,1DK1FI36C
429,5970,1567712350989,1567712356959,1DK1JAL9K
429,7102,1567712349857,1567712356959,1DK1FNGUA
429,1685,1567712355323,1567712357008,1DK1LPNOV
429,10910,1567712346456,1567712357366,1DK1INEL2
429,9577,1567712347790,1567712357367,1DK1HGEAU
429,1174,1567712356256,1567712357430,1DK1FV45C
429,1907,1567712355523,1567712357430,1DK1ODT28
429,2163,1567712355789,1567712357952,1DK1GF34H
429,638,1567712357589,1567712358227,1DK1O26ER
429,1475,1567712357123,1567712358598,1DK1K9BSH
429,1676,1567712356923,1567712358599,1DK1MMVP4
429,5644,1567712352989,1567712358633,1DK1GSBGO
429,5110,1567712353523,1567712358633,1DK1JM7F5
429,4106,1567712354656,1567712358762,1DK1F3B2N
429,4330,1567712354523,1567712358853,1DK1GBKSG
429,4064,1567712354789,1567712358853,1DK1MCAQU
429,7269,1567712351589,1567712358858,1DK1KFA69
429,5934,1567712352924,1567712358858,1DK1KT4AJ
429,1744,1567712357256,1567712359000,1DK1J6TJ1
429,3041,1567712355989,1567712359030,1DK1HRR15
429,3907,1567712355123,1567712359030,1DK1J2KPS
429,7313,1567712351789,1567712359102,1DK1L78NI
429,6981,1567712352123,1567712359104,1DK1NCU4H
429,500,1567712358923,1567712359423,1DK1JTQO0
429,567,1567712358856,1567712359423,1DK1J0M7O
429,1367,1567712358056,1567712359423,1DK1O7O8I
429,1111,1567712359189,1567712360300,1DK1HRHB2
429,777,1567712359523,1567712360300,1DK1KLFQT
429,6718,1567712353856,1567712360574,1DK1JQ32B
429,6586,1567712353989,1567712360575,1DK1FR0NJ
429,6520,1567712354056,1567712360576,1DK1GHJMH
429,7520,1567712353056,1567712360576,1DK1IKA4L
429,6453,1567712354123,1567712360576,1DK1I70CT
429,7460,1567712353123,1567712360583,1DK1HK6DL
429,6394,1567712354189,1567712360583,1DK1NDL62
429,6126,1567712354457,1567712360583,1DK1LOPVN
429,6194,1567712354389,1567712360583,1DK1GF5CV
429,6260,1567712354323,1567712360583,1DK1NHG2H
429,5994,1567712354589,1567712360583,1DK1FG3PE
429,4728,1567712355856,1567712360584,1DK1FHEEP
429,3729,1567712356856,1567712360585,1DK1JS48M
429,3596,1567712356989,1567712360585,1DK1H2HMB
429,2596,1567712357989,1567712360585,1DK1N4VVQ
429,3396,1567712357189,1567712360585,1DK1MMNQO
429,1990,1567712358723,1567712360713,1DK1I8PUV
429,5046,1567712356056,1567712361102,1DK1FODU5
429,5646,1567712355456,1567712361102,1DK1HNUNE
429,4646,1567712356456,1567712361102,1DK1F5UGQ
429,12267,1567712349056,1567712361323,1DK1N54VO
429,9401,1567712351923,1567712361324,1DK1KNEP9
429,11737,1567712349589,1567712361326,1DK1FEPUV
429,3042,1567712358389,1567712361431,1DK1GR18Q
429,3175,1567712358256,1567712361431,1DK1K4QTQ
429,746,1567712361189,1567712361935,1DK1M6LJH
429,9553,1567712352391,1567712361944,1DK1G1P3O
429,11915,1567712350523,1567712362438,1DK1FH21S
429,11849,1567712350589,1567712362438,1DK1HQ8LH
429,11783,1567712350656,1567712362439,1DK1H2B63
429,11516,1567712350923,1567712362439,1DK1IUB8T
429,11717,1567712350723,1567712362440,1DK1OGQCA
429,10120,1567712352791,1567712362911,1DK1O7DM4
429,8988,1567712353923,1567712362911,1DK1HNI38
429,7922,1567712354989,1567712362911,1DK1GCTSA
429,963,1567712361989,1567712362952,1DK1LI4PB
429,4762,1567712358589,1567712363351,1DK1OH941
429,4695,1567712358656,1567712363351,1DK1FRTG3
429,4363,1567712358989,1567712363352,1DK1I0201
429,377,1567712362989,1567712363366,1DK1KAO9G
429,578,1567712362789,1567712363367,1DK1MJ89E
429,5535,1567712358189,1567712363724,1DK1GACM0
429,5113,1567712358789,1567712363902,1DK1GG9QV
429,5980,1567712357923,1567712363903,1DK1H4981
429,5780,1567712358123,1567712363903,1DK1L3HRS
429,708,1567712363258,1567712363966,1DK1MD3DD
429,8274,1567712356323,1567712364597,1DK1LH8OS
429,7131,1567712357723,1567712364854,1DK1MBQHE
429,8265,1567712356589,1567712364854,1DK1L90RA
429,937,1567712363923,1567712364860,1DK1NV6TV
429,13477,1567712351523,1567712365000,1DK1OBV79
429,13283,1567712351723,1567712365006,1DK1GC1RV
429,10084,1567712354923,1567712365007,1DK1FTCQ9
429,9818,1567712355189,1567712365007,1DK1IR3AB
429,4815,1567712360192,1567712365007,1DK1JRVCL
429,8884,1567712356123,1567712365007,1DK1I6B51
429,4535,1567712360523,1567712365058,1DK1G6CSN
429,4336,1567712360723,1567712365059,1DK1H80FO
429,5271,1567712359789,1567712365060,1DK1OB8VP
429,4204,1567712360856,1567712365060,1DK1H1L0A
429,5205,1567712359856,1567712365061,1DK1MM9RR
429,4138,1567712360923,1567712365061,1DK1HQ9BH
429,4073,1567712360989,1567712365062,1DK1G0D6P
429,5346,1567712359723,1567712365069,1DK1MSD64
429,4013,1567712361056,1567712365069,1DK1JCU0U
429,3946,1567712361123,1567712365069,1DK1KEF71
429,4947,1567712360123,1567712365070,1DK1IHPHT
429,3814,1567712361256,1567712365070,1DK1MFKGE
429,4815,1567712360256,1567712365071,1DK1JF8SI
429,3748,1567712361323,1567712365071,1DK1NRRDE
429,3489,1567712361589,1567712365078,1DK1ITJI0
429,4489,1567712360589,1567712365078,1DK1OCRVS
429,3023,1567712362056,1567712365079,1DK1MGQV2
429,1756,1567712363323,1567712365079,1DK1GEL0B
429,2756,1567712362323,1567712365079,1DK1G1UDD
429,1624,1567712363456,1567712365080,1DK1NB1N2
429,2825,1567712362256,1567712365081,1DK1NUBI0
429,4623,1567712360656,1567712365279,1DK1HDR19
429,3623,1567712361656,1567712365279,1DK1JFT6G
429,9189,1567712356189,1567712365378,1DK1IV2H9
429,8722,1567712356656,1567712365378,1DK1MT1KM
429,5823,1567712360323,1567712366146,1DK1KRJEO
429,6601,1567712359672,1567712366273,1DK1GFQ96
429,7133,1567712359323,1567712366456,1DK1J05UQ
429,6868,1567712359589,1567712366457,1DK1K4N2D
429,2068,1567712364723,1567712366791,1DK1IFQ5Q
429,1943,1567712365256,1567712367199,1DK1MEP0M
429,4928,1567712362456,1567712367384,1DK1OE92N
429,4261,1567712363123,1567712367384,1DK1LSMP3
429,3680,1567712363723,1567712367403,1DK1G9LB0
429,3347,1567712364323,1567712367670,1DK1N9H6R
429,1917,1567712366189,1567712368106,1DK1N8BPP
429,4411,1567712363856,1567712368267,1DK1FS1HC
429,3145,1567712365123,1567712368268,1DK1F9GJN
429,4718,1567712363656,1567712368374,1DK1MNR2G
429,4585,1567712363789,1567712368374,1DK1MS7B8
429,5785,1567712362589,1567712368374,1DK1IM104
429,5518,1567712362856,1567712368374,1DK1J1GHR
429,4386,1567712363989,1567712368375,1DK1GS6BI
429,628,1567712368056,1567712368684,1DK1HTIC3
429,4174,1567712364523,1567712368697,1DK1NTJI1
429,3555,1567712365589,1567712369144,1DK1H0N1O
429,2888,1567712366256,1567712369144,1DK1JFUNJ
429,2555,1567712366589,1567712369144,1DK1HU8EK
429,5249,1567712364123,1567712369372,1DK1F5QIF
429,6184,1567712363189,1567712369373,1DK1L2C6N
429,5984,1567712363389,1567712369373,1DK1OBBFQ
429,5319,1567712364056,1567712369375,1DK1JEMGS
429,5187,1567712364189,1567712369376,1DK1HK3NL
429,4326,1567712365056,1567712369382,1DK1KEP67
429,3727,1567712365656,1567712369383,1DK1IPUTD
429,4461,1567712364923,1567712369384,1DK1LD81U
429,3062,1567712366323,1567712369385,1DK1NKTFE
429,2329,1567712367056,1567712369385,1DK1JGG52
429,1804,1567712367589,1567712369393,1DK1J8RL0
429,2937,1567712366456,1567712369393,1DK1ICEJ4
429,3150,1567712366389,1567712369539,1DK1H3RGU
429,6907,1567712362723,1567712369630,1DK1I7BM1
429,7507,1567712362123,1567712369630,1DK1M0PKU
429,976,1567712368723,1567712369699,1DK1FKSAI
429,4051,1567712366056,1567712370107,1DK1JAMLS
429,8203,1567712361923,1567712370126,1DK1ITCAT
429,8270,1567712361856,1567712370126,1DK1J4TAQ
429,8564,1567712361723,1567712370287,1DK1J3HMA
429,5204,1567712365189,1567712370393,1DK1GCTPU
429,3229,1567712367189,1567712370418,1DK1KNOP3
429,3295,1567712367123,1567712370418,1DK1OAKCL
429,5897,1567712364589,1567712370486,1DK1MJEAT
429,5830,1567712364656,1567712370486,1DK1O45NM
429,3344,1567712367389,1567712370733,1DK1INO71
429,3410,1567712367323,1567712370733,1DK1LS1K5
429,3077,1567712367656,1567712370733,1DK1OAQ8E
429,3876,1567712366857,1567712370733,1DK1L01PG
429,3297,1567712368189,1567712371486,1DK1FNFHH
429,2963,1567712368523,1567712371486,1DK1F2SAS
429,1964,1567712369522,1567712371486,1DK1KALMD
429,6307,1567712365323,1567712371630,1DK1KVNAS
429,6241,1567712365390,1567712371631,1DK1ME2OB
429,6175,1567712365456,1567712371631,1DK1FPJ45
429,7175,1567712364456,1567712371631,1DK1IGDEC
429,6109,1567712365523,1567712371632,1DK1HF14M
429,5909,1567712365723,1567712371632,1DK1L4USH
429,5844,1567712365789,1567712371633,1DK1F1J4V
429,5710,1567712365923,1567712371633,1DK1GF81V
429,5115,1567712366523,1567712371638,1DK1JHBQA
429,3649,1567712367989,1567712371638,1DK1M3UOT
429,1864,1567712370256,1567712372120,1DK1HRUCK
429,1598,1567712370522,1567712372120,1DK1LLMOQ
429,7935,1567712364389,1567712372324,1DK1F8CE3
429,10161,1567712362189,1567712372350,1DK1HS1M0
429,4685,1567712367922,1567712372607,1DK1LH4ST
429,5351,1567712367256,1567712372607,1DK1FNO8S
429,5818,1567712366789,1567712372607,1DK1JD60J
429,4873,1567712368123,1567712372996,1DK1J95LF
429,3874,1567712369122,1567712372996,1DK1KEE0C
429,3807,1567712369189,1567712372996,1DK1NGH0V
429,2905,1567712370123,1567712373028,1DK1MIVRR
429,5393,1567712367723,1567712373116,1DK1FCHG5
429,5196,1567712368389,1567712373585,1DK1JU74R
429,4797,1567712368789,1567712373586,1DK1LMPOD
429,5330,1567712368256,1567712373586,1DK1NS1UO
429,4263,1567712369323,1567712373586,1DK1NL3OL
429,5282,1567712368323,1567712373605,1DK1FQMBN
429,4150,1567712369456,1567712373606,1DK1NL9OC
429,4214,1567712369392,1567712373606,1DK1ITVT5
429,4023,1567712369589,1567712373612,1DK1GABQP
429,3890,1567712369723,1567712373613,1DK1KRDOK
429,3957,1567712369656,1567712373613,1DK1HF37U
429,2558,1567712371056,1567712373614,1DK1LB3BT
429,2225,1567712371389,1567712373614,1DK1G4LQL
429,3225,1567712370389,1567712373614,1DK1MFVCR
429,2292,1567712371322,1567712373614,1DK1MKOK5
429,2158,1567712371456,1567712373614,1DK1M7FJT
429,1826,1567712371789,1567712373615,1DK1M1MHA
429,2826,1567712370789,1567712373615,1DK1HBJ2B
429,2626,1567712370989,1567712373615,1DK1OAUAL
429,2693,1567712370922,1567712373615,1DK1NHHM6
429,995,1567712373189,1567712374184,1DK1MMPRO
429,2129,1567712372056,1567712374185,1DK1OGILD
429,2680,1567712371923,1567712374603,1DK1JDMK1
429,2080,1567712372523,1567712374603,1DK1LKJP6
429,3347,1567712371256,1567712374603,1DK1K7JE6
429,6245,1567712368589,1567712374834,1DK1FLLBH
429,5845,1567712368989,1567712374834,1DK1HV8T5
429,5912,1567712368923,1567712374835,1DK1FOM75
429,1045,1567712374189,1567712375234,1DK1M0N02
429,3285,1567712372421,1567712375706,1DK1MB5G2
429,3242,1567712372465,1567712375707,1DK1IFO5Q
429,1919,1567712373789,1567712375708,1DK1H2OAT
429,5571,1567712370323,1567712375894,1DK1L169N
429,5406,1567712370722,1567712376128,1DK1L9O47
429,5473,1567712370656,1567712376129,1DK1GFVIQ
429,5771,1567712370456,1567712376227,1DK1MMMQ5
429,4961,1567712371522,1567712376483,1DK1MN6NL
429,4825,1567712371658,1567712376483,1DK1O9V7A
429,1695,1567712375256,1567712376951,1DK1M8DNK
429,2514,1567712374523,1567712377037,1DK1GKIMM
429,3982,1567712373056,1567712377038,1DK1GESMF
429,2502,1567712374656,1567712377158,1DK1JHV5T
429,1702,1567712375456,1567712377158,1DK1K640N
429,4096,1567712373122,1567712377218,1DK1MNH5N
429,1904,1567712375322,1567712377226,1DK1G9FNG
429,7161,1567712370189,1567712377350,1DK1FKFP4
429,7294,1567712370056,1567712377350,1DK1KN0D5
429,5700,1567712371989,1567712377689,1DK1O96JU
429,4307,1567712373522,1567712377829,1DK1KUQLO
429,4240,1567712373589,1567712377829,1DK1LCJ3F
429,4174,1567712373656,1567712377830,1DK1KB3F9
429,5174,1567712372656,1567712377830,1DK1OFPGE
429,4108,1567712373722,1567712377830,1DK1IAJ4G
429,5041,1567712372789,1567712377830,1DK1MLE04
429,3842,1567712373989,1567712377831,1DK1HS84R
429,3776,1567712374056,1567712377832,1DK1J3CKA
429,3710,1567712374122,1567712377832,1DK1MPFUF
429,3383,1567712374456,1567712377839,1DK1IS7MD
429,3517,1567712374322,1567712377839,1DK1NLBVH
429,3583,1567712374256,1567712377839,1DK1GI1GQ
429,2918,1567712374922,1567712377840,1DK1GJ6PF
429,1718,1567712376122,1567712377840,1DK1FGVM0
429,1518,1567712376322,1567712377840,1DK1MA85G
429,2652,1567712375189,1567712377841,1DK1G41PB
429,2852,1567712374989,1567712377841,1DK1JOI4G
429,894,1567712376989,1567712377883,1DK1IO2CT
429,827,1567712377056,1567712377883,1DK1LM21J
429,3726,1567712374389,1567712378115,1DK1JA1VS
429,4331,1567712373856,1567712378187,1DK1K6KO7
429,5864,1567712372323,1567712378187,1DK1INGG9
429,3604,1567712374589,1567712378193,1DK1L5C3B
429,258,1567712378256,1567712378514,1DK1MDGJ4
429,8325,1567712370589,1567712378914,1DK1LPKSG
429,7191,1567712371723,1567712378914,1DK1F4JPJ
429,7059,1567712371856,1567712378915,1DK1JI94S
429,8059,1567712370856,1567712378915,1DK1HV4I9
429,6794,1567712372122,1567712378916,1DK1LJ8S8
429,7727,1567712371189,1567712378916,1DK1MOCQE
429,1227,1567712377856,1567712379083,1DK1KB2D0
429,895,1567712378189,1567712379084,1DK1GKJAK
429,7549,1567712371589,1567712379138,1DK1LPV0O
429,6150,1567712372989,1567712379139,1DK1JM9A3
429,4417,1567712374722,1567712379139,1DK1JIBOR
429,4350,1567712374789,1567712379139,1DK1KRL0M
429,3190,1567712376789,1567712379979,1DK1HU1L1
429,3189,1567712377122,1567712380311,1DK1G3NN7
429,4288,1567712376256,1567712380544,1DK1HFL9K
429,3223,1567712377322,1567712380545,1DK1G1359
429,569,1567712380589,1567712381158,1DK1LIT9R
429,2573,1567712378589,1567712381162,1DK1N3VE3
429,1940,1567712379322,1567712381262,1DK1MJCFL
429,2273,1567712378989,1567712381262,1DK1GRSDK
429,7676,1567712373922,1567712381598,1DK1I50BQ
429,4985,1567712376656,1567712381641,1DK1NKETC
429,7158,1567712375122,1567712382280,1DK1NGF3M
429,6381,1567712376456,1567712382837,1DK1MTQ7B
429,6448,1567712376389,1567712382837,1DK1FJMQ1
429,6115,1567712376722,1567712382837,1DK1MN55I
429,4115,1567712378722,1567712382837,1DK1GSVPJ
429,4381,1567712378456,1567712382837,1DK1JRPUJ
429,2852,1567712379989,1567712382841,1DK1IVQO4
429,2365,1567712380722,1567712383087,1DK1MVKI3
429,1316,1567712382189,1567712383505,1DK1FU1E3
429,4504,1567712379456,1567712383960,1DK1G7J65
429,4239,1567712379722,1567712383961,1DK1NO8B8
429,3439,1567712380522,1567712383961,1DK1FNP3E
429,9128,1567712374856,1567712383984,1DK1L17NM
429,8395,1567712375589,1567712383984,1DK1N584E
429,3106,1567712381189,1567712384295,1DK1FUO6J
429,3973,1567712380322,1567712384295,1DK1LDDE2
429,567,1567712383789,1567712384356,1DK1IES9U
429,3014,1567712381389,1567712384403,1DK1K06LE
429,2947,1567712381456,1567712384403,1DK1JT0E3
429,2820,1567712381589,1567712384409,1DK1JG62Q
429,2154,1567712382256,1567712384410,1DK1GIFB0
429,2488,1567712381922,1567712384410,1DK1JQM8R
429,2554,1567712381856,1567712384410,1DK1MGO8U
429,1821,1567712382589,1567712384410,1DK1J4RSP
429,1342,1567712383189,1567712384531,1DK1N633O
429,2680,1567712382522,1567712385202,1DK1I9Q6L
429,1546,1567712383656,1567712385202,1DK1NQHH0
429,1213,1567712383989,1567712385202,1DK1IDKJE
429,7677,1567712377656,1567712385333,1DK1M10QD
429,8144,1567712377189,1567712385333,1DK1IQ01D
429,891,1567712384656,1567712385547,1DK1FGCL9
429,8048,1567712377522,1567712385570,1DK1LAGFR
429,2174,1567712384122,1567712386296,1DK1K6P8R
429,240,1567712386056,1567712386296,1DK1J69QU
429,6134,1567712380456,1567712386590,1DK1JD4HM
429,255,1567712386656,1567712386911,1DK1FER0E
429,537,1567712386389,1567712386926,1DK1MS5PG
429,9144,1567712377792,1567712386936,1DK1OGEGE
429,8948,1567712377989,1567712386937,1DK1G8ILJ
429,8881,1567712378056,1567712386937,1DK1GK0RT
429,8815,1567712378122,1567712386937,1DK1MJQ4L
429,8549,1567712378389,1567712386938,1DK1K7E8I
429,8416,1567712378522,1567712386938,1DK1GEIMJ
429,9017,1567712377923,1567712386940,1DK1N6L9T
429,8288,1567712378656,1567712386944,1DK1N3JII
429,8023,1567712378923,1567712386946,1DK1MQGK7
429,7157,1567712379789,1567712386946,1DK1O1512
429,8157,1567712378789,1567712386946,1DK1MKETJ
429,6822,1567712380124,1567712386946,1DK1N4757
429,7690,1567712379256,1567712386946,1DK1NH751
429,6757,1567712380189,1567712386946,1DK1JPM5F
429,6291,1567712380656,1567712386947,1DK1KV1K9
429,5692,1567712381256,1567712386948,1DK1HDIB4
429,5959,1567712380989,1567712386948,1DK1IHH41
429,5626,1567712381322,1567712386948,1DK1KD2D3
429,5826,1567712381122,1567712386948,1DK1FEF52
429,6096,1567712380856,1567712386952,1DK1GOO82
429,8633,1567712378323,1567712386956,1DK1J82OT
429,1703,1567712385256,1567712386959,1DK1NRNHG
429,8331,1567712378856,1567712387187,1DK1FAR8C
429,8133,1567712379059,1567712387192,1DK1KKAU6
429,8071,1567712379122,1567712387193,1DK1G8E9A
429,857,1567712386456,1567712387313,1DK1I8RUG
429,7927,1567712379589,1567712387516,1DK1LLKML
429,7860,1567712379656,1567712387516,1DK1HO24C
429,7594,1567712379922,1567712387516,1DK1KVBNO
429,6727,1567712380789,1567712387516,1DK1K67CQ
429,5800,1567712381722,1567712387522,1DK1KOSF1
429,3801,1567712383722,1567712387523,1DK1LHE26
429,486,1567712387523,1567712388009,1DK1FA15J
429,3140,1567712384922,1567712388062,1DK1GCCFI
429,4541,1567712383522,1567712388063,1DK1JRTKQ
429,5106,1567712382989,1567712388095,1DK1K66H8
429,4772,1567712383323,1567712388095,1DK1G91TB
429,4040,1567712384056,1567712388096,1DK1OA4CB
429,5937,1567712382924,1567712388861,1DK1MSIIP
429,6003,1567712383056,1567712389059,1DK1IG9IJ
429,5135,1567712384189,1567712389324,1DK1HC9PG
429,5003,1567712384322,1567712389325,1DK1MMPPO
429,501,1567712388989,1567712389490,1DK1N3RDK
429,1063,1567712388456,1567712389519,1DK1IDT9J
429,597,1567712388922,1567712389519,1DK1I7VME
429,4982,1567712384590,1567712389572,1DK1L98MH
429,4050,1567712385522,1567712389572,1DK1M728J
429,3583,1567712385989,1567712389572,1DK1L52S8
429,5117,1567712384456,1567712389573,1DK1LRTG0
429,5377,1567712384522,1567712389899,1DK1OEMD0
429,5044,1567712384856,1567712389900,1DK1IKJVV
429,4925,1567712385189,1567712390114,1DK1N3RED
429,4993,1567712385122,1567712390115,1DK1HPP6D
429,1286,1567712389056,1567712390342,1DK1OF8D6
429,486,1567712390056,1567712390542,1DK1FRFTP
429,5180,1567712385456,1567712390636,1DK1FCT2R
429,3914,1567712386722,1567712390636,1DK1G9TQM
429,736,1567712389922,1567712390658,1DK1MM2NG
429,3066,1567712387789,1567712390855,1DK1GOHTS
429,657,1567712390322,1567712390979,1DK1KH7GB
429,1819,1567712389256,1567712391075,1DK1G8LRV
429,646,1567712390522,1567712391168,1DK1F6OHT
429,3015,1567712388389,1567712391404,1DK1L09D5
429,2815,1567712388589,1567712391404,1DK1ICQ91
429,3082,1567712388322,1567712391404,1DK1LV126
429,688,1567712390989,1567712391677,1DK1IBJN8
429,351,1567712391522,1567712391873,1DK1HQLGD
429,721,1567712391189,1567712391910,1DK1NICUF
429,786,1567712391856,1567712392642,1DK1NI7SU
429,328,1567712392322,1567712392650,1DK1NLOQ5
429,4162,1567712388856,1567712393018,1DK1ID5ME
429,4962,1567712388056,1567712393018,1DK1NH58Q
429,522,1567712393122,1567712393644,1DK1GBPI3
429,972,1567712392856,1567712393828,1DK1K1RUJ
429,2106,1567712391722,1567712393828,1DK1M97EU
429,2173,1567712391656,1567712393829,1DK1L4CUC
429,3119,1567712390922,1567712394041,1DK1K6108
429,4139,1567712390389,1567712394528,1DK1ILOE7
429,5025,1567712389656,1567712394681,1DK1M924E
429,4693,1567712389989,1567712394682,1DK1MB7IE
429,4100,1567712390722,1567712394822,1DK1JU51B
429,4043,1567712391056,1567712395099,1DK1ICIVM
429,4852,1567712390256,1567712395108,1DK1F4LV2
429,4480,1567712390657,1567712395137,1DK1JNEBF
429,3993,1567712391322,1567712395315,1DK1LCJH1
429,3926,1567712391389,1567712395315,1DK1G740B
429,3733,1567712391589,1567712395322,1DK1KC5TL
200,17868,1567712377456,1567712395324,1DK1G2CCU
200,18783,1567712376589,1567712395372,1DK1MUJEO
429,3631,1567712391789,1567712395420,1DK1K5C0U
429,1647,1567712393990,1567712395637,1DK1ICGLV
429,799,1567712395122,1567712395921,1DK1G8APE
429,466,1567712395456,1567712395922,1DK1K14RG
429,10350,1567712385656,1567712396006,1DK1FV402
429,9751,1567712386256,1567712396007,1DK1OG1BV
429,9686,1567712386322,1567712396008,1DK1GAHG9
429,10248,1567712385789,1567712396037,1DK1GJG1F
429,8385,1567712387989,1567712396374,1DK1NFFCQ
429,9318,1567712387056,1567712396374,1DK1MK1EQ
429,8183,1567712388191,1567712396374,1DK1K2A5O
429,7653,1567712388722,1567712396375,1DK1L2H6F
429,9053,1567712387322,1567712396375,1DK1IULJ5
429,9456,1567712386922,1567712396378,1DK1HOIVO
429,8656,1567712387722,1567712396378,1DK1GN1KT
429,6591,1567712389789,1567712396380,1DK1MLBOI
429,6951,1567712389722,1567712396673,1DK1GN2IP
429,5552,1567712391122,1567712396674,1DK1H3N7C
429,6085,1567712390589,1567712396674,1DK1N8LUH
429,4152,1567712392522,1567712396674,1DK1GFLUN
429,3686,1567712392989,1567712396675,1DK1O7L6A
429,4503,1567712392189,1567712396692,1DK1M8S4R
429,10856,1567712386122,1567712396978,1DK1H8IKB
429,9856,1567712387122,1567712396978,1DK1MA518
429,9794,1567712387189,1567712396983,1DK1IJ6B9
429,9728,1567712387256,1567712396984,1DK1MRB37
429,9595,1567712387389,1567712396984,1DK1JKFNU
429,10462,1567712386522,1567712396984,1DK1KCNNH
429,9529,1567712387456,1567712396985,1DK1F6RU2
429,9329,1567712387656,1567712396985,1DK1G7967
429,9063,1567712387922,1567712396985,1DK1MP548
429,10197,1567712386789,1567712396986,1DK1FM5A1
429,8730,1567712388256,1567712396986,1DK1MA7PF
429,7665,1567712389322,1567712396987,1DK1GDCVN
429,7131,1567712389856,1567712396987,1DK1LC3CC
429,6865,1567712390122,1567712396987,1DK1FNEME
429,6799,1567712390189,1567712396988,1DK1N66OU
429,6538,1567712390456,1567712396994,1DK1GAQ9I
429,1463,1567712395922,1567712397385,1DK1K3MH1
429,1463,1567712396256,1567712397719,1DK1LB3FV
429,3618,1567712394189,1567712397807,1DK1G79JH
429,3915,1567712394789,1567712398704,1DK1MG9R2
429,4343,1567712395391,1567712399734,1DK1G7C6A
429,3546,1567712396189,1567712399735,1DK1MEU8J
429,3880,1567712395856,1567712399736,1DK1LAB3D
429,3565,1567712396589,1567712400154,1DK1JQ7L3
429,839,1567712399322,1567712400161,1DK1O7IT6
429,6971,1567712394522,1567712401493,1DK1KC46K
429,7036,1567712394458,1567712401494,1DK1NLSEA
429,6638,1567712394856,1567712401494,1DK1MGOFJ
429,2254,1567712400122,1567712402376,1DK1J3E76
429,689,1567712401856,1567712402545,1DK1L0KH5
429,492,1567712402389,1567712402881,1DK1GE9JL
429,4092,1567712398789,1567712402881,1DK1OE6HN
429,9644,1567712393256,1567712402900,1DK1H9H6B
429,8579,1567712394322,1567712402901,1DK1H75PL
429,9245,1567712393656,1567712402901,1DK1HKGFP
429,1631,1567712401722,1567712403353,1DK1ICRQ3
429,1565,1567712401789,1567712403354,1DK1OHRM0
429,5543,1567712398056,1567712403599,1DK1HM8RJ
429,344,1567712403389,1567712403733,1DK1LAI5H
429,7387,1567712396522,1567712403909,1DK1JN737
429,3934,1567712399991,1567712403925,1DK1FN1Q2
429,3603,1567712400322,1567712403925,1DK1FS5N0
429,1604,1567712402322,1567712403926,1DK1F4TN8
429,1682,1567712402589,1567712404271,1DK1KQLU5
429,665,1567712403656,1567712404321,1DK1M54R2
429,2811,1567712401656,1567712404467,1DK1HATK2
429,1799,1567712403589,1567712405388,1DK1MC83J
429,728,1567712404789,1567712405517,1DK1HC6CQ
429,4979,1567712400656,1567712405635,1DK1G0OPQ
429,5246,1567712400389,1567712405635,1DK1IRL8G
429,10190,1567712395656,1567712405846,1DK1FLBPF
429,5325,1567712400522,1567712405847,1DK1MJL8R
429,3064,1567712402789,1567712405853,1DK1MGA4D
429,1733,1567712404122,1567712405855,1DK1JLBLO
429,2879,1567712403322,1567712406201,1DK1LTFIA
429,4869,1567712401389,1567712406258,1DK1N7430
429,5004,1567712401255,1567712406259,1DK1LLNDO
429,1312,1567712405455,1567712406767,1DK1LSF10
429,3168,1567712403922,1567712407090,1DK1NO8U7
429,4101,1567712402989,1567712407090,1DK1M4ILH
429,2776,1567712404456,1567712407232,1DK1IT3RJ
429,3288,1567712404255,1567712407543,1DK1O21EC
429,3222,1567712404322,1567712407544,1DK1GA8P3
429,2160,1567712405389,1567712407549,1DK1MQVCU
429,2286,1567712405522,1567712407808,1DK1JJ1Q8
429,1487,1567712406322,1567712407809,1DK1GJB0N
429,1491,1567712406589,1567712408080,1DK1O8VMF
429,12042,1567712396056,1567712408098,1DK1N7HSM
429,12110,1567712395989,1567712408099,1DK1M6SBE
429,13043,1567712395056,1567712408099,1DK1J49UO
429,21244,1567712386856,1567712408100,1DK1GETD7
429,3707,1567712404722,1567712408429,1DK1K579F
429,2376,1567712406122,1567712408498,1DK1I48NJ
429,3314,1567712405190,1567712408504,1DK1FDGUL
429,2526,1567712406189,1567712408715,1DK1KOVE7
429,12043,1567712396922,1567712408965,1DK1KJE61
429,11777,1567712397189,1567712408966,1DK1L35GH
429,9711,1567712399256,1567712408967,1DK1FENEK
429,7646,1567712401322,1567712408968,1DK1MUM33
429,9846,1567712399122,1567712408968,1DK1LLLRD
429,11313,1567712397656,1567712408969,1DK1OANMI
429,11647,1567712397322,1567712408969,1DK1KGS0A
429,4581,1567712406055,1567712410636,1DK1FCRU2
502,27373,1567712400256,1567712427629,1DK1J1EAE
502,21908,1567712405722,1567712427630,1DK1FG7OL
502,30241,1567712397389,1567712427630,1DK1GPOVL