executionStartTime,executionEndTime,executionLatency,containerId,containerStartTime,vmId,primeNumber,result,osType,nodeVersion,statusCode,requestResponseLatency,requestTime,responseTime,requestId
1567786590541,1567786591640,1099,1DK3M8V2A,1567786157224,1EN515D,7500156,false,linux,v10.15.3,200,1266,1567786590395,1567786591661,1DK3R1B7T
1567786590594,1567786591789,1195,1DK3MQA5K,1567785988795,1EN5105,7500843,false,linux,v10.15.3,200,1302,1567786590506,1567786591808,1DK3MFSA0
1567786590676,1567786591852,1176,1DK3RKHAN,1567786159021,1EN515F,7500571,false,linux,v10.15.3,200,1281,1567786590591,1567786591872,1DK3OJ4KL
1567786590785,1567786592035,1250,1DK3RRV0B,1567785989017,1EN5105,7500699,false,linux,v10.15.3,200,1361,1567786590693,1567786592054,1DK3QDUGO
1567786590902,1567786592118,1216,1DK3M4RKG,1567786167221,1EN515N,7500679,true,linux,v10.15.3,200,1346,1567786590791,1567786592137,1DK3MDV16
1567786591275,1567786592438,1163,1DK3SVM5G,1567786049567,1EN5122,7500254,false,linux,v10.15.3,200,1277,1567786591190,1567786592467,1DK3ML1U6
1567786590988,1567786592456,1468,1DK3T1SAI,1567786113134,1EN5141,7500851,false,linux,v10.15.3,200,1582,1567786590891,1567786592473,1DK3OM04H
1567786591085,1567786592520,1435,1DK3PB16M,1567785992198,1EN5108,7500272,false,linux,v10.15.3,200,1547,1567786590991,1567786592538,1DK3NMLKK
1567786591173,1567786592738,1565,1DK3UJLIT,1567786162220,1EN515I,7500535,false,linux,v10.15.3,200,1667,1567786591090,1567786592757,1DK3P3NLL
1567786591474,1567786592899,1425,1DK3MKHRV,1567786161810,1EN515I,7500888,false,linux,v10.15.3,200,1529,1567786591390,1567786592919,1DK3TCO9E
1567786591371,1567786592913,1542,1DK3PD273,1567785991694,1EN5108,7500853,false,linux,v10.15.3,200,1640,1567786591290,1567786592930,1DK3UG9LQ
1567786591572,1567786593108,1536,1DK3M3A3G,1567786179459,1EN5163,7500952,false,linux,v10.15.3,200,1637,1567786591490,1567786593127,1DK3T5C2L
1567786591969,1567786593163,1194,1DK3PT953,1567786161900,1EN515I,7500980,false,linux,v10.15.3,200,1291,1567786591890,1567786593181,1DK3V9O5S
1567786591772,1567786593222,1450,1DK3TH48V,1567786054495,1EN5126,7500239,false,linux,v10.15.3,200,1549,1567786591691,1567786593240,1DK3MN09M
1567786591674,1567786593232,1558,1DK3N02GF,1567786167225,1EN515N,7500394,false,linux,v10.15.3,200,1660,1567786591590,1567786593250,1DK3QMNIT
1567786591877,1567786593390,1513,1DK3NMQBB,1567786110145,1EN513U,7500099,false,linux,v10.15.3,200,1632,1567786591790,1567786593422,1DK3N7V49
1567786592373,1567786593469,1096,1DK3S9L3M,1567786051995,1EN5124,7500136,false,linux,v10.15.3,200,1197,1567786592290,1567786593487,1DK3UA279
1567786592098,1567786593599,1501,1DK3MCROB,1567785990532,1EN5107,7500460,false,linux,v10.15.3,200,1626,1567786591990,1567786593616,1DK3MTS8H
1567786592276,1567786593696,1420,1DK3R7NV0,1567786058302,1EN512A,7500044,false,linux,v10.15.3,200,1523,1567786592190,1567786593713,1DK3OJ3VF
1567786592467,1567786593729,1262,1DK3UKU01,1567785987928,1EN5104,7500925,false,linux,v10.15.3,200,1355,1567786592392,1567786593747,1DK3QIM64
1567786592171,1567786593806,1635,1DK3OEGR0,1567785992330,1EN5108,7500791,false,linux,v10.15.3,200,1734,1567786592090,1567786593824,1DK3UISVM
1567786592587,1567786593860,1273,1DK3Q27N6,1567786109466,1EN513T,7500746,false,linux,v10.15.3,200,1388,1567786592490,1567786593878,1DK3U78NT
1567786592670,1567786593909,1239,1DK3STIPI,1567785993705,1EN510A,7500051,false,linux,v10.15.3,200,1335,1567786592590,1567786593925,1DK3NHG5K
1567786592970,1567786594408,1438,1DK3MKHRV,1567786161810,1EN515I,7500291,false,linux,v10.15.3,200,1535,1567786592890,1567786594425,1DK3PG7PV
1567786592867,1567786594416,1549,1DK3O726F,1567786173065,1EN515T,7500218,false,linux,v10.15.3,200,1643,1567786592790,1567786594433,1DK3NVHI1
1567786593267,1567786594497,1230,1DK3SVM5G,1567786049567,1EN5122,7500738,false,linux,v10.15.3,200,1324,1567786593190,1567786594514,1DK3SPK9U
1567786593071,1567786594501,1430,1DK3R8A1Q,1567785992572,1EN5109,7500402,false,linux,v10.15.3,200,1529,1567786592990,1567786594519,1DK3UI7AB
1567786593172,1567786594616,1444,1DK3T5FFF,1567786115392,1EN5143,7500698,false,linux,v10.15.3,200,1543,1567786593090,1567786594633,1DK3SADOV
1567786593375,1567786594633,1258,1DK3QVECD,1567786057006,1EN5129,7500798,false,linux,v10.15.3,200,1360,1567786593290,1567786594650,1DK3T251A
1567786592786,1567786594743,1957,1DK3RDDTM,1567786167233,1EN515N,7500904,false,linux,v10.15.3,200,2072,1567786592690,1567786594762,1DK3P1JJC
1567786593768,1567786594943,1175,1DK3OJTQ9,1567786066506,1EN512J,7500170,false,linux,v10.15.3,200,1271,1567786593690,1567786594961,1DK3T9V9U
1567786593671,1567786595060,1389,1DK3NIMVJ,1567785366078,1EN50CM,7500112,false,linux,v10.15.3,200,1487,1567786593590,1567786595077,1DK3M8VQH
1567786593967,1567786595141,1174,1DK3STIPI,1567785993705,1EN510A,7500478,false,linux,v10.15.3,200,1270,1567786593890,1567786595160,1DK3MROK7
1567786594076,1567786595222,1146,1DK3RGUA3,1567786113421,1EN5141,7500034,false,linux,v10.15.3,200,1249,1567786593990,1567786595239,1DK3MF868
1567786593873,1567786595381,1508,1DK3SH04L,1567785992406,1EN5108,7500579,false,linux,v10.15.3,200,1608,1567786593790,1567786595398,1DK3PF0TB
1567786594204,1567786595400,1196,1DK3NKTS0,1567786113325,1EN5141,7500039,false,linux,v10.15.3,200,1327,1567786594090,1567786595417,1DK3TUIKI
1567786593490,1567786595427,1937,1DK3PGKL2,1567786062926,1EN512F,7500092,false,linux,v10.15.3,200,2055,1567786593390,1567786595445,1DK3TN9KC
1567786593570,1567786595592,2022,1DK3SL60T,1567785992039,1EN5108,7500675,false,linux,v10.15.3,200,2121,1567786593490,1567786595611,1DK3TAVCS
1567786594570,1567786595696,1126,1DK3NLKK8,1567785993048,1EN5109,7500028,false,linux,v10.15.3,200,1225,1567786594490,1567786595715,1DK3PST7K
1567786594277,1567786595722,1445,1DK3QVJQV,1567786161501,1EN515I,7500099,false,linux,v10.15.3,200,1548,1567786594191,1567786595739,1DK3ROQLG
1567786594372,1567786595821,1449,1DK3M2N4H,1567786169358,1EN515P,7500323,false,linux,v10.15.3,200,1549,1567786594291,1567786595840,1DK3RH036
1567786594469,1567786595904,1435,1DK3N2O7R,1567786001590,1EN510I,7500149,false,linux,v10.15.3,200,1531,1567786594390,1567786595921,1DK3N73JQ
1567786594692,1567786596208,1516,1DK3TNC83,1567786162128,1EN515I,7500785,false,linux,v10.15.3,200,1636,1567786594590,1567786596226,1DK3T08JM
1567786594971,1567786596237,1266,1DK3MKMJ6,1567786151733,1EN5158,7500119,false,linux,v10.15.3,200,1365,1567786594890,1567786596255,1DK3ROEEF
1567786594883,1567786596321,1438,1DK3QKU3H,1567785992535,1EN5109,7500984,false,linux,v10.15.3,200,1547,1567786594791,1567786596338,1DK3UBU25
1567786595172,1567786596340,1168,1DK3OJTQ9,1567786066506,1EN512J,7500798,false,linux,v10.15.3,200,1267,1567786595090,1567786596357,1DK3NE6DG
1567786595071,1567786596451,1380,1DK3QCEUE,1567786059388,1EN512B,7500225,false,linux,v10.15.3,200,1479,1567786594990,1567786596469,1DK3UM028
1567786595308,1567786596459,1151,1DK3S9L3M,1567786051995,1EN5124,7500630,false,linux,v10.15.3,200,1286,1567786595190,1567786596476,1DK3R3J0U
1567786594773,1567786596651,1878,1DK3M8O7L,1567785994803,1EN510B,7500142,false,linux,v10.15.3,200,1978,1567786594690,1567786596668,1DK3PRSO2
1567786595383,1567786596816,1433,1DK3QB6CV,1567786112392,1EN5140,7500021,false,linux,v10.15.3,200,1542,1567786595291,1567786596833,1DK3UTOJU
1567786595470,1567786596903,1433,1DK3RJD6R,1567785991945,1EN5108,7500219,false,linux,v10.15.3,200,1528,1567786595391,1567786596919,1DK3SKBVJ
1567786595770,1567786597017,1247,1DK3Q1L96,1567785992638,1EN5109,7500632,false,linux,v10.15.3,200,1344,1567786595690,1567786597034,1DK3ONTTF
1567786595871,1567786597088,1217,1DK3UIG9Q,1567786201347,1EN516P,7500034,false,linux,v10.15.3,200,1315,1567786595790,1567786597105,1DK3NA587
1567786595611,1567786597096,1485,1DK3TS438,1567785986507,1EN5103,7500190,false,linux,v10.15.3,200,1623,1567786595490,1567786597113,1DK3OGBV7
1567786596069,1567786597282,1213,1DK3QVECD,1567786057006,1EN5129,7500850,false,linux,v10.15.3,200,1309,1567786595991,1567786597300,1DK3MAU14
1567786595672,1567786597413,1741,1DK3M357P,1567786122022,1EN514A,7500975,false,linux,v10.15.3,200,1840,1567786595590,1567786597430,1DK3P6N1V
1567786596271,1567786597510,1239,1DK3MKMJ6,1567786151733,1EN5158,7500779,false,linux,v10.15.3,200,1337,1567786596190,1567786597527,1DK3P8RTL
1567786596021,1567786597536,1515,1DK3OGQKB,1567785992637,1EN5109,7500761,false,linux,v10.15.3,200,1663,1567786595890,1567786597553,1DK3TAS0Q
1567786596472,1567786597629,1157,1DK3QT0Q3,1567786158044,1EN515E,7500271,true,linux,v10.15.3,200,1256,1567786596390,1567786597646,1DK3NL06N
1567786596166,1567786597691,1525,1DK3Q2BBH,1567786156286,1EN515C,7500532,false,linux,v10.15.3,200,1619,1567786596090,1567786597709,1DK3MLBPP
1567786596578,1567786598087,1509,1DK3PD273,1567785991694,1EN5108,7500920,false,linux,v10.15.3,200,1614,1567786596490,1567786598104,1DK3Q3G6S
1567786596778,1567786598124,1346,1DK3NMQBB,1567786110145,1EN513U,7500825,false,linux,v10.15.3,200,1451,1567786596690,1567786598141,1DK3S50LH
1567786596378,1567786598135,1757,1DK3T5S38,1567786177399,1EN5161,7500472,false,linux,v10.15.3,200,1862,1567786596290,1567786598152,1DK3TBCHV
1567786596872,1567786598215,1343,1DK3P6KAP,1567786192011,1EN516G,7500961,false,linux,v10.15.3,200,1444,1567786596790,1567786598234,1DK3MGBJJ
1567786596671,1567786598238,1567,1DK3T39VP,1567785992931,1EN5109,7500116,false,linux,v10.15.3,200,1664,1567786596590,1567786598254,1DK3ULJ9A
1567786597168,1567786598347,1179,1DK3UIG9Q,1567786201347,1EN516P,7500844,false,linux,v10.15.3,200,1274,1567786597090,1567786598364,1DK3PTC2I
1567786597274,1567786598443,1169,1DK3RGUA3,1567786113421,1EN5141,7500681,false,linux,v10.15.3,200,1270,1567786597190,1567786598460,1DK3Q37JI
1567786596972,1567786598472,1500,1DK3PI42F,1567786167338,1EN515N,7500946,false,linux,v10.15.3,200,1600,1567786596890,1567786598490,1DK3SOP2H
1567786597069,1567786598526,1457,1DK3OBFNV,1567785988666,1EN5105,7500948,false,linux,v10.15.3,200,1553,1567786596990,1567786598543,1DK3PJG5M
1567786597371,1567786598632,1261,1DK3QVECD,1567786057006,1EN5129,7500910,false,linux,v10.15.3,200,1359,1567786597290,1567786598649,1DK3SEFIK
1567786597478,1567786598638,1160,1DK3NLKK8,1567785993048,1EN5109,7500931,false,linux,v10.15.3,200,1264,1567786597390,1567786598654,1DK3OCD5I
1567786597576,1567786598772,1196,1DK3SVM5G,1567786049567,1EN5122,7500312,false,linux,v10.15.3,200,1316,1567786597491,1567786598807,1DK3S1VV5
1567786597772,1567786598994,1222,1DK3RT76M,1567785991828,1EN5108,7500395,false,linux,v10.15.3,200,1322,1567786597690,1567786599012,1DK3OA50M
1567786597897,1567786599024,1127,1DK3NKTS0,1567786113325,1EN5141,7500214,false,linux,v10.15.3,200,1252,1567786597790,1567786599042,1DK3NM4T7
1567786597667,1567786599027,1360,1DK3PB16M,1567785992198,1EN5108,7500185,false,linux,v10.15.3,200,1452,1567786597591,1567786599043,1DK3Q30UN
1567786597971,1567786599214,1243,1DK3MIVDL,1567785990239,1EN5106,7500697,false,linux,v10.15.3,200,1341,1567786597890,1567786599231,1DK3M7IRA
1567786598172,1567786599328,1156,1DK3M4RKG,1567786167221,1EN515N,7500559,false,linux,v10.15.3,200,1255,1567786598090,1567786599345,1DK3UBD9C
1567786598074,1567786599597,1523,1DK3N02GF,1567786167225,1EN515N,7500495,false,linux,v10.15.3,200,1626,1567786597990,1567786599616,1DK3NU0QG
1567786598372,1567786599665,1293,1DK3SAH2F,1567785991996,1EN5108,7500127,true,linux,v10.15.3,200,1392,1567786598290,1567786599682,1DK3NJRCP
1567786598599,1567786599732,1133,1DK3RU5RN,1567786162568,1EN515J,7500620,false,linux,v10.15.3,200,1258,1567786598491,1567786599749,1DK3TFARH
1567786598274,1567786599814,1540,1DK3M8524,1567785991902,1EN5108,7500643,false,linux,v10.15.3,200,1641,1567786598190,1567786599831,1DK3SCL52
1567786598471,1567786599820,1349,1DK3QB6CV,1567786112392,1EN5140,7500035,false,linux,v10.15.3,200,1447,1567786598390,1567786599837,1DK3RGTD4
1567786598687,1567786599835,1148,1DK3NLKK8,1567785993048,1EN5109,7500033,false,linux,v10.15.3,200,1261,1567786598590,1567786599851,1DK3TB9PP
1567786598877,1567786600044,1167,1DK3SCJAE,1567785991828,1EN5108,7500716,false,linux,v10.15.3,200,1271,1567786598790,1567786600061,1DK3PRI4N
1567786599073,1567786600281,1208,1DK3MKMJ6,1567786151733,1EN5158,7500462,false,linux,v10.15.3,200,1309,1567786598990,1567786600299,1DK3P39OL
1567786598971,1567786600387,1416,1DK3QVJQV,1567786161501,1EN515I,7500436,false,linux,v10.15.3,200,1515,1567786598890,1567786600405,1DK3PG4G0
1567786598790,1567786600580,1790,1DK3O78EL,1567785995789,1EN510C,7500106,false,linux,v10.15.3,200,1906,1567786598690,1567786600596,1DK3OF6EK
1567786599168,1567786600600,1432,1DK3UHJEQ,1567785995627,1EN510C,7500102,false,linux,v10.15.3,200,1527,1567786599090,1567786600617,1DK3M2M03
1567786599267,1567786600707,1440,1DK3M2N4H,1567786169358,1EN515P,7500209,false,linux,v10.15.3,200,1534,1567786599190,1567786600724,1DK3T2U7P
1567786599367,1567786600737,1370,1DK3PB16M,1567785992198,1EN5108,7500698,false,linux,v10.15.3,200,1464,1567786599290,1567786600754,1DK3MF0S4
1567786599472,1567786600947,1475,1DK3M2MFM,1567785994515,1EN510B,7500260,false,linux,v10.15.3,200,1574,1567786599390,1567786600964,1DK3PED7U
1567786599675,1567786600952,1277,1DK3MEN43,1567786170800,1EN515R,7500505,false,linux,v10.15.3,200,1379,1567786599591,1567786600970,1DK3Q242C
1567786599580,1567786600999,1419,1DK3RAJ5Q,1567785993386,1EN5109,7500490,false,linux,v10.15.3,200,1526,1567786599491,1567786601017,1DK3NRF7S
1567786599771,1567786601221,1450,1DK3S69BA,1567785988386,1EN5104,7500704,false,linux,v10.15.3,200,1549,1567786599690,1567786601239,1DK3TR2KN
1567786599873,1567786601300,1427,1DK3O726F,1567786173065,1EN515T,7500750,false,linux,v10.15.3,200,1526,1567786599791,1567786601317,1DK3PR0A4
1567786599986,1567786601417,1431,1DK3QQULA,1567785989981,1EN5106,7500051,false,linux,v10.15.3,200,1545,1567786599890,1567786601435,1DK3OCA3E
1567786600072,1567786601489,1417,1DK3MKHRV,1567786161810,1EN515I,7500944,false,linux,v10.15.3,200,1515,1567786599991,1567786601506,1DK3S5Q9H
1567786600376,1567786601514,1138,1DK3SCJAE,1567785991828,1EN5108,7500912,false,linux,v10.15.3,200,1241,1567786600290,1567786601531,1DK3R80FP
1567786600466,1567786601542,1076,1DK3M8V2A,1567786157224,1EN515D,7500121,true,linux,v10.15.3,200,1169,1567786600390,1567786601559,1DK3MREEK
1567786600169,1567786601606,1437,1DK3TLP39,1567786168812,1EN515P,7500124,false,linux,v10.15.3,200,1534,1567786600090,1567786601624,1DK3M7Q2P
1567786600273,1567786601880,1607,1DK3RDVIL,1567786158096,1EN515E,7500841,true,linux,v10.15.3,200,1707,1567786600190,1567786601897,1DK3N2JMJ
1567786600771,1567786601952,1181,1DK3MKMJ6,1567786151733,1EN5158,7500164,false,linux,v10.15.3,200,1280,1567786600690,1567786601970,1DK3M1FB9
1567786600570,1567786601985,1415,1DK3QVJQV,1567786161501,1EN515I,7500690,false,linux,v10.15.3,200,1513,1567786600490,1567786602003,1DK3PF08L
1567786600869,1567786602014,1145,1DK3LU74L,1567786111837,1EN5140,7500104,false,linux,v10.15.3,200,1241,1567786600790,1567786602031,1DK3M7PHA
1567786600987,1567786602136,1149,1DK3RU5RN,1567786162568,1EN515J,7500321,false,linux,v10.15.3,200,1263,1567786600890,1567786602153,1DK3UTSJF
1567786600669,1567786602190,1521,1DK3RN53T,1567786052306,1EN5124,7500425,false,linux,v10.15.3,200,1616,1567786600590,1567786602206,1DK3M0H7L
1567786601271,1567786602461,1190,1DK3Q55BJ,1567786160225,1EN515G,7500555,false,linux,v10.15.3,200,1288,1567786601190,1567786602478,1DK3UF74B
1567786601473,1567786602596,1123,1DK3MQA5K,1567785988795,1EN5105,7500437,false,linux,v10.15.3,200,1223,1567786601390,1567786602613,1DK3R2AAH
1567786601105,1567786602662,1557,1DK3PT6S0,1567786177897,1EN5162,7500762,false,linux,v10.15.3,200,1689,1567786600990,1567786602679,1DK3MH5VR
1567786601171,1567786602689,1518,1DK3T1SAI,1567786113134,1EN5141,7500143,false,linux,v10.15.3,200,1617,1567786601090,1567786602707,1DK3N74DJ
1567786601596,1567786602801,1205,1DK3M4RKG,1567786167221,1EN515N,7500500,false,linux,v10.15.3,200,1329,1567786601490,1567786602819,1DK3UOUVB
1567786601369,1567786602827,1458,1DK3O726F,1567786173065,1EN515T,7500099,false,linux,v10.15.3,200,1554,1567786601290,1567786602844,1DK3PMRC8
1567786601684,1567786603120,1436,1DK3TLP39,1567786168812,1EN515P,7500237,false,linux,v10.15.3,200,1546,1567786601592,1567786603138,1DK3LSPGP
1567786601869,1567786603219,1350,1DK3SKC0P,1567785992803,1EN5109,7500209,false,linux,v10.15.3,200,1447,1567786601790,1567786603237,1DK3QM04C
1567786602069,1567786603271,1202,1DK3MKMJ6,1567786151733,1EN5158,7500790,false,linux,v10.15.3,200,1298,1567786601990,1567786603288,1DK3OPBNO
1567786602177,1567786603419,1242,1DK3S1CRR,1567785996661,1EN510D,7500687,false,linux,v10.15.3,200,1348,1567786602090,1567786603438,1DK3S4F5C
1567786602372,1567786603469,1097,1DK3PT953,1567786161900,1EN515I,7500347,true,linux,v10.15.3,200,1196,1567786602290,1567786603486,1DK3SKFOT
1567786601788,1567786603523,1735,1DK3M8O7L,1567785994803,1EN510B,7500024,false,linux,v10.15.3,200,1850,1567786601690,1567786603540,1DK3U9B9S
1567786601992,1567786603608,1616,1DK3PGKL2,1567786062926,1EN512F,7500986,false,linux,v10.15.3,200,1736,1567786601890,1567786603626,1DK3ML1HG
1567786602484,1567786603647,1163,1DK3STIPI,1567785993705,1EN510A,7500784,false,linux,v10.15.3,200,1263,1567786602401,1567786603664,1DK3NK2QS
1567786602277,1567786603698,1421,1DK3UHJEQ,1567785995627,1EN510C,7500473,false,linux,v10.15.3,200,1525,1567786602190,1567786603715,1DK3P4MNM
1567786602597,1567786603751,1154,1DK3N2BP4,1567786115910,1EN5144,7500871,false,linux,v10.15.3,200,1277,1567786602490,1567786603767,1DK3QBDOR
1567786602670,1567786604053,1383,1DK3PRE3G,1567786111437,1EN513V,7500917,true,linux,v10.15.3,200,1479,1567786602591,1567786604070,1DK3R0GNJ
1567786602972,1567786604235,1263,1DK3Q1L96,1567785992638,1EN5109,7500665,false,linux,v10.15.3,200,1362,1567786602890,1567786604252,1DK3U4BTU
1567786602869,1567786604245,1376,1DK3MCNB5,1567786052144,1EN5124,7500445,false,linux,v10.15.3,200,1472,1567786602790,1567786604262,1DK3RH331
1567786602807,1567786604326,1519,1DK3U6HPO,1567786126201,1EN514E,7500618,false,linux,v10.15.3,200,1653,1567786602691,1567786604344,1DK3QAD5N
1567786603077,1567786604530,1453,1DK3T39VP,1567785992931,1EN5109,7500466,false,linux,v10.15.3,200,1557,1567786602990,1567786604547,1DK3TIOIR
1567786603496,1567786604658,1162,1DK3M4RKG,1567786167221,1EN515N,7500791,false,linux,v10.15.3,200,1285,1567786603390,1567786604675,1DK3TUATB
1567786603178,1567786604646,1468,1DK3Q7MLM,1567786156520,1EN515D,7500200,false,linux,v10.15.3,200,1599,1567786603090,1567786604689,1DK3O6UJ4
1567786603273,1567786604741,1468,1DK3TH48V,1567786054495,1EN5126,7500634,false,linux,v10.15.3,200,1568,1567786603190,1567786604758,1DK3RRO66
1567786603385,1567786604802,1417,1DK3QQULA,1567785989981,1EN5106,7500388,false,linux,v10.15.3,200,1529,1567786603290,1567786604819,1DK3TBLDE
1567786603770,1567786604871,1101,1DK3PT953,1567786161900,1EN515I,7500686,false,linux,v10.15.3,200,1197,1567786603690,1567786604887,1DK3MDP93
1567786603573,1567786605037,1464,1DK3OPQ6T,1567785992388,1EN5108,7500693,false,linux,v10.15.3,200,1563,1567786603490,1567786605053,1DK3VA985
1567786603678,1567786605117,1439,1DK3TNC83,1567786162128,1EN515I,7500377,false,linux,v10.15.3,200,1544,1567786603590,1567786605134,1DK3M0AI2
1567786603967,1567786605125,1158,1DK3MQA5K,1567785988795,1EN5105,7500691,false,linux,v10.15.3,200,1252,1567786603890,1567786605142,1DK3RKSED
1567786603873,1567786605240,1367,1DK3ULK3S,1567786120355,1EN5148,7500568,false,linux,v10.15.3,200,1466,1567786603790,1567786605256,1DK3NM2NO
1567786604073,1567786605480,1407,1DK3QKG8E,1567786111999,1EN5140,7500260,false,linux,v10.15.3,200,1509,1567786603990,1567786605499,1DK3TQU15
1567786604471,1567786605627,1156,1DK3PF9T4,1567786052380,1EN5124,7500149,false,linux,v10.15.3,200,1253,1567786604390,1567786605643,1DK3N9TSN
1567786604186,1567786605638,1452,1DK3SL60T,1567785992039,1EN5108,7500455,false,linux,v10.15.3,200,1564,1567786604090,1567786605654,1DK3NP36N
1567786604271,1567786605710,1439,1DK3MCROB,1567785990532,1EN5107,7500819,false,linux,v10.15.3,200,1538,1567786604190,1567786605728,1DK3UCEU2
1567786604370,1567786605754,1384,1DK3QKU3H,1567785992535,1EN5109,7500264,false,linux,v10.15.3,200,1506,1567786604291,1567786605797,1DK3V7NT6
1567786604671,1567786605838,1167,1DK3S1KLE,1567786049189,1EN5121,7500411,false,linux,v10.15.3,200,1265,1567786604590,1567786605855,1DK3RRTRA
1567786604774,1567786605926,1152,1DK3PT5M1,1567786141404,1EN514T,7500786,false,linux,v10.15.3,200,1254,1567786604690,1567786605944,1DK3RQQ3R
1567786604572,1567786605930,1358,1DK3QCEUE,1567786059388,1EN512B,7500445,false,linux,v10.15.3,200,1455,1567786604491,1567786605946,1DK3V3AI1
1567786604973,1567786606148,1175,1DK3MKMJ6,1567786151733,1EN5158,7500421,false,linux,v10.15.3,200,1277,1567786604890,1567786606167,1DK3P2MPH
1567786604867,1567786606306,1439,1DK3QQULA,1567785989981,1EN5106,7500434,false,linux,v10.15.3,200,1533,1567786604790,1567786606323,1DK3TBKIL
1567786605088,1567786606522,1434,1DK3T1SAI,1567786113134,1EN5141,7500528,false,linux,v10.15.3,200,1547,1567786604992,1567786606539,1DK3O44DG
1567786605167,1567786606584,1417,1DK3SB9VN,1567786172385,1EN515S,7500069,false,linux,v10.15.3,200,1510,1567786605090,1567786606600,1DK3MHCJC
1567786605469,1567786606613,1144,1DK3LU74L,1567786111837,1EN5140,7500391,false,linux,v10.15.3,200,1239,1567786605390,1567786606629,1DK3U7J9L
1567786605294,1567786606659,1365,1DK3TS438,1567785986507,1EN5103,7500838,false,linux,v10.15.3,200,1485,1567786605190,1567786606675,1DK3SF93R
1567786605382,1567786606789,1407,1DK3PB16M,1567785992198,1EN5108,7500484,false,linux,v10.15.3,200,1516,1567786605290,1567786606806,1DK3M1293
1567786605697,1567786606844,1147,1DK3Q55BJ,1567786160225,1EN515G,7500755,false,linux,v10.15.3,200,1271,1567786605590,1567786606861,1DK3TE7E2
1567786605869,1567786607017,1148,1DK3NFHDK,1567786193401,1EN516H,7500892,false,linux,v10.15.3,200,1244,1567786605790,1567786607034,1DK3LU40L
1567786605593,1567786607024,1431,1DK3M2N4H,1567786169358,1EN515P,7500226,false,linux,v10.15.3,200,1550,1567786605491,1567786607041,1DK3ND4RN
1567786606073,1567786607220,1147,1DK3RKHAN,1567786159021,1EN515F,7500981,false,linux,v10.15.3,200,1247,1567786605990,1567786607237,1DK3UMVAB
1567786605772,1567786607224,1452,1DK3TRCJ0,1567786111208,1EN513V,7500376,false,linux,v10.15.3,200,1552,1567786605690,1567786607242,1DK3QVHGE
1567786605972,1567786607345,1373,1DK3QB6CV,1567786112392,1EN5140,7500635,false,linux,v10.15.3,200,1472,1567786605890,1567786607362,1DK3SA9BT
1567786606275,1567786607500,1225,1DK3O85H9,1567785993142,1EN5109,7500205,false,linux,v10.15.3,200,1327,1567786606190,1567786607517,1DK3OJ75D
1567786606170,1567786607602,1432,1DK3Q5TMN,1567786167116,1EN515N,7500879,false,linux,v10.15.3,200,1530,1567786606090,1567786607620,1DK3U6M5H
1567786606410,1567786607620,1210,1DK3RU5RN,1567786162568,1EN515J,7500796,false,linux,v10.15.3,200,1347,1567786606291,1567786607638,1DK3SMPGM
1567786606468,1567786607703,1235,1DK3RRV0B,1567785989017,1EN5105,7500239,false,linux,v10.15.3,200,1329,1567786606391,1567786607720,1DK3T8K3V
1567786606614,1567786607816,1202,1DK3MKMJ6,1567786151733,1EN5158,7500196,false,linux,v10.15.3,200,1343,1567786606490,1567786607833,1DK3PLD9O
1567786606970,1567786608102,1132,1DK3LU74L,1567786111837,1EN5140,7500530,false,linux,v10.15.3,200,1229,1567786606890,1567786608119,1DK3MFQ2S
1567786606671,1567786608119,1448,1DK3P5UR1,1567786052496,1EN5124,7500785,false,linux,v10.15.3,200,1545,1567786606590,1567786608135,1DK3Q1JPE
1567786606775,1567786608279,1504,1DK3R7L2S,1567786157744,1EN515E,7500229,false,linux,v10.15.3,200,1607,1567786606690,1567786608297,1DK3MROCB
1567786607079,1567786608293,1214,1DK3MKJ0P,1567786158860,1EN515F,7500611,false,linux,v10.15.3,200,1320,1567786606990,1567786608310,1DK3PH0GK
1567786606872,1567786608378,1506,1DK3T39VP,1567785992931,1EN5109,7500205,false,linux,v10.15.3,200,1606,1567786606790,1567786608396,1DK3S3PVU
1567786607203,1567786608551,1348,1DK3NRETT,1567785997830,1EN510E,7500730,false,linux,v10.15.3,200,1479,1567786607090,1567786608569,1DK3P0C7S
1567786607470,1567786608573,1103,1DK3UGBV0,1567785996359,1EN510C,7500180,false,linux,v10.15.3,200,1199,1567786607390,1567786608589,1DK3OQMKN
1567786607371,1567786608733,1362,1DK3QBKD8,1567785991717,1EN5108,7500643,false,linux,v10.15.3,200,1460,1567786607290,1567786608750,1DK3U5L6G
1567786607669,1567786608764,1095,1DK3PT953,1567786161900,1EN515I,7500076,false,linux,v10.15.3,200,1191,1567786607590,1567786608781,1DK3RP46O
1567786607273,1567786608957,1684,1DK3T5S38,1567786177399,1EN5161,7500685,false,linux,v10.15.3,200,1785,1567786607190,1567786608975,1DK3OBGOB
1567786607873,1567786609083,1210,1DK3MKMJ6,1567786151733,1EN5158,7500240,false,linux,v10.15.3,200,1310,1567786607790,1567786609100,1DK3S8CLH
1567786607989,1567786609123,1134,1DK3UKU01,1567785987928,1EN5104,7500016,false,linux,v10.15.3,200,1250,1567786607890,1567786609140,1DK3MFBHB
1567786607772,1567786609226,1454,1DK3O726F,1567786173065,1EN515T,7500203,true,linux,v10.15.3,200,1553,1567786607690,1567786609243,1DK3SSSQK
1567786607574,1567786609291,1717,1DK3O78EL,1567785995789,1EN510C,7500869,false,linux,v10.15.3,200,1819,1567786607490,1567786609309,1DK3PD6IB
1567786608269,1567786609347,1078,1DK3S9L3M,1567786051995,1EN5124,7500634,false,linux,v10.15.3,200,1174,1567786608190,1567786609364,1DK3T1UP6
1567786608094,1567786609507,1413,1DK3P9NJN,1567786155925,1EN515C,7500849,false,linux,v10.15.3,200,1536,1567786607990,1567786609526,1DK3PQ9NO
1567786608172,1567786609696,1524,1DK3M3A3G,1567786179459,1EN5163,7500618,false,linux,v10.15.3,200,1623,1567786608090,1567786609713,1DK3TLS9B
1567786608374,1567786609751,1377,1DK3P5UR1,1567786052496,1EN5124,7500482,false,linux,v10.15.3,200,1478,1567786608290,1567786609768,1DK3M50PJ
1567786608472,1567786609788,1316,1DK3RQMTH,1567786048721,1EN5121,7500009,false,linux,v10.15.3,200,1416,1567786608390,1567786609806,1DK3UDE25
1567786608770,1567786609902,1132,1DK3NLKK8,1567785993048,1EN5109,7500602,false,linux,v10.15.3,200,1228,1567786608690,1567786609918,1DK3OHGDA
1567786608571,1567786609985,1414,1DK3TH48V,1567786054495,1EN5126,7500784,false,linux,v10.15.3,200,1512,1567786608490,1567786610002,1DK3UH9UE
1567786608870,1567786610024,1154,1DK3M8V2A,1567786157224,1EN515D,7500631,true,linux,v10.15.3,200,1250,1567786608790,1567786610040,1DK3O1GAH
1567786608695,1567786610130,1435,1DK3R7NV0,1567786058302,1EN512A,7500958,false,linux,v10.15.3,200,1557,1567786608590,1567786610147,1DK3SD9R5
1567786608994,1567786610433,1439,1DK3MCNB5,1567786052144,1EN5124,7500027,false,linux,v10.15.3,200,1559,1567786608890,1567786610449,1DK3MPOTT
1567786609075,1567786610511,1436,1DK3OKG0C,1567786114506,1EN5143,7500286,false,linux,v10.15.3,200,1540,1567786608990,1567786610530,1DK3NQ9F8
1567786609172,1567786610603,1431,1DK3SB9VN,1567786172385,1EN515S,7500341,false,linux,v10.15.3,200,1530,1567786609090,1567786610620,1DK3V77JT
1567786609274,1567786610720,1446,1DK3M8DNT,1567785992624,1EN5109,7500481,false,linux,v10.15.3,200,1546,1567786609190,1567786610736,1DK3R3MFB
1567786609371,1567786610828,1457,1DK3O726F,1567786173065,1EN515T,7500487,false,linux,v10.15.3,200,1554,1567786609290,1567786610844,1DK3OQMG3
1567786609690,1567786610843,1153,1DK3NFHDK,1567786193401,1EN516H,7500354,false,linux,v10.15.3,200,1269,1567786609590,1567786610859,1DK3T57N7
1567786609473,1567786610926,1453,1DK3U497Q,1567785992202,1EN5108,7500617,false,linux,v10.15.3,200,1553,1567786609390,1567786610943,1DK3MTO99
1567786609592,1567786611092,1500,1DK3U6HPO,1567786126201,1EN514E,7500838,false,linux,v10.15.3,200,1619,1567786609490,1567786611109,1DK3NGDJE
1567786609977,1567786611100,1123,1DK3NLKK8,1567785993048,1EN5109,7500326,false,linux,v10.15.3,200,1227,1567786609890,1567786611117,1DK3RLOP5
1567786609768,1567786611166,1398,1DK3MKHRV,1567786161810,1EN515I,7500989,false,linux,v10.15.3,200,1492,1567786609690,1567786611182,1DK3UOSGS
1567786610172,1567786611331,1159,1DK3STIPI,1567785993705,1EN510A,7500348,false,linux,v10.15.3,200,1257,1567786610090,1567786611347,1DK3UMV9G
1567786609870,1567786611404,1534,1DK3S4KHO,1567785994018,1EN510A,7500409,false,linux,v10.15.3,200,1631,1567786609790,1567786611421,1DK3N4NRJ
1567786610370,1567786611455,1085,1DK3PT953,1567786161900,1EN515I,7500395,false,linux,v10.15.3,200,1181,1567786610290,1567786611471,1DK3LR6VU
1567786610104,1567786611543,1439,1DK3TS438,1567785986507,1EN5103,7500411,false,linux,v10.15.3,200,1571,1567786609990,1567786611561,1DK3OGM8U
1567786610568,1567786611649,1081,1DK3SVM5G,1567786049567,1EN5122,7500297,false,linux,v10.15.3,200,1176,1567786610490,1567786611666,1DK3QTB4H
1567786610285,1567786611702,1417,1DK3T39VP,1567785992931,1EN5109,7500879,false,linux,v10.15.3,200,1528,1567786610190,1567786611718,1DK3OCA8B
1567786610467,1567786611881,1414,1DK3SL60T,1567785992039,1EN5108,7500241,false,linux,v10.15.3,200,1508,1567786610390,1567786611898,1DK3MJ91V
1567786610771,1567786611941,1170,1DK3U0P3E,1567786054441,1EN5126,7500123,false,linux,v10.15.3,200,1267,1567786610690,1567786611957,1DK3T8IVS
1567786610667,1567786612021,1354,1DK3QB6CV,1567786112392,1EN5140,7500786,false,linux,v10.15.3,200,1447,1567786610591,1567786612038,1DK3OPTSH
1567786610900,1567786612053,1153,1DK3NFHDK,1567786193401,1EN516H,7500889,false,linux,v10.15.3,200,1280,1567786610790,1567786612070,1DK3RB0TC
1567786610971,1567786612405,1434,1DK3M8524,1567785991902,1EN5108,7500779,false,linux,v10.15.3,200,1532,1567786610890,1567786612422,1DK3PUCM8
1567786611072,1567786612496,1424,1DK3U497Q,1567785992202,1EN5108,7500505,false,linux,v10.15.3,200,1522,1567786610990,1567786612512,1DK3NTL9L
1567786611377,1567786612552,1175,1DK3Q1L96,1567785992638,1EN5109,7500533,false,linux,v10.15.3,200,1279,1567786611291,1567786612570,1DK3MUPVM
1567786611271,1567786612630,1359,1DK3P5UR1,1567786052496,1EN5124,7500624,false,linux,v10.15.3,200,1457,1567786611190,1567786612647,1DK3SQN5H
1567786611170,1567786612746,1576,1DK3RN341,1567786167177,1EN515N,7500237,false,linux,v10.15.3,200,1673,1567786611090,1567786612763,1DK3O9FUC
1567786611498,1567786612810,1312,1DK3N2BP4,1567786115910,1EN5144,7500728,false,linux,v10.15.3,200,1437,1567786611390,1567786612827,1DK3RMCHJ
1567786611689,1567786612833,1144,1DK3MQA5K,1567785988795,1EN5105,7500396,false,linux,v10.15.3,200,1261,1567786611590,1567786612851,1DK3UVEFF
1567786611598,1567786613048,1450,1DK3OGQKB,1567785992637,1EN5109,7500283,false,linux,v10.15.3,200,1576,1567786611490,1567786613066,1DK3MBHGA
1567786611871,1567786613279,1408,1DK3T39VP,1567785992931,1EN5109,7500739,true,linux,v10.15.3,200,1505,1567786611790,1567786613295,1DK3QJ40V
1567786611780,1567786613314,1534,1DK3Q7MLM,1567786156520,1EN515D,7500914,false,linux,v10.15.3,200,1641,1567786611690,1567786613331,1DK3Q2E9N
1567786611967,1567786613393,1426,1DK3SL60T,1567785992039,1EN5108,7500091,true,linux,v10.15.3,200,1519,1567786611891,1567786613410,1DK3P9H0J
1567786612170,1567786613413,1243,1DK3QKG8E,1567786111999,1EN5140,7500327,false,linux,v10.15.3,200,1340,1567786612090,1567786613430,1DK3ON2AC
1567786612080,1567786613489,1409,1DK3QB6CV,1567786112392,1EN5140,7500351,false,linux,v10.15.3,200,1521,1567786611990,1567786613511,1DK3SGDAP
1567786612371,1567786613525,1154,1DK3U5I4N,1567785991743,1EN5108,7500271,true,linux,v10.15.3,200,1252,1567786612290,1567786613542,1DK3U47K7
1567786612274,1567786613786,1512,1DK3QN5A5,1567786113203,1EN5141,7500068,false,linux,v10.15.3,200,1613,1567786612190,1567786613803,1DK3V7T3U
1567786612576,1567786613816,1240,1DK3QT0Q3,1567786158044,1EN515E,7500537,false,linux,v10.15.3,200,1346,1567786612490,1567786613836,1DK3T2NP6
1567786612472,1567786613911,1439,1DK3O726F,1567786173065,1EN515T,7500844,false,linux,v10.15.3,200,1538,1567786612390,1567786613928,1DK3UCH7M
1567786612771,1567786613954,1183,1DK3STIPI,1567785993705,1EN510A,7500048,false,linux,v10.15.3,200,1280,1567786612690,1567786613970,1DK3R9LCF
1567786612678,1567786614083,1405,1DK3R7NV0,1567786058302,1EN512A,7500909,false,linux,v10.15.3,200,1510,1567786612590,1567786614100,1DK3MJ39V
1567786613076,1567786614242,1166,1DK3S1KLE,1567786049189,1EN5121,7500764,false,linux,v10.15.3,200,1269,1567786612990,1567786614259,1DK3QOFBU
1567786612872,1567786614266,1394,1DK3QCEUE,1567786059388,1EN512B,7500914,false,linux,v10.15.3,200,1493,1567786612790,1567786614283,1DK3NUMUF
1567786613167,1567786614353,1186,1DK3LU74L,1567786111837,1EN5140,7500173,false,linux,v10.15.3,200,1280,1567786613090,1567786614370,1DK3S2J13
1567786613369,1567786614436,1067,1DK3SVM5G,1567786049567,1EN5122,7500217,true,linux,v10.15.3,200,1163,1567786613290,1567786614453,1DK3O2I2P
1567786612977,1567786614449,1472,1DK3ULO30,1567785992314,1EN5108,7500641,true,linux,v10.15.3,200,1602,1567786612890,1567786614492,1DK3P96T0
1567786613471,1567786614942,1471,1DK3TIL0I,1567786062627,1EN512F,7500167,false,linux,v10.15.3,200,1570,1567786613390,1567786614960,1DK3ULM54
1567786613772,1567786614959,1187,1DK3UIG9Q,1567786201347,1EN516P,7500440,false,linux,v10.15.3,200,1288,1567786613690,1567786614978,1DK3RLDIA
1567786613277,1567786614985,1708,1DK3TET0U,1567785992247,1EN5108,7500235,false,linux,v10.15.3,200,1811,1567786613190,1567786615001,1DK3UMJ5E
1567786613669,1567786615034,1365,1DK3PRE3G,1567786111437,1EN513V,7500413,true,linux,v10.15.3,200,1460,1567786613590,1567786615050,1DK3OJ9I3
1567786613589,1567786615037,1448,1DK3PD273,1567785991694,1EN5108,7500299,false,linux,v10.15.3,200,1563,1567786613490,1567786615053,1DK3NURNR